customer,revenue,orders
12346,77556.46,12
12347,4921.53,8
12348,2019.3999999999999,5
12349,4428.69,4
12350,334.4,1
12351,300.93,1
12352,2849.84,10
12353,406.76,2
12354,1079.4,1
12355,947.61,2
12356,6371.7300000000005,6
12357,18287.66,3
12358,3887.07,5
12359,8873.39,10
12360,4252.889999999999,8
12361,511.25,4
12362,5356.23,11
12363,552.0,2
12364,1313.1,4
12365,641.38,2
12366,500.24,1
12367,168.9,1
12368,917.6999999999999,1
12369,1791.1499999999999,3
12370,4316.5599999999995,7
12371,4067.38,5
12372,1298.04,3
12373,1127.65,3
12374,2989.2200000000003,4
12375,457.5,2
12376,503.15,2
12377,3426.32,4
12378,5416.32,2
12379,1620.22,4
12380,9676.300000000001,11
12381,1845.31,5
12383,1850.56,5
12384,585.27,2
12385,1938.4,1
12386,401.9,2
12387,143.94,1
12388,3901.11,8
12389,1433.33,3
12390,549.84,1
12391,2724.84,6
12392,234.75000000000003,1
12393,2399.45,6
12394,1272.48,2
12395,4721.17,15
12396,931.43,1
12397,2409.8999999999996,2
12398,1635.6599999999999,1
12399,1962.3000000000002,7
12400,205.25,1
12401,84.3,1
12402,1256.9,6
12403,1019.3600000000001,2
12404,63.24,1
12405,1710.39,1
12406,6390.360000000001,5
12407,1708.12,5
12408,4340.7699999999995,8
12409,23419.29,7
12410,1013.7099999999999,3
12411,346.9,1
12412,2596.93,6
12413,999.45,4
12414,952.41,6
12415,144458.37,28
12416,202.56,1
12417,6797.41,20
12418,2021.2,4
12419,503.01,2
12420,600.39,1
12421,1098.6,6
12422,5231.8,17
12423,2622.39,10
12424,3340.03,4
12425,1741.41,2
12426,1345.21,2
12427,825.8,3
12428,7956.46,9
12429,6204.41,8
12430,256.4,1
12431,10432.22,27
12432,5059.32,5
12433,16794.14,10
12434,1103.43,3
12435,13925.93,6
12436,509.01,1
12437,12683.4,39
12438,2906.85,2
12439,1142.88,2
12440,859.2,2
12441,173.55,1
12442,172.06,1
12443,485.31,1
12444,5005.46,5
12445,434.98,2
12446,1002.3100000000001,1
12447,476.49,1
12448,449.45,1
12449,4835.89,6
12450,688.2,5
12451,12669.88,8
12452,430.57,2
12453,707.09,1
12454,16679.78,5
12455,5879.95,10
12456,3181.04,3
12457,2995.91,8
12458,1777.49,4
12459,454.36,1
12460,326.65,1
12461,826.88,2
12462,1189.5900000000001,2
12463,1344.78,4
12464,1212.05,8
12465,742.19,2
12466,56.73,1
12467,132.8,1
12468,3670.74,5
12469,3070.54,2
12470,211.95,1
12471,39918.19,79
12472,16249.29,19
12473,3928.05,5
12474,12372.75,31
12475,1149.6399999999999,2
12476,14083.91,23
12477,20276.37,9
12478,680.99,1
12479,527.2,1
12480,5464.85,7
12481,12185.51,15
12482,23691.4,29
12483,5097.18,19
12484,6354.1,12
12485,708.1,1
12486,1037.28,1
12487,285.29999999999995,1
12488,1298.66,3
12489,334.93,1
12490,9823.64,21
12491,460.40000000000003,1
12492,715.21,3
12493,433.74,2
12494,1815.27,9
12495,357.4,1
12496,45.34,2
12497,6248.5,3
12498,403.7,3
12499,393.72,1
12500,5955.21,19
12501,2169.39,1
12502,3723.87,5
12503,1126.0,1
12504,779.05,4
12505,955.2,1
12506,73.5,1
12507,1844.06,4
12508,397.88,2
12509,176.5,1
12510,5178.02,9
12511,3084.02,1
12512,132.18,2
12513,612.29,1
12514,1597.76,2
12515,383.7,1
12516,2648.62,4
12517,2481.6,5
12518,2056.89,5
12519,716.54,2
12520,2634.26,5
12521,599.68,1
12522,192.72,2
12523,4352.35,23
12524,11126.11,17
12525,973.73,3
12526,1316.6599999999999,3
12527,735.51,5
12528,1933.48,6
12529,316.48,1
12530,3759.26,9
12531,1933.2,2
12532,349.83000000000004,1
12533,1367.8899999999999,2
12534,1089.18,1
12535,716.3499999999999,2
12536,12601.830000000002,3
12537,732.94,1
12538,640.45,2
12539,11214.75,7
12540,22254.489999999998,33
12541,981.18,3
12542,481.88,2
12543,980.25,1
12544,372.7,1
12545,1000.39,2
12546,1161.5,2
12547,383.58,3
12548,95.19999999999999,1
12549,1575.68,6
12550,964.83,1
12551,168.0,1
12552,437.82,2
12553,4608.75,12
12554,468.5,1
12555,129.23,1
12556,599.56,2
12557,18096.14,8
12558,269.96,1
12559,561.71,2
12560,2134.01,3
12561,238.85,1
12562,4966.92,9
12563,249.24,1
12564,456.9,1
12565,145.92,1
12566,351.65,1
12567,11767.48,15
12568,70.0,1
12569,4124.6900000000005,32
12570,77.52,1
12571,519.61,2
12572,1020.4200000000001,2
12573,717.4100000000001,5
12574,218.45,1
12575,622.8199999999999,2
12576,2142.72,8
12577,1617.1,8
12578,4642.45,4
12579,440.42,1
12580,1052.9,2
12581,197.71,1
12582,1980.4,4
12583,13591.58,27
12584,2338.15,9
12585,2040.1,2
12586,2062.67,4
12587,144.0,1
12588,958.78,4
12589,4695.66,8
12590,9864.26,2
12591,1338.95,3
12592,2582.66,5
12593,418.1,3
12594,5090.110000000001,15
12595,299.02,1
12596,618.27,2
12597,3811.22,4
12598,4534.09,11
12599,2296.7200000000003,13
12600,4967.42,21
12601,681.26,6
12602,153.12,1
12603,739.1999999999999,1
12604,254.18,2
12605,1232.95,4
12606,21.0,1
12607,1579.51,1
12608,415.79,1
12609,3435.86,9
12610,2099.54,5
12611,1193.32,1
12612,704.0400000000001,1
12613,6817.370000000001,10
12614,315.6,1
12615,5740.9800000000005,8
12616,1131.1,3
12617,352.98,1
12618,177.31,1
12619,3781.38,10
12620,1339.4099999999999,3
12621,24311.2,35
12622,180.1,1
12623,3747.84,7
12624,641.13,2
12625,5164.88,4
12626,6620.48,9
12627,4478.53,7
12628,786.46,3
12629,1558.22,2
12630,1270.88,2
12631,3481.5699999999997,6
12632,804.88,2
12633,5678.16,7
12634,490.0,2
12635,2930.41,4
12636,141.0,1
12637,8283.81,12
12638,921.49,2
12639,1312.37,3
12640,1174.5800000000002,3
12641,185.9,1
12642,1013.26,3
12643,8304.82,12
12644,1918.4900000000002,4
12645,3539.3,8
12646,1346.9699999999998,2
12647,16955.55,36
12648,1112.0,4
12649,2294.65,8
12650,314.44,1
12651,377.75,4
12652,1017.03,2
12653,4160.83,3
12654,601.98,5
12655,261.35,1
12656,6407.83,8
12657,1643.18,4
12658,686.05,1
12659,91.68,1
12660,245.1,1
12661,162.0,1
12662,6726.54,20
12663,239.4,2
12664,6070.04,11
12665,313.6,3
12666,1248.42,1
12667,620.13,1
12668,11383.03,10
12669,2744.0299999999997,3
12670,3760.29,7
12671,2622.481,1
12672,437.04999999999995,2
12673,1230.02,3
12674,1970.6,4
12675,957.25,2
12676,2843.09,11
12677,395.1,2
12678,34281.18,21
12679,1113.02,4
12680,880.81,4
12681,29834.76,45
12682,22950.22,52
12683,11633.7,21
12684,2283.63,7
12685,2863.08,6
12686,89.14,1
12687,2138.91,2
12688,4873.8099999999995,1
12689,1247.61,2
12690,389.01,1
12691,1170.4,7
12692,110.95,1
12693,1703.02,7
12694,1843.35,3
12695,1407.12,7
12696,851.91,2
12697,957.5899999999999,3
12698,339.75,1
12699,638.11,1
12700,4939.99,4
12701,2446.41,6
12702,219.0,1
12703,1006.53,4
12704,2340.84,8
12705,11762.1,14
12707,603.42,1
12708,5117.66,18
12709,30291.76,34
12710,1149.02,3
12711,1339.05,2
12712,6723.03,21
12713,848.55,1
12714,14093.710000000001,12
12715,343.36,1
12716,1053.49,2
12717,1308.91,3
12718,238.25,1
12719,644.95,2
12720,7787.28,30
12721,4013.08,8
12722,997.63,4
12723,725.0699999999999,5
12724,2317.52,7
12725,2266.7599999999998,4
12726,4014.6000000000004,11
12727,5679.53,10
12728,1070.17,5
12729,453.01,1
12730,829.25,1
12731,25775.71,17
12732,236.26000000000002,1
12733,2424.87,4
12734,639.6500000000001,3
12735,779.5699999999999,2
12736,234.0,1
12737,3710.5,2
12738,155.35,1
12739,2726.73,4
12740,427.6,1
12741,406.07,2
12742,1201.52,1
12743,540.13,2
12744,25317.059999999998,11
12745,925.41,3
12746,254.55,1
12747,8898.48,26
12748,53539.64,336
12749,6897.360000000001,9
12750,275.88,1
12751,268.27,1
12752,4366.78,1
12753,21429.39,6
12754,3010.74,3
12755,5236.259999999999,11
12756,112.07999999999998,1
12757,7834.650000000001,13
12758,9903.24,7
12759,5020.74,8
12760,347.8,1
12761,782.95,2
12762,1898.52,2
12763,494.08,2
12764,1693.88,1
12765,1404.58,6
12766,8918.99,9
12767,949.82,1
12768,168.69000000000003,1
12769,1143.6,1
12770,3246.45,2
12771,282.3,1
12772,892.47,1
12773,124.25,1
12774,98.7,1
12775,1686.1200000000001,7
12776,55.5,1
12777,519.45,1
12778,1775.68,9
12779,6474.11,14
12780,337.4,1
12781,826.74,2
12782,4618.24,11
12783,2225.91,6
12784,1763.1499999999999,3
12785,1100.4,3
12786,728.5,1
12787,862.18,4
12788,444.9,4
12789,273.35,3
12790,591.85,2
12791,863.51,6
12792,827.01,2
12793,885.53,3
12794,860.41,2
12795,430.48,1
12796,381.0,1
12797,552.08,2
12798,8510.93,4
12799,219.35,1
12800,584.25,3
12801,1071.82,1
12802,2416.42,7
12803,1092.81,1
12804,325.37,2
12805,1434.95,4
12806,2878.96,4
12807,330.35,1
12808,776.7,5
12809,1755.94,3
12810,534.99,2
12811,1033.9,5
12812,229.64000000000001,1
12813,1687.8000000000002,3
12814,125.92,1
12815,1063.46,2
12816,572.2,2
12817,690.98,3
12818,1542.08,1
12819,540.52,1
12820,2689.52,11
12821,220.79999999999998,2
12822,948.88,2
12823,6501.5,18
12824,397.12,1
12825,518.63,2
12826,2800.75,12
12827,430.15,3
12828,1018.71,6
12829,385.3,3
12830,6814.64,6
12831,451.11,3
12832,383.03000000000003,2
12833,417.38,1
12834,312.38,1
12835,5996.83,41
12836,6559.7300000000005,15
12837,662.6600000000001,2
12838,2975.9100000000003,10
12839,9669.12,26
12840,4041.97,7
12841,6958.2,40
12842,1917.99,4
12843,6583.36,30
12844,648.6,4
12845,354.09,4
12846,15.58,1
12847,1609.0,2
12848,208.0,1
12849,3042.47,6
12850,330.0,1
12851,280.76,2
12852,311.55,1
12853,3907.5,11
12854,2970.9700000000003,7
12855,612.84,4
12856,2170.78,6
12857,3688.0,6
12858,147.27,1
12859,575.1,1
12860,54.22,1
12861,68.25,1
12862,984.62,2
12863,2792.55,6
12864,299.57,2
12865,3323.4700000000003,4
12866,1227.35,3
12867,7829.26,13
12868,2043.7600000000002,8
12869,337.66999999999996,1
12870,1676.95,3
12871,744.02,3
12872,3283.96,12
12873,2027.3000000000002,3
12874,948.42,2
12875,1356.99,5
12876,4081.79,4
12877,2942.1400000000003,20
12878,854.99,2
12879,573.22,3
12880,640.13,2
12881,298.0,1
12882,1463.04,2
12883,703.47,4
12884,309.05,1
12885,1175.22,3
12886,1378.4,2
12887,222.4,1
12888,354.12,2
12889,385.46000000000004,4
12890,706.02,2
12891,840.5,11
12892,263.38,1
12893,176.55,1
12894,157.35,1
12895,372.8,2
12897,514.25,4
12898,296.21000000000004,2
12899,366.4,1
12900,340.33,1
12901,17654.54,28
12902,138.68,1
12903,833.53,1
12904,496.06,2
12905,1018.42,2
12906,2919.81,5
12907,508.90999999999997,2
12908,1776.0,5
12909,3103.19,8
12910,5796.52,13
12911,1651.72,1
12912,1662.3,5
12913,6283.240000000001,13
12914,223.98,1
12915,975.1,4
12916,4479.73,7
12917,4359.2,6
12918,10953.5,1
12919,1335.19,6
12920,486.64,4
12921,35233.24,74
12922,405.38,1
12923,770.42,3
12924,2469.4,12
12925,729.3299999999999,3
12926,1523.97,4
12927,197.31,1
12928,4304.89,12
12929,117.85,1
12930,415.8,2
12931,92347.34,57
12932,1698.56,8
12933,1636.63,8
12934,181.65,1
12935,4243.86,15
12936,1063.9,4
12937,3097.61,9
12938,114.14,1
12939,25264.8,20
12940,899.6899999999999,2
12941,377.49,1
12942,675.6,3
12943,496.5,2
12944,604.51,2
12945,900.11,2
12946,324.45,1
12947,1603.99,6
12948,2317.4300000000003,9
12949,15526.699999999999,22
12950,1843.0,3
12951,3213.7200000000003,15
12952,1387.79,4
12953,828.8100000000001,2
12954,162.45,1
12955,4757.16,11
12956,521.89,4
12957,8706.97,13
12958,467.34,2
12959,150.95,1
12960,1322.0700000000002,4
12961,211.99,1
12962,266.39000000000004,2
12963,3235.79,12
12964,132.24,1
12965,769.8100000000001,1
12966,160.18,1
12967,2938.5200000000004,3
12968,135.95,1
12969,122.45,1
12970,1453.6,10
12971,15704.6,116
12972,1161.2,4
12973,385.55,1
12974,408.95,2
12975,2100.09,6
12976,3156.38,8
12977,513.88,4
12978,2502.82,5
12979,517.7,1
12980,16245.78,21
12981,372.22,2
12982,2744.81,8
12983,490.08000000000004,1
12984,97.5,1
12985,1239.38,2
12986,2729.84,10
12987,1312.21,5
12988,505.82,1
12989,13551.75,33
12990,955.5,7
12991,764.8199999999999,3
12992,93.35000000000001,1
12993,1259.6299999999999,8
12994,974.4200000000001,3
12995,211.32,1
12996,355.5,1
12997,2110.91,8
12998,920.08,3
12999,455.88,3
13000,1032.5,4
13001,24042.65,33
13002,414.13,3
13003,149.05,3
13004,11650.85,36
13005,999.6800000000001,4
13006,81.57,1
13007,175.25,1
13008,612.13,3
13009,234.0,1
13010,330.12,2
13011,50.550000000000004,1
13012,2957.83,11
13013,11097.43,29
13014,5381.08,11
13015,6579.78,11
13016,789.89,3
13017,204.0,1
13018,9763.16,35
13019,1229.95,6
13020,618.96,2
13021,4887.24,17
13022,65.3,1
13023,1449.03,3
13024,555.87,2
13025,323.39,1
13026,1733.0800000000002,9
13027,17239.2,19
13028,661.3199999999999,2
13029,1927.3,5
13030,752.44,2
13031,3292.84,5
13032,2815.96,9
13033,220.55,2
13034,756.8199999999999,3
13035,1364.2,3
13036,307.1,1
13037,3914.9500000000003,12
13038,908.46,3
13039,1010.73,4
13040,676.99,2
13041,799.13,4
13042,1488.59,3
13043,516.42,1
13044,4848.05,11
13045,808.9200000000001,3
13046,949.25,3
13047,8428.53,24
13048,4049.13,9
13049,1408.24,4
13050,11986.52,35
13051,155.8,2
13052,3119.33,7
13053,127.65,1
13055,2321.11,4
13056,209.48,1
13057,709.59,3
13058,271.4,3
13059,2291.77,10
13060,307.53,1
13061,248.61,1
13062,346.98,1
13063,188.4,1
13064,1666.8400000000001,6
13065,1055.0500000000002,5
13066,470.8,2
13067,508.51,3
13068,344.0,2
13069,9284.45,38
13070,751.7,4
13071,129.22,1
13072,177.15,1
13073,418.08,2
13074,1378.74,4
13075,919.61,1
13076,135.4,1
13077,2740.65,11
13078,29018.06,57
13079,419.18,6
13080,280.73,4
13081,56838.37,28
13082,7335.75,21
13083,395.43,3
13084,122.39999999999999,1
13085,2433.2799999999997,8
13086,439.33000000000004,1
13087,313.64,1
13088,236.11,1
13089,113416.91,203
13090,13091.74,24
13091,2321.82,3
13092,2140.28,12
13093,54144.25,55
13094,2209.44,13
13095,74.39999999999999,1
13096,419.70000000000005,1
13097,13324.1,28
13098,28882.44,28
13099,207.35999999999999,1
13101,695.4,4
13102,11380.1,37
13103,709.6400000000001,3
13104,1709.1,9
13105,72.0,1
13106,603.46,2
13107,5253.07,9
13108,748.46,2
13109,1134.03,3
13110,2957.4700000000003,12
13111,321.88000000000005,1
13112,20.6,1
13113,18230.07,37
13114,234.38,1
13115,5494.7,10
13116,501.14,1
13117,2255.66,18
13118,2415.41,9
13119,134.9,1
13120,30.599999999999998,1
13121,283.73,1
13122,922.39,2
13123,506.75,2
13124,4641.66,4
13125,148.62,1
13126,3774.81,13
13127,259.17,1
13128,263.5,1
13129,233.25,2
13130,64.0,1
13131,3313.77,7
13132,77.3,1
13133,200.45000000000002,3
13134,2475.23,6
13135,3371.45,2
13136,6274.56,13
13137,7586.9400000000005,16
13138,1274.01,7
13139,8202.98,8
13140,1054.9199999999998,5
13141,7656.08,17
13142,307.09,1
13143,405.1,1
13144,135.35,2
13145,1128.52,7
13146,228.91,1
13147,712.8000000000001,4
13148,8497.82,26
13149,1676.06,4
13150,449.96999999999997,3
13151,2465.21,3
13152,2146.38,7
13153,486.22,1
13154,1624.8400000000001,3
13155,1370.48,6
13156,1586.54,3
13157,5687.36,9
13158,1508.18,5
13159,1429.35,4
13160,91.8,1
13161,472.13,2
13162,9275.49,16
13163,17.65,1
13164,372.20000000000005,2
13165,1451.16,3
13166,875.9300000000001,2
13167,1125.15,5
13168,1840.73,5
13169,840.0799999999999,3
13170,108.81,1
13171,468.40999999999997,3
13172,69.6,1
13173,2399.82,11
13174,7995.36,12
13175,831.4499999999999,2
13176,481.49,1
13177,512.2,2
13178,14059.19,21
13179,572.3100000000001,1
13180,86.10000000000001,1
13181,359.69,1
13182,121.18,1
13183,7036.18,15
13184,1668.95,10
13185,71.4,1
13186,1575.89,3
13187,341.36,4
13188,114.60000000000001,1
13189,260.68,2
13190,570.66,3
13191,164.69,1
13192,2558.58,6
13193,112.08,1
13194,472.78,2
13195,136.73,1
13196,3068.84,7
13197,373.01000000000005,1
13198,4974.23,8
13199,15964.21,67
13200,870.09,4
13201,1233.06,4
13202,1580.3000000000002,7
13203,2648.25,10
13204,966.6600000000001,1
13205,2803.2,1
13206,8308.19,13
13207,535.86,4
13208,1976.3,9
13209,8509.51,13
13210,353.48,1
13211,2618.77,10
13212,786.83,3
13213,3851.5200000000004,11
13214,3264.23,7
13215,81.6,1
13216,333.74,1
13217,666.48,4
13218,62.63999999999999,1
13219,76.23,1
13220,1336.09,5
13221,847.4100000000001,2
13222,88.5,1
13223,969.1200000000001,6
13224,2155.95,2
13225,16260.070000000002,16
13226,312.46000000000004,2
13227,257.7,1
13228,358.0,1
13229,160.95,1
13230,6120.01,30
13232,1328.35,7
13233,1176.46,4
13234,346.5,2
13235,1031.07,1
13236,744.85,2
13237,643.0,1
13238,1006.63,6
13239,1594.69,5
13240,1475.79,8
13241,112.53,1
13242,699.4,7
13243,1220.38,5
13244,121.74000000000001,1
13245,989.22,2
13246,3351.75,11
13247,501.12,4
13248,465.67999999999995,2
13249,1608.93,9
13250,253.09,2
13251,252.68,1
13252,399.29999999999995,2
13253,2951.11,4
13254,51.410000000000004,1
13255,678.76,3
13257,149.75,1
13258,1009.43,5
13259,1402.54,9
13260,557.62,1
13261,944.1,2
13262,573.45,3
13263,8676.2,39
13264,722.5600000000001,1
13265,2092.6600000000003,5
13266,6135.04,19
13267,9429.81,36
13268,3174.75,11
13269,8537.32,28
13270,590.0,1
13271,211.49,1
13272,276.56,2
13273,138.98,1
13274,360.85,1
13275,238.86,2
13276,1891.91,5
13277,523.3,7
13278,1435.85,4
13279,137.75,1
13280,2293.33,7
13281,350.85,1
13282,1313.19,4
13283,373.36,4
13284,201.19,1
13285,3364.59,6
13286,734.91,1
13287,781.59,3
13288,927.61,5
13289,307.95,1
13290,208.63,1
13291,3270.79,11
13292,994.51,5
13293,1192.94,6
13294,1689.53,3
13295,1101.97,4
13296,792.51,6
13297,4368.62,7
13298,360.0,1
13299,1218.7,3
13300,1285.51,3
13301,618.09,4
13302,159.2,2
13303,61.72,1
13304,1217.99,4
13305,3616.41,16
13306,53.65,1
13307,273.34000000000003,3
13308,1670.3700000000001,4
13309,1706.37,6
13310,1541.2,5
13311,598.57,2
13312,124.75,1
13313,3445.32,12
13314,775.94,3
13315,310.26,1
13316,12940.82,10
13317,6486.091,19
13318,640.76,3
13319,21323.22,58
13320,2211.6,6
13321,567.36,2
13322,199.48000000000002,1
13323,787.85,5
13324,10513.47,18
13325,675.3,1
13326,281.76,1
13327,9134.48,20
13328,1308.48,1
13329,4808.77,8
13330,2796.1,6
13331,262.4,1
13332,350.9,1
13333,1015.7400000000001,3
13334,6201.8,5
13336,795.12,1
13337,1575.26,1
13338,2445.62,4
13339,860.12,1
13340,22100.56,12
13341,775.85,1
13343,353.43,1
13344,2511.69,3
13345,389.5,1
13346,299.4,6
13347,341.36,1
13348,233.76,1
13349,247.32,1
13350,979.1200000000001,2
13351,373.94,1
13352,397.97999999999996,1
13354,743.53,1
13355,674.7,1
13356,768.24,1
13357,3805.51,5
13358,439.03,1
13359,1043.31,2
13360,1553.65,4
13361,1450.5,2
13362,5394.07,7
13363,1723.8600000000001,3
13364,134.95999999999998,1
13365,2225.37,2
13366,56.160000000000004,1
13367,510.20000000000005,1
13368,1121.5,4
13369,308.28000000000003,1
13370,754.87,1
13371,2297.66,2
13372,378.64,1
13373,7587.1900000000005,6
13374,422.8,2
13375,1792.23,2
13376,1019.76,3
13377,1552.88,2
13379,572.56,3
13380,62.4,1
13381,8224.369999999999,12
13382,1387.58,5
13383,305.28000000000003,1
13384,6680.83,11
13385,534.57,1
13386,835.46,2
13387,186.94,1
13388,1185.6499999999999,3
13389,797.96,3
13390,544.08,1
13391,59.8,1
13392,91.14,1
13393,1131.45,4
13394,6621.7,19
13395,1180.23,3
13396,1360.99,2
13397,3191.87,10
13398,670.3399999999999,2
13399,275.4,3
13400,310.83,1
13402,1226.85,4
13403,229.5,3
13404,252.49,2
13405,1213.8110000000001,6
13406,568.92,2
13407,2244.7,3
13408,50174.782,106
13410,2201.96,9
13411,213.55,1
13412,487.34999999999997,1
13413,429.44000000000005,6
13414,2494.14,6
13415,784.1700000000001,4
13416,940.8,3
13417,1669.49,6
13418,11559.66,31
13419,221.06,1
13420,159.85,2
13421,4058.75,8
13422,2626.3,1
13423,217.03,1
13424,572.77,1
13425,3390.4300000000003,5
13426,8167.38,22
13427,1006.53,6
13428,478.53999999999996,3
13429,1006.8000000000001,4
13430,679.45,2
13431,3316.24,8
13432,439.1,2
13433,658.3199999999999,4
13434,1666.8600000000001,5
13435,4447.33,9
13436,196.89,1
13437,3408.06,7
13438,46.5,1
13439,986.61,3
13440,1295.25,7
13441,720.9,2
13442,419.87,3
13443,1273.1599999999999,6
13444,619.08,2
13445,241.89999999999998,1
13446,3881.8900000000003,11
13447,1129.14,3
13448,8745.93,13
13449,291.88,1
13450,4120.04,13
13451,7090.06,11
13452,729.8,3
13453,781.6899999999999,3
13454,219.87,1
13455,2212.9900000000002,6
13456,1766.72,6
13457,148.22,2
13458,11959.27,16
13459,1160.4099999999999,2
13460,183.44,2
13461,4160.0,6
13462,1153.85,5
13464,3097.64,6
13465,931.12,2
13466,1013.3499999999999,5
13467,1071.9099999999999,2
13468,12793.28,72
13469,82.4,1
13470,165.0,2
13471,2501.84,4
13472,592.24,2
13473,2657.7599999999998,8
13474,646.59,3
13475,1431.78,4
13476,2061.4700000000003,5
13477,2819.17,11
13478,2215.78,5
13479,851.37,4
13480,627.8199999999999,2
13481,3830.84,11
13482,336.09,2
13483,140.34,1
13484,790.72,3
13485,3019.2200000000003,11
13486,1122.4099999999999,3
13487,846.87,5
13488,14205.960000000001,23
13489,449.52,4
13490,154.25,1
13491,4467.66,27
13492,1269.8400000000001,3
13493,618.63,2
13494,316.26000000000005,1
13495,4863.31,10
13496,653.3299999999999,2
13497,1166.83,6
13498,327.38,1
13499,1159.1100000000001,5
13500,1466.3,4
13501,2885.1099999999997,3
13502,780.5,5
13503,1859.24,6
13504,295.93,1
13505,4393.63,4
13506,1338.08,5
13507,2479.16,4
13508,287.04999999999995,2
13509,1114.72,8
13510,4558.29,11
13511,282.76,1
13512,713.39,4
13513,824.59,3
13514,815.9000000000001,4
13515,1265.8200000000002,6
13516,1685.26,4
13517,2128.42,3
13518,627.16,1
13519,343.21000000000004,2
13520,6606.0,11
13521,1071.73,3
13522,125.80000000000001,1
13523,4534.57,6
13524,680.1800000000001,5
13525,628.78,2
13526,1182.0,2
13527,4541.29,12
13529,307.76,2
13530,402.97999999999996,1
13531,1433.07,6
13532,210.31,1
13533,269.09,3
13534,7720.9,35
13535,89.5,1
13536,3444.3900000000003,7
13537,717.85,2
13538,3103.13,12
13539,1569.3600000000001,7
13540,632.39,3
13541,785.25,2
13542,3959.4900000000002,17
13543,1439.6100000000001,2
13544,790.2,6
13545,364.93,2
13546,1086.24,5
13547,167.08,1
13548,901.4399999999999,3
13549,1005.8,8
13550,342.55,1
13551,244.2,2
13552,6948.92,22
13553,499.6,1
13554,1629.35,7
13555,8891.84,13
13556,200.82,2
13557,3032.26,13
13558,594.52,4
13559,990.0,2
13560,171.42000000000002,1
13561,1803.4,11
13562,4838.18,8
13563,777.53,2
13564,16498.97,37
13565,414.79999999999995,3
13566,1688.6,5
13567,1079.29,4
13568,187.05,1
13569,726.54,4
13570,239.49,1
13571,4537.26,26
13572,1384.25,1
13573,904.52,6
13574,404.45,1
13575,732.0699999999999,5
13576,11202.59,28
13577,3489.28,11
13578,147.66,1
13579,1374.3400000000001,5
13580,107.75,1
13581,280.53,2
13582,241.68,2
13583,1445.031,2
13584,385.70000000000005,3
13585,684.54,3
13586,127.28,1
13587,1673.5,4
13588,2478.95,9
13589,1120.74,6
13590,6336.04,18
13591,2093.94,7
13592,247.95999999999998,4
13593,5493.29,14
13594,533.32,2
13595,784.48,3
13596,664.11,2
13597,396.71,2
13598,761.9599999999999,5
13599,9811.04,33
13600,518.42,2
13601,1159.99,4
13602,1025.17,4
13603,164.34,1
13604,717.62,1
13605,522.6700000000001,2
13606,276.74999999999994,3
13607,1075.81,2
13608,232.05,1
13609,167.35,1
13610,2103.71,14
13611,3297.9300000000003,10
13612,818.29,1
13613,1039.85,5
13614,2332.74,6
13615,6272.53,8
13616,283.85,2
13617,1278.75,8
13618,177.34,1
13619,224.94,2
13620,112.34,1
13621,213.85,1
13622,658.95,1
13623,2533.06,10
13624,462.08,1
13625,301.26,1
13626,707.04,2
13627,2245.9,7
13628,310.14,1
13629,13370.86,19
13630,2031.78,7
13631,3070.42,11
13632,3645.81,8
13634,5033.77,16
13635,2999.16,4
13636,949.12,5
13637,804.3,3
13638,122.64,1
13639,1346.27,2
13640,405.0,1
13641,1016.47,5
13642,472.19999999999993,4
13643,2156.77,10
13644,2624.26,4
13645,252.1,1
13646,326.25,2
13647,3041.6800000000003,8
13648,1764.02,8
13649,1453.68,6
13650,3288.0,10
13651,226.85000000000002,3
13652,2262.05,5
13653,152.2,1
13654,6308.0,11
13655,2280.51,6
13656,1078.85,4
13657,382.14,2
13658,6025.5,9
13659,4884.68,12
13660,306.64,1
13661,325.24,1
13662,2233.61,11
13663,2047.51,5
13665,1711.6599999999999,3
13666,127.9,5
13667,299.05,1
13668,12948.48,35
13669,413.54999999999995,3
13670,349.7,1
13671,172.6,1
13672,419.9200000000001,3
13673,387.44,2
13674,240.68,1
13675,486.82000000000005,2
13676,243.90000000000003,2
13677,551.24,2
13678,232.6,1
13679,281.26,3
13680,11419.67,12
13681,827.83,4
13682,59.5,1
13683,258.6,1
13684,594.88,4
13685,3119.44,7
13686,409.04,3
13687,11880.84,1
13688,375.5,1
13689,1259.5,2
13690,172.25,1
13691,212.78,1
13692,3114.4,5
13693,2011.8200000000002,9
13694,195640.69,143
13695,2770.73,16
13696,2020.4,3
13697,151.29999999999998,1
13698,451.73,2
13699,764.1500000000001,2
13700,2596.9700000000003,13
13701,161.0,1
13702,135.18,1
13703,425.56,2
13704,2308.06,9
13705,1717.19,7
13706,631.1700000000001,2
13707,3365.8599999999997,5
13708,285.33,1
13709,7571.35,18
13710,509.52,3
13711,1792.26,9
13712,766.4200000000001,2
13713,740.76,3
13714,161.35,1
13715,8153.04,17
13716,138.28,1
13717,1763.3,8
13718,306.55,2
13719,2783.08,11
13720,799.9,4
13721,741.54,2
13722,5635.41,10
13723,1194.08,6
13724,213.01,1
13725,1980.56,8
13726,1079.66,2
13727,1074.15,8
13728,2855.17,16
13729,724.73,3
13730,752.5999999999999,2
13731,610.59,2
13732,491.86,1
13733,487.03000000000003,2
13734,6695.6900000000005,4
13735,9762.77,13
13736,2752.4700000000003,7
13737,339.59999999999997,1
13738,434.78000000000003,1
13739,292.2,2
13740,1582.77,5
13741,668.4300000000001,3
13742,3107.87,12
13743,1341.6,7
13744,1080.52,2
13745,777.36,2
13746,176.69,1
13747,169.79999999999998,2
13748,2064.35,9
13750,3602.1800000000003,11
13751,296.25,1
13752,1579.8300000000002,7
13753,2094.57,4
13754,447.05,3
13755,2108.06,9
13756,8655.95,23
13757,195.55,1
13758,8698.13,15
13759,659.4100000000001,2
13760,1363.6399999999999,5
13761,1952.17,6
13762,2472.48,5
13763,5217.4400000000005,3
13764,2919.62,6
13765,352.821,1
13766,190.35,1
13767,33903.57,73
13768,875.97,2
13769,5478.12,20
13770,785.37,4
13771,5728.82,9
13772,3100.02,8
13773,301.54,2
13774,345.0,1
13775,1049.66,1
13776,623.98,2
13777,49638.26,61
13778,1124.49,4
13779,161.13,1
13780,732.07,3
13781,778.83,3
13782,1786.08,13
13783,1542.09,4
13784,2910.23,14
13785,542.49,4
13786,3127.99,6
13787,1222.5,6
13788,3.75,1
13789,239.45999999999998,1
13790,348.8,1
13791,1516.0,2
13792,383.95000000000005,3
13793,96.0,1
13794,126.03,1
13795,836.3,4
13796,289.7,1
13797,1179.45,3
13798,75428.87,110
13799,2803.57,9
13800,1679.56,3
13801,324.8,1
13802,26259.11,19
13803,1338.9099999999999,3
13804,3161.12,9
13805,924.6,2
13806,256.38,1
13807,422.2,3
13808,1747.66,5
13809,679.7,3
13810,1499.01,3
13811,814.5,3
13812,539.0,3
13813,2765.4700000000003,8
13814,2257.32,3
13815,7475.74,8
13816,571.6700000000001,2
13817,382.98,2
13818,61.28,1
13819,2642.35,6
13820,652.75,3
13821,1379.08,6
13822,632.0,2
13823,3403.45,7
13824,3314.76,12
13825,255.59000000000003,2
13826,189.5,1
13827,409.8,3
13828,209.49,1
13829,102.0,1
13830,156.85000000000002,1
13831,6585.54,18
13832,609.89,2
13833,700.4100000000001,2
13834,324.19,2
13835,1095.27,7
13836,620.37,2
13837,266.59000000000003,2
13838,1690.07,10
13839,139.95000000000002,1
13840,651.4,1
13841,85.0,1
13842,5319.34,18
13843,319.75,1
13844,361.62,1
13845,312.98,1
13846,1307.79,4
13847,310.72,1
13848,3015.0,8
13849,3469.2999999999997,5
13850,1595.48,1
13851,4606.46,8
13852,187.35000000000002,1
13853,1090.14,1
13854,11944.56,39
13855,1310.3400000000001,4
13856,1142.03,11
13857,1001.01,6
13858,216.17,1
13859,515.86,2
13860,1245.9,5
13861,273.26,2
13862,2556.09,9
13863,1239.55,4
13864,662.4000000000001,1
13865,501.56,4
13866,145.67000000000002,1
13867,1005.0900000000001,3
13868,3192.54,2
13869,7996.870000000001,10
13870,5712.08,15
13871,7885.85,17
13872,919.5699999999999,3
13873,1038.92,8
13874,2049.15,7
13875,4814.37,14
13876,122.7,1
13877,449.68,3
13878,2416.8999999999996,4
13879,395.5,1
13880,4293.86,17
13881,45179.1,43
13882,1191.13,5
13883,6560.02,15
13884,1825.03,10
13885,506.79999999999995,2
13886,243.56,1
13887,349.55,1
13888,2001.5900000000001,7
13889,1991.23,6
13890,2927.38,14
13891,859.21,3
13892,1267.6499999999999,6
13893,821.1,1
13894,564.62,3
13895,4008.52,6
13896,388.55,1
13897,1160.72,3
13898,686.4000000000001,2
13899,388.52,2
13900,1610.5900000000001,6
13901,5676.34,15
13902,34095.259999999995,5
13903,165.45000000000002,1
13904,332.64,2
13905,312.65,1
13906,42.0,1
13907,136.8,1
13908,2369.55,4
13909,282.84999999999997,2
13911,4234.99,20
13912,124.95,1
13913,42.22,1
13914,626.45,2
13915,70.80000000000001,1
13916,1275.81,4
13917,272.03999999999996,2
13918,1212.84,2
13919,1360.68,4
13920,1774.68,4
13921,730.7,4
13922,865.2,3
13923,351.13,1
13924,1838.85,6
13925,678.25,4
13926,223.85000000000002,1
13927,708.26,2
13928,464.57000000000005,4
13929,3494.1,11
13930,337.34,2
13931,5257.38,11
13932,307.4,1
13933,608.79,2
13934,922.1,1
13935,6116.92,3
13936,939.66,3
13937,880.13,2
13938,71.66,1
13939,1560.96,7
13940,839.14,4
13941,10027.18,15
13942,320.0,1
13943,246.54,1
13944,200.43,1
13945,854.15,2
13946,1876.23,6
13947,90.6,1
13948,548.76,4
13949,2427.32,6
13950,745.06,4
13951,674.45,3
13952,12823.520999999999,14
13953,6640.68,12
13954,439.91999999999996,2
13955,544.0699999999999,3
13956,1019.27,5
13957,458.25,3
13958,4709.23,8
13959,1064.77,6
13960,230.22,2
13961,538.4,1
13962,362.8,3
13963,2860.57,17
13964,438.9,2
13965,996.61,3
13966,384.26,1
13967,166.3,2
13968,123.66,1
13969,12973.460000000001,35
13970,846.55,2
13971,4667.57,14
13972,190.25,2
13973,264.7,1
13974,677.72,2
13975,5256.4,12
13976,1192.3600000000001,4
13977,519.8100000000001,1
13978,196.79000000000002,2
13979,3379.93,7
13980,768.8199999999999,5
13981,331.14,1
13982,3954.29,9
13983,6753.89,21
13984,1893.8,12
13985,10020.86,22
13986,320.46,1
13987,682.54,2
13988,4757.799999999999,8
13989,2026.06,5
13990,311.3,1
13991,852.88,6
13992,219.5,3
13993,6775.71,19
13994,2274.14,6
13995,3902.0099999999998,14
13996,895.76,2
13997,376.46000000000004,3
13998,566.7,3
13999,9502.26,29
14000,2046.3400000000001,5
14001,4228.85,9
14002,529.73,2
14003,209.41,1
14004,6258.45,11
14005,2874.7200000000003,5
14006,2196.67,7
14007,79.48,1
14008,509.04,1
14009,1099.91,3
14010,445.15,2
14011,457.82,2
14012,328.8,1
14013,1084.57,5
14014,1948.2099999999998,3
14015,917.34,1
14016,11403.41,11
14017,229.75,1
14018,367.15000000000003,1
14019,1421.61,3
14020,1249.01,4
14021,1716.5800000000002,7
14022,792.1500000000001,2
14023,584.0699999999999,2
14024,645.74,3
14025,4057.9,8
14026,713.11,2
14027,104.82,1
14028,10396.5,3
14029,467.65999999999997,2
14030,7521.8,20
14031,39019.51,44
14032,4546.41,16
14033,109.44,1
14034,648.89,3
14035,2794.75,9
14036,626.65,1
14037,836.95,6
14038,3069.88,5
14039,267.28,2
14040,12523.81,35
14041,141.41,1
14042,431.98,1
14043,302.6,2
14044,3077.7000000000003,10
14045,10986.63,16
14046,154.99,1
14047,3968.11,14
14048,748.69,3
14049,13023.4,13
14050,746.36,2
14051,21770.98,37
14052,466.66,2
14053,572.3,4
14054,92.46,1
14055,1520.96,3
14056,8152.71,23
14057,8346.66,22
14058,469.19000000000005,2
14059,183.6,1
14060,8898.24,30
14061,917.4300000000001,3
14062,25585.65,24
14063,22710.2,9
14064,3260.24,15
14065,891.02,3
14066,152.55,1
14067,374.7,2
14068,1516.72,4
14069,225.81,2
14070,321.6,1
14071,1437.57,8
14072,390.85,1
14073,151.04,1
14074,219.39999999999998,1
14075,1734.87,6
14076,118.67,1
14077,615.0799999999999,6
14078,1553.47,9
14079,618.73,2
14080,1115.68,5
14081,4867.57,10
14082,413.36,2
14083,1082.19,11
14084,150.5,1
14085,9720.67,33
14086,39.95,1
14087,829.47,3
14088,64036.8,16
14089,158.75,1
14090,76.32000000000001,1
14091,9530.08,2
14092,7229.450000000001,24
14093,433.86,1
14094,311.77,1
14095,2.95,1
14096,65164.79,17
14097,422.86,2
14098,147.35,1
14099,5750.91,20
14100,191.95000000000002,1
14101,9961.93,13
14102,1105.88,5
14104,743.53,5
14105,5988.83,5
14106,214.79999999999998,1
14107,4877.3,11
14108,1044.96,4
14109,144.2,1
14110,12987.95,33
14111,692.85,4
14112,5834.59,13
14113,7092.610000000001,16
14114,1364.09,7
14115,622.6700000000001,2
14116,1382.74,5
14117,90.0,1
14118,458.45,1
14119,183.37,2
14121,2780.15,4
14122,362.42,3
14123,436.18,1
14124,419.58000000000004,1
14125,2720.63,3
14126,1172.46,4
14127,1900.08,6
14128,924.21,3
14129,2591.34,9
14130,1858.77,4
14131,168.22,1
14132,3586.0299999999997,11
14133,911.14,4
14134,11123.35,15
14135,8839.67,24
14136,1570.8100000000002,5
14137,332.7,1
14138,965.8800000000001,2
14139,1086.8,4
14140,935.05,2
14141,915.1300000000001,4
14142,671.34,2
14143,115.8,1
14144,30.599999999999998,1
14145,7600.049999999999,7
14146,9450.3,12
14147,2590.2000000000003,9
14148,466.29,2
14149,446.62,1
14150,658.6400000000001,2
14151,679.45,2
14152,1997.3400000000001,7
14153,233.4,1
14154,6460.7,8
14155,118.75,1
14156,313437.62,156
14157,978.69,5
14158,507.66,1
14159,7860.8,20
14160,8421.470000000001,7
14161,2996.93,7
14162,289.36,2
14163,2594.62,5
14164,1631.77,2
14165,120.44,1
14166,251.15,2
14167,1274.29,8
14168,370.45,2
14169,621.51,2
14170,570.18,3
14171,498.79,2
14172,369.02,3
14173,586.0,6
14174,134.46,1
14175,7678.88,8
14176,756.46,5
14177,2209.69,13
14178,1600.26,7
14179,701.57,2
14180,6117.5,33
14181,308.35,2
14182,678.77,4
14183,278.34000000000003,2
14184,452.89,1
14185,197.65,1
14186,1550.63,5
14187,123.5,1
14188,2054.36,6
14189,5503.15,16
14190,79.9,1
14191,4817.66,15
14192,293.74,1
14193,1210.19,3
14194,18670.59,36
14195,2615.6,6
14196,335.52,1
14197,390.05,1
14198,1569.73,9
14199,1091.6999999999998,4
14200,379.2,1
14201,1193.54,10
14202,847.76,3
14203,339.34,1
14204,1024.83,4
14205,2414.2,9
14206,1185.0099999999998,3
14207,157.8,1
14208,567.05,2
14209,4993.27,15
14210,5556.57,16
14211,4402.29,18
14212,2190.14,2
14213,1192.2,1
14214,1004.38,5
14215,3250.33,9
14216,2150.04,5
14217,3298.59,23
14218,169.48000000000002,1
14219,633.8299999999999,3
14220,1515.0,4
14221,6517.49,17
14222,683.17,1
14223,991.13,3
14224,1841.71,9
14225,2031.07,4
14226,2985.13,6
14227,6368.71,15
14228,745.5,3
14229,2594.04,7
14230,979.8,3
14231,1235.62,4
14232,2048.07,5
14233,2904.27,7
14234,754.12,4
14235,4717.990000000001,9
14236,1555.3400000000001,5
14237,471.14,2
14238,434.23,3
14239,4263.17,21
14240,1247.49,3
14241,333.70000000000005,2
14242,280.54999999999995,2
14243,7217.75,17
14244,366.41999999999996,1
14245,1693.45,2
14246,1474.06,3
14247,753.56,5
14248,1032.95,3
14249,5400.461,12
14250,1904.05,3
14251,2879.7,5
14252,350.99,1
14253,363.40000000000003,2
14254,601.03,1
14255,1000.63,1
14256,2460.79,5
14257,5954.45,9
14258,32051.34,25
14259,120.0,1
14260,824.28,3
14261,1163.45,2
14262,2618.23,8
14263,322.93,1
14264,1517.3600000000001,6
14265,1373.35,4
14266,40.56,1
14267,1516.24,3
14268,354.85,1
14269,295.73,1
14270,492.65000000000003,1
14271,214.18,2
14272,920.8100000000001,4
14273,559.97,4
14274,256.6,1
14275,1189.3799999999999,6
14276,2102.68,7
14277,17197.61,9
14278,205.83,1
14279,191.86,2
14280,134.04,1
14281,245.15,1
14282,7250.76,25
14283,628.44,4
14284,1299.65,3
14285,3284.42,8
14286,8479.76,7
14287,176.63,3
14288,426.6,1
14289,911.26,6
14290,4516.56,8
14291,7904.1,23
14292,9226.25,16
14293,2903.01,9
14294,375.34,1
14295,2362.91,5
14296,456.4,2
14297,1305.33,4
14298,91194.49,82
14299,14070.25,27
14300,43.2,1
14301,1992.18,4
14302,742.9000000000001,3
14303,277.94,2
14304,1725.01,3
14305,1858.96,3
14306,3151.4,6
14307,4287.92,10
14308,1147.02,2
14309,3780.81,11
14310,492.1,1
14311,516.45,2
14312,3090.29,11
14314,229.8,2
14315,3197.8199999999997,8
14316,1370.34,5
14317,508.58000000000004,1
14318,158.02,1
14319,494.85,1
14320,1346.75,5
14321,2218.06,7
14322,474.1,4
14323,605.06,2
14324,701.61,2
14325,245.48000000000002,1
14326,940.98,3
14327,1894.9299999999998,6
14328,445.05,1
14329,9887.62,15
14330,200.63,1
14331,462.66,2
14332,1917.41,5
14333,415.2,1
14334,4318.48,12
14335,454.86,2
14336,1614.91,4
14338,928.1,3
14339,620.27,2
14340,134.7,1
14341,4452.02,18
14342,918.44,6
14343,1079.66,4
14344,2993.05,20
14345,108.97999999999999,1
14346,2315.75,5
14347,82.6,1
14348,409.57,1
14349,133.5,1
14350,972.03,3
14351,51.0,1
14352,1078.96,4
14353,376.5,3
14354,163.62,2
14355,840.0500000000001,3
14356,701.23,2
14357,225.12,1
14358,400.05999999999995,2
14359,912.1800000000001,3
14360,2118.0299999999997,4
14361,214.70999999999998,1
14362,151.5,1
14363,227.47,2
14364,3717.35,8
14365,634.6800000000001,2
14366,136.0,1
14367,9227.82,16
14368,155.0,1
14369,469.13,2
14370,1175.78,6
14371,100.5,1
14372,860.08,2
14373,76.55,1
14374,108.0,1
14375,1106.82,3
14376,215.46,1
14377,617.05,2
14378,131.25,1
14379,1265.1599999999999,4
14380,48.96,1
14381,625.94,2
14382,1193.63,2
14383,1247.69,3
14384,58.5,1
14385,202.10999999999999,3
14386,142.4,1
14387,1727.6,3
14388,6388.2,16
14389,1898.01,5
14390,6150.03,13
14391,135.6,1
14392,266.4,1
14393,67.95,1
14394,93.8,1
14395,7801.93,20
14396,1969.38,7
14397,2612.96,19
14398,707.79,2
14399,2108.21,8
14400,1732.47,3
14401,6795.9,22
14402,285.6,1
14403,1880.51,6
14404,2724.13,13
14405,195.0,1
14406,156.75,1
14407,2157.73,6
14408,4102.27,11
14409,3427.29,9
14410,2631.9,11
14411,1063.0,1
14412,1426.19,3
14413,764.52,4
14414,2399.33,8
14415,11980.09,23
14416,490.22,2
14417,524.65,1
14418,1937.25,3
14419,1254.64,7
14420,1639.17,4
14421,2469.37,6
14422,10271.52,19
14423,916.6099999999999,3
14424,322.08,1
14425,661.39,3
14426,11727.94,17
14427,1263.52,4
14428,1224.06,5
14429,516.28,1
14430,1220.9,3
14431,2614.2,4
14432,2248.5,6
14433,280.7,1
14434,1372.8,6
14435,90.42,1
14436,271.70000000000005,2
14437,873.34,5
14438,131.9,1
14439,9443.039999999999,5
14440,5982.030000000001,13
14441,4611.69,11
14442,5367.0199999999995,7
14443,2082.97,5
14444,120.44,1
14445,221.65,1
14446,1200.28,5
14447,1711.73,6
14448,375.35,2
14449,2230.96,8
14450,1128.44,7
14451,3258.68,12
14452,658.95,4
14453,119.93,1
14454,977.3,5
14455,617.72,4
14456,3017.2799999999997,9
14457,113.64,1
14458,228.07,1
14459,5375.741,2
14460,1093.5,9
14461,6676.91,13
14462,2242.81,12
14463,786.5699999999999,4
14464,111.0,2
14465,3925.85,11
14466,4267.15,13
14467,2203.24,12
14468,204.24,1
14469,2093.46,4
14470,712.04,3
14471,400.95,2
14472,2118.72,9
14473,234.34000000000003,2
14474,1258.8899999999999,2
14475,1151.15,4
14476,193.0,1
14477,1969.6,7
14478,1276.6599999999999,4
14479,1124.71,4
14480,1299.52,4
14481,2284.69,5
14482,4306.72,12
14483,257.1,2
14484,1070.98,4
14485,162.8,1
14486,175.5,2
14487,1266.27,7
14488,1064.28,1
14489,1574.93,4
14490,1273.47,2
14491,340.93,2
14492,1921.91,7
14493,5087.860000000001,10
14494,401.46000000000004,3
14495,174.8,3
14496,2363.89,7
14497,697.06,2
14498,3900.83,10
14499,2101.79,7
14500,356.85,3
14501,251.21,2
14502,2429.83,11
14503,3543.26,6
14504,673.26,4
14505,11879.08,19
14506,2960.25,7
14507,3216.74,11
14508,822.9200000000001,5
14509,110.95,1
14510,979.85,3
14511,1314.81,5
14512,1215.97,7
14513,788.01,6
14514,4380.04,9
14515,3724.06,12
14516,151.17,1
14517,330.45,2
14518,174.37,1
14519,203.14,2
14520,270.6,2
14521,199.45000000000002,1
14522,1748.42,8
14523,241.09,1
14524,2909.86,13
14525,8026.54,17
14526,258.65,1
14527,27246.88,122
14528,364.21999999999997,1
14529,578.61,3
14530,6088.87,16
14531,376.34,1
14532,3845.78,11
14533,3466.37,11
14534,6187.66,26
14535,5973.23,9
14536,170.95,1
14537,641.4000000000001,2
14538,1370.8400000000001,5
14539,537.48,2
14540,3709.6400000000003,11
14541,2491.38,14
14542,103.25,1
14543,14587.87,39
14544,2938.5299999999997,3
14545,349.25,1
14546,5184.84,11
14547,3974.75,8
14548,2541.29,9
14549,913.6,4
14550,1345.06,4
14551,878.09,7
14552,507.93,3
14553,1818.6,9
14554,2279.49,4
14555,2304.03,6
14556,815.69,3
14557,788.38,1
14558,655.5,3
14559,75.6,1
14560,6114.03,44
14561,1080.76,3
14562,6638.15,26
14563,640.54,2
14564,2605.62,2
14565,3859.2200000000003,5
14566,4092.0,4
14567,1530.3600000000001,2
14568,919.7,1
14569,597.3299999999999,4
14570,613.75,3
14571,160.0,1
14572,5526.88,11
14573,2163.12,13
14574,143.70000000000002,1
14575,420.22,1
14576,35.400000000000006,1
14577,1364.15,7
14578,168.63,1
14579,105.56,1
14580,14.850000000000001,1
14581,409.65,2
14582,114.11,1
14583,1660.29,8
14584,1738.16,8
14585,1143.27,5
14586,237.36,1
14587,1580.29,9
14588,135.39,1
14589,39.75,1
14590,2993.37,20
14591,1320.21,4
14592,557.9399999999999,3
14593,3665.5299999999997,12
14594,363.33,2
14595,2164.4500000000003,8
14596,222.22000000000003,1
14597,2184.63,6
14598,384.03999999999996,2
14599,457.89,2
14600,865.1700000000001,2
14601,213.96,1
14602,205.35999999999999,1
14603,660.0,1
14604,143.85999999999999,1
14605,921.5600000000001,4
14606,29951.37,192
14607,23763.13,22
14608,3352.94,11
14609,1486.2,10
14610,24.35,2
14611,604.3299999999999,2
14612,877.7,1
14613,76.32000000000001,1
14614,295.13,1
14615,951.76,5
14616,527.78,5
14617,190.47000000000003,2
14618,1342.3200000000002,7
14619,1291.24,2
14620,412.78,2
14621,3000.57,9
14622,320.58000000000004,1
14623,2016.98,10
14624,814.07,6
14625,4497.88,11
14626,5410.92,11
14627,462.75,1
14628,1998.0,5
14629,955.26,2
14630,338.65,1
14631,2025.69,6
14632,114.56,1
14633,344.90000000000003,1
14634,2124.46,4
14635,215.22,1
14636,609.85,2
14637,106.67999999999999,1
14638,443.6,1
14639,4978.96,9
14640,3649.36,10
14641,110.46,1
14642,96.12,1
14643,1679.89,5
14644,2247.7200000000003,7
14645,876.8900000000001,3
14646,528602.52,151
14647,506.04,2
14648,4466.65,15
14649,3651.19,9
14650,62.5,1
14651,2025.52,9
14652,114.18,1
14653,3593.06,12
14654,246.86,1
14655,3878.51,7
14656,790.0,5
14657,1450.19,6
14658,247.15,2
14659,2529.93,9
14660,285.74,2
14661,107.95,1
14662,1376.43,7
14663,490.6,2
14664,636.24,2
14665,2749.65,7
14666,195.25,1
14667,20395.34,54
14668,111.63,1
14669,3216.7799999999997,7
14670,583.3299999999999,3
14671,1127.45,2
14672,1113.1399999999999,4
14673,3037.3199999999997,7
14674,173.66,1
14675,1015.58,2
14676,8356.789999999999,12
14677,184.91,1
14678,403.39,1
14679,1289.44,3
14680,55688.5,58
14681,875.1500000000001,6
14682,1514.81,6
14683,146.56,1
14684,1430.0300000000002,6
14685,4536.64,8
14686,852.5300000000001,5
14687,1402.06,3
14688,7190.42,28
14689,112.8,1
14690,777.6800000000001,4
14691,2114.33,5
14692,1715.14,12
14693,1165.3600000000001,7
14694,244.31,1
14695,1534.22,3
14696,2473.28,8
14697,188.60999999999999,2
14698,1217.27,5
14699,702.6,4
14700,3076.06,5
14701,4487.110000000001,15
14702,6368.78,29
14703,318.17,1
14704,1752.92,11
14705,179.0,1
14706,367.54,1
14707,139.2,2
14708,1793.22,5
14709,8886.33,25
14710,1899.79,13
14711,2839.62,11
14712,1328.0700000000002,4
14713,5115.76,21
14714,906.24,4
14715,1825.45,8
14716,543.28,3
14717,81.3,1
14718,226.42,1
14719,1581.8400000000001,5
14720,663.8100000000001,3
14721,109.07,1
14722,489.52000000000004,3
14723,1803.06,11
14724,341.9,1
14725,1252.74,4
14726,116.5,1
14727,463.73,3
14728,190.58,1
14729,586.24,3
14730,1897.57,8
14731,380.02,3
14732,5517.07,19
14733,14335.15,15
14734,1056.42,4
14735,12240.16,56
14736,374.04999999999995,2
14737,3554.17,4
14738,1821.9,9
14739,11573.62,25
14740,4161.06,11
14741,1713.0900000000001,7
14742,579.85,1
14743,50.48,1
14744,3660.08,14
14745,2551.41,12
14746,593.5,4
14747,328.2,1
14748,2681.9,10
14749,310.15,1
14750,112.03,1
14751,126.45,2
14752,389.64,1
14753,869.51,2
14754,1547.9299999999998,6
14755,9972.55,25
14756,2653.76,3
14757,420.5,1
14758,2864.97,7
14759,1625.97,3
14760,89.2,1
14761,447.92,3
14762,417.57,2
14764,278.3,1
14765,254.11,3
14766,6375.73,11
14767,382.81,1
14768,192.60000000000002,2
14769,15514.11,17
14770,3637.64,8
14771,594.62,2
14772,139.26,1
14773,140.55,1
14774,241.45,1
14775,1011.9,3
14776,3708.3,15
14777,307.56,1
14778,730.86,2
14779,386.15,3
14780,447.68,2
14782,200.10000000000002,1
14783,307.3,1
14784,449.93,3
14785,77.4,2
14786,90.96,1
14787,110.65,1
14788,1156.32,3
14789,197.64,1
14790,2526.62,10
14791,303.63,1
14792,6.2,1
14793,625.9000000000001,2
14794,1953.9,10
14795,131.45000000000002,1
14796,10169.33,27
14797,300.31,1
14798,724.3100000000001,8
14799,338.15,2
14800,7191.33,17
14801,189.34,1
14802,1502.98,2
14803,845.55,3
14804,353.27,1
14805,1082.55,7
14806,303.43,2
14807,504.14,2
14808,2718.6000000000004,8
14809,686.76,2
14810,2354.03,13
14811,170.5,1
14812,178.85,1
14813,888.9100000000001,4
14814,154.21,1
14815,778.5,2
14816,271.85,1
14817,3959.86,7
14818,1153.56,6
14819,456.40999999999997,4
14820,1274.76,9
14821,1230.1499999999999,7
14822,157.70000000000002,1
14823,321.43,3
14824,4022.9100000000003,10
14825,4735.08,24
14826,385.20000000000005,2
14828,9839.46,13
14829,1455.87,7
14830,188.88,1
14831,1676.5700000000002,3
14832,322.69,1
14833,94.8,1
14834,2206.16,7
14835,297.0,2
14836,102.44999999999999,3
14837,3460.32,9
14838,769.9200000000001,2
14839,915.28,3
14840,362.71000000000004,2
14841,7163.0,14
14842,2824.69,4
14843,211.79999999999998,1
14844,6702.43,10
14845,150.0,1
14846,437.4,1
14847,1348.9499999999998,3
14848,310.56,1
14849,15407.61,43
14850,1770.96,7
14851,829.4100000000001,3
14852,6132.43,18
14853,1376.8700000000001,5
14854,4303.0599999999995,11
14855,6520.3,7
14856,1290.53,3
14857,3651.851,7
14858,180.75,1
14859,1705.64,5
14860,170.32,1
14861,1380.73,10
14862,841.2,2
14863,266.76,1
14865,92.52000000000001,4
14866,20746.54,19
14867,2952.06,16
14868,4184.01,12
14869,2778.14,6
14870,1838.95,6
14871,1228.17,9
14872,816.6,3
14873,854.1299999999999,2
14874,116.18,1
14875,2862.3999999999996,3
14876,256.7,2
14877,425.85,2
14878,4076.5,25
14879,185.06,1
14880,690.59,3
14881,255.4,1
14882,3546.65,14
14883,761.59,6
14884,120.6,1
14885,1598.12,3
14886,364.8,1
14887,1862.0,1
14888,369.2,1
14889,135.9,1
14890,817.25,3
14891,1106.73,4
14892,202.35000000000002,1
14893,1809.6100000000001,3
14894,1492.81,3
14895,25119.54,38
14896,1826.0,8
14897,3140.54,8
14898,3365.95,14
14899,1331.38,1
14900,13.919999999999998,1
14901,1919.0,12
14902,1035.6200000000001,3
14903,2795.33,5
14904,1630.49,4
14905,1971.39,8
14906,68.44,1
14907,5547.72,16
14908,381.90000000000003,2
14909,1404.6799999999998,3
14910,434.35,4
14911,291420.81,398
14912,1889.25,6
14913,4073.13,8
14915,1811.25,11
14916,3042.9500000000003,8
14917,1123.75,2
14918,5955.81,9
14919,359.35,1
14920,1607.17,3
14921,1316.07,2
14922,843.74,2
14923,749.1,1
14924,931.01,3
14926,359.4,2
14927,308.2,1
14928,223.91000000000003,1
14929,836.69,2
14930,5236.7300000000005,6
14931,1257.68,5
14932,666.13,2
14933,1770.0,4
14934,3503.5,5
14935,2849.83,2
14936,12410.81,12
14937,1621.8799999999999,3
14938,2322.43,2
14940,531.49,2
14941,182.1,1
14942,746.56,4
14943,107.62,1
14944,9784.67,19
14945,179.4,1
14946,100.9,1
14947,1049.79,6
14948,1101.9699999999998,6
14949,515.0,4
14950,371.2,1
14951,311.69,1
14952,17629.35,32
14953,971.3199999999999,4
14954,462.12,2
14955,163.77,1
14956,1325.0,1
14957,261.69,2
14958,941.99,6
14959,695.42,4
14960,221.26999999999998,2
14961,16410.15,22
14962,366.91,4
14963,3123.5699999999997,12
14964,206.21,1
14965,596.0899999999999,2
14966,1064.26,6
14967,1982.6100000000001,6
14968,501.24,2
14969,906.23,1
14970,4919.35,12
14971,1097.98,3
14972,145.07,2
14973,1314.45,3
14974,89.94,1
14975,472.39,2
14976,790.86,7
14977,31.929999999999996,1
14978,3112.19,10
14979,429.66,1
14980,150.68,1
14981,372.92,2
14982,237.78,1
14983,183.20000000000002,1
14984,1260.51,6
14985,292.01,2
14986,563.1,2
14987,1550.6499999999999,8
14988,2038.65,7
14989,342.4,1
14990,304.16999999999996,2
14991,314.67,1
14992,210.5,1
14993,36.13,1
14994,946.72,5
14995,231.98000000000002,2
14996,442.29,2
14997,776.6,4
14998,753.18,4
14999,129.48000000000002,1
15000,490.52,1
15001,199.10999999999999,2
15002,4138.08,9
15003,1027.03,6
15004,1220.77,1
15005,13754.58,56
15006,757.78,2
15007,156.91,1
15008,360.0,2
15009,1259.43,3
15010,308.94,1
15011,416.6,2
15012,646.26,3
15013,1610.82,10
15014,257.66999999999996,2
15015,2354.97,13
15016,620.89,5
15017,125.58,1
15018,496.21000000000004,3
15019,252.81,1
15020,198.47,1
15021,2500.59,12
15022,1133.44,5
15023,11578.65,20
15024,3559.39,16
15025,979.79,2
15026,1048.8899999999999,5
15027,3195.6,10
15028,962.94,6
15029,365.1,1
15030,1979.91,8
15031,3102.94,14
15032,11010.05,8
15033,2557.18,10
15034,8231.2,14
15035,252.73000000000002,1
15036,429.56,3
15037,397.76,2
15038,1146.53,9
15039,39141.48,93
15040,7.49,1
15041,289.4,2
15042,315.45000000000005,2
15043,2870.3199999999997,6
15044,16024.150000000001,35
15045,735.66,2
15046,7623.79,25
15047,343.62,1
15048,381.0,4
15049,121.17000000000002,1
15050,4087.19,5
15051,3926.91,9
15052,207.73000000000002,1
15053,693.95,3
15054,302.1,2
15055,549.12,3
15056,113.64999999999999,1
15057,3255.96,5
15058,3387.58,16
15059,3491.2,19
15060,294.25,4
15061,126389.01999999999,127
15062,2585.62,8
15063,370.79999999999995,1
15064,1254.41,4
15065,3326.86,5
15066,893.59,1
15067,3862.8799999999997,5
15068,1174.9,4
15069,1109.53,1
15070,737.0500000000001,3
15071,1455.5600000000002,4
15072,187.51999999999998,1
15073,2788.02,8
15074,1553.1299999999999,3
15075,773.03,1
15076,1447.7400000000002,3
15077,2428.08,2
15078,17286.73,53
15079,3625.4,11
15080,546.25,2
15081,1854.57,12
15082,93.35000000000001,1
15083,88.2,1
15084,965.1999999999999,2
15085,347.54,1
15086,218.53,2
15087,306.94,1
15088,1160.0700000000002,2
15089,2420.84,6
15090,381.32,1
15091,1046.6100000000001,3
15092,776.46,3
15093,13702.380000000001,23
15094,83.0,2
15095,3141.64,10
15096,219.39000000000001,1
15097,908.3499999999999,3
15098,39916.5,3
15099,410.48,1
15100,2193.8999999999996,7
15101,1477.94,6
15102,554.67,2
15103,703.36,2
15104,993.54,2
15105,3094.91,9
15106,1422.52,5
15107,824.35,9
15108,1300.25,4
15109,983.0999999999999,3
15110,1505.8500000000001,6
15111,2442.37,5
15112,209.4,1
15113,3509.43,3
15114,3400.12,12
15115,531.85,2
15116,1352.75,4
15117,2485.9700000000003,8
15118,244.8,1
15119,266.4,1
15120,358.82,1
15121,457.71999999999997,2
15122,4487.27,11
15123,4656.17,5
15124,450.82,4
15125,17024.87,24
15126,449.49,2
15127,711.5,2
15128,1783.6799999999998,5
15129,6860.18,23
15130,330.11,1
15131,80.28,1
15132,977.9300000000001,5
15133,1806.9,5
15134,1596.29,10
15135,305.68,2
15136,1286.7,4
15137,823.4,2
15138,502.52,1
15139,178.96,2
15140,3243.69,8
15141,1388.47,7
15142,2619.92,6
15143,563.63,2
15144,12160.31,29
15145,1194.73,4
15146,1327.16,2
15147,623.5,1
15148,301.29,1
15149,1554.6100000000001,5
15150,8977.94,13
15151,2085.61,2
15152,5263.83,14
15153,329.25,1
15154,1343.72,3
15155,383.96999999999997,1
15156,961.49,3
15157,2654.11,5
15158,606.02,2
15159,22116.73,34
15160,589.27,4
15161,119.92,1
15162,312.9,1
15163,304.47,2
15164,2028.1100000000001,9
15165,487.75,1
15166,167.16,1
15167,1627.62,5
15168,106.56,1
15169,569.22,2
15170,81.15,1
15171,1289.5,1
15172,1624.05,5
15173,1494.6,7
15174,481.46,2
15175,224.14,1
15176,988.04,1
15177,948.93,1
15178,40.5,1
15179,7491.92,13
15180,816.9300000000001,3
15181,1200.2,5
15182,2998.952,11
15183,639.9300000000001,3
15184,685.39,4
15185,310.62,1
15186,1403.2,5
15187,4777.18,16
15188,310.43,1
15189,17524.38,46
15190,834.4399999999999,1
15191,588.05,3
15192,1666.39,5
15193,499.32,1
15194,12021.53,28
15195,3861.0,1
15196,313.7,2
15197,1877.5100000000002,6
15198,571.35,5
15199,3122.4,10
15200,549.05,1
15201,1842.95,7
15202,6001.49,3
15203,4400.18,15
15204,316.58,1
15205,653.24,2
15206,420.3,4
15207,683.92,3
15208,970.52,6
15209,178.98000000000002,1
15210,1176.19,3
15211,894.4100000000001,2
15212,208.27999999999997,2
15213,328.34999999999997,2
15214,1661.44,8
15215,2422.43,7
15216,486.09000000000003,2
15217,426.24,1
15218,11468.83,22
15219,685.45,2
15220,1778.96,6
15221,2062.2,4
15222,3550.91,11
15223,1417.95,5
15224,871.36,5
15225,409.40000000000003,1
15226,154.41,1
15227,2488.4900000000002,9
15228,5580.27,6
15229,160.5,1
15230,429.6,2
15231,250.26,1
15232,612.06,2
15233,59.400000000000006,1
15234,197.0,1
15235,2772.76,16
15236,321.05,1
15237,1412.3200000000002,4
15238,1071.99,3
15239,780.59,2
15240,4459.98,12
15241,3050.16,11
15242,302.04,1
15243,927.28,2
15244,912.0799999999999,3
15245,4610.84,8
15246,780.4000000000001,3
15247,976.06,3
15248,1893.93,3
15249,9266.0,18
15250,60.0,1
15251,20324.54,21
15252,2103.41,5
15253,2055.0899999999997,8
15254,1088.35,3
15255,3706.02,9
15256,170.4,2
15257,685.9,2
15258,623.1600000000001,2
15259,1182.3799999999999,4
15260,8767.73,25
15261,1508.0,4
15262,418.82,3
15263,156.51,1
15264,848.4000000000001,2
15265,3345.64,4
15266,852.21,5
15267,1717.36,5
15268,961.9000000000001,3
15269,1225.3600000000001,3
15270,8524.86,21
15271,4528.54,24
15272,2030.95,6
15273,228.96,1
15274,716.57,2
15275,615.14,1
15276,619.8,4
15277,476.34,2
15278,496.15999999999997,4
15279,1580.54,5
15280,397.52,3
15281,8543.57,16
15282,348.59,1
15283,148.33,3
15284,24.75,1
15285,94.92,1
15286,240.55,1
15287,856.0300000000001,5
15288,3715.38,10
15289,1593.0900000000001,5
15290,10496.28,26
15291,13517.76,40
15292,178.39,1
15293,247.5,1
15294,233.35,1
15295,207.04,1
15296,10323.029999999999,12
15297,641.94,3
15298,9061.77,23
15299,6156.53,10
15300,496.44,1
15301,6909.67,17
15302,308.0,1
15303,1224.1799999999998,3
15304,796.4,9
15305,93.6,1
15306,3484.73,9
15307,205.3,1
15308,310.47,1
15309,797.96,4
15310,1634.64,1
15311,114966.42,208
15312,2930.19,12
15313,52.0,1
15314,820.45,3
15315,570.5,2
15316,165.0,1
15317,129.75,1
15318,312.62,1
15319,204.5,1
15320,267.13,1
15321,6709.7300000000005,12
15322,1390.86,2
15323,434.6,3
15324,140.22000000000003,1
15325,1601.46,8
15326,1700.52,5
15327,208.75,1
15328,107.24,1
15329,2958.83,11
15330,714.96,2
15331,767.9100000000001,3
15332,4892.68,6
15333,1028.56,1
15334,350.82,3
15335,170.22,1
15336,240.5,1
15337,373.02,1
15338,277.93,1
15339,1821.02,7
15340,105.5,1
15341,2402.72,2
15342,406.09,1
15343,364.5,1
15344,563.9399999999999,3
15345,393.54,1
15346,596.12,3
15347,1162.0,4
15348,158.04,1
15349,463.90999999999997,2
15350,547.6,2
15351,3430.2200000000003,10
15352,111.15,1
15353,2794.47,7
15354,284.4,3
15355,277.05,2
15356,3239.57,13
15358,16425.86,42
15359,181.35,8
15360,427.93,1
15361,689.07,4
15362,613.0799999999999,2
15363,678.11,2
15364,913.19,2
15365,4557.13,13
15366,2389.08,7
15367,5081.33,11
15368,722.74,2
15369,6251.259999999999,11
15370,3739.01,8
15371,59.400000000000006,1
15372,6017.0599999999995,8
15373,3084.54,17
15374,307.32,2
15375,60.959999999999994,1
15376,1221.56,3
15377,1211.75,4
15378,246.5,2
15379,4877.84,8
15380,3248.96,11
15381,1890.57,5
15382,13733.55,12
15384,2027.79,4
15385,942.0799999999999,3
15386,394.14,1
15387,468.65,1
15388,140.54,1
15389,2733.8,5
15390,1216.66,2
15391,289.87,1
15392,2911.62,7
15393,891.34,5
15394,5286.8,11
15395,107.45,1
15396,796.3800000000001,2
15397,94.0,1
15398,1345.5300000000002,2
15399,815.77,3
15400,1302.3,8
15401,216.95000000000002,2
15402,1830.54,6
15403,170.88,2
15404,257.06,1
15405,659.84,2
15406,975.87,4
15407,1046.74,4
15408,267.18,1
15409,131.25,1
15410,4685.72,10
15411,1348.93,4
15412,190.53,1
15413,6798.72,5
15414,774.9000000000001,3
15415,559.61,1
15416,4572.82,7
15417,508.8,1
15418,449.42,2
15419,135.86,1
15420,743.0,6
15421,3805.34,10
15422,1619.97,7
15423,266.89,3
15424,597.78,3
15425,1941.1200000000001,4
15426,2156.35,9
15427,1430.54,3
15428,762.75,4
15429,397.35,2
15430,954.75,2
15431,153.24,1
15432,320.76,2
15433,533.3,2
15434,2567.06,11
15435,149.29,1
15436,1067.75,3
15437,393.45000000000005,2
15438,156.57999999999998,1
15439,1269.0500000000002,4
15440,383.68,3
15441,1254.21,3
15442,594.0,1
15443,5114.23,14
15444,1411.21,2
15445,284.5,2
15446,399.75,3
15447,492.88,5
15448,788.81,2
15449,974.52,3
15450,429.84,1
15451,226.86,2
15452,1785.1100000000001,6
15453,1371.77,7
15454,305.99,2
15455,38.25,1
15456,2091.52,10
15457,237.07,1
15458,370.43999999999994,2
15459,202.82999999999998,2
15460,214.26,1
15461,429.7,2
15462,737.05,4
15463,126.14,1
15464,1044.65,1
15465,12100.4,32
15466,1560.46,4
15467,524.88,3
15468,1430.48,3
15469,874.25,3
15470,63.419999999999995,1
15471,1292.01,3
15472,371.56,1
15473,2046.0,8
15474,150.35,1
15475,454.10999999999996,1
15476,2209.9799999999996,4
15477,368.4,1
15478,1983.48,3
15479,147.4,1
15480,6279.0,5
15481,1993.34,1
15482,14417.359999999999,19
15483,817.8199999999999,10
15484,4652.1,6
15485,4810.92,7
15486,102.0,1
15487,231.32,1
15488,431.92,5
15489,2419.61,8
15490,210.85,1
15491,3100.09,6
15492,659.46,2
15493,4121.68,9
15494,3702.6,5
15495,246.5,1
15496,146.14000000000001,1
15497,8657.39,9
15498,24972.86,44
15499,158.65,1
15500,1131.56,4
15501,399.95,2
15502,13003.869999999999,14
15503,257.3,2
15504,402.7,4
15505,3610.96,5
15506,2030.33,6
15507,475.86,1
15508,1000.27,6
15509,152.41,1
15510,250.0,1
15511,900.53,5
15512,331.58000000000004,4
15513,26437.05,35
15514,6392.0599999999995,18
15515,171.81,1
15516,62.43,3
15517,267.03,1
15518,4189.99,15
15519,344.61,2
15520,343.5,1
15521,7098.24,16
15522,397.99,2
15523,17259.19,16
15524,591.4,2
15525,890.22,4
15526,148.44,2
15527,5554.89,23
15528,229.33,1
15529,4783.66,12
15530,1808.68,5
15531,1972.3899999999999,2
15532,3738.8500000000004,10
15533,807.5699999999999,3
15534,162.25,1
15535,1044.37,6
15536,259.09,1
15537,110.92,1
15538,3358.4,6
15539,538.46,1
15540,460.68,2
15541,85.13000000000001,1
15542,855.71,3
15543,242.26,2
15544,7807.89,20
15545,288.97,2
15546,1079.1000000000001,2
15547,10057.05,26
15548,158.09,1
15549,2334.16,8
15550,2211.05,12
15551,1679.81,7
15552,252.52,2
15553,428.93,1
15554,217.2,1
15555,11243.91,36
15556,279.77,1
15557,468.91,1
15558,202.68,1
15559,1109.4,1
15560,153.51999999999998,2
15561,1934.3899999999999,8
15562,671.4300000000001,3
15563,2859.46,7
15564,70.74000000000001,2
15565,173.16000000000003,2
15566,227.87,2
15567,186.01,1
15568,758.29,3
15569,3583.45,10
15570,8736.49,25
15571,3892.35,14
15572,3965.2,10
15573,1188.4199999999998,5
15574,1101.44,6
15575,30.1,1
15576,921.37,1
15577,396.03,5
15578,127.1,1
15579,1250.63,5
15580,1375.39,8
15581,7480.4,38
15582,682.9100000000001,3
15583,95.96,1
15584,1268.2,6
15585,455.3,1
15586,1139.1000000000001,3
15587,1522.08,7
15588,579.6,1
15589,478.53,3
15590,1496.6,5
15591,217.9,3
15592,388.58,1
15593,199.8,1
15594,1771.78,5
15595,357.6,1
15596,2727.72,9
15597,563.37,2
15598,548.02,2
15599,1250.06,3
15600,1199.31,4
15601,14191.74,30
15602,3137.96,16
15603,88.48,2
15604,216.39,1
15605,1741.95,9
15606,5230.99,17
15607,1708.97,9
15608,1785.98,5
15609,298.48,1
15610,112.46000000000001,1
15611,2997.28,26
15612,195.15,2
15613,433.71999999999997,1
15614,3147.36,4
15615,21373.97,47
15616,317.11,1
15617,828.55,3
15618,776.851,4
15619,336.40000000000003,1
15620,1942.36,4
15621,1293.03,4
15622,7852.61,17
15623,2437.05,8
15624,588.13,4
15625,3236.3999999999996,9
15626,1067.52,3
15627,566.9000000000001,2
15628,5333.08,17
15629,2240.9,4
15630,1481.4,3
15631,596.67,1
15632,3285.31,8
15633,4335.96,13
15634,554.6500000000001,2
15635,100.35,1
15636,1444.58,4
15637,797.59,5
15638,2265.2,6
15639,1065.08,3
15640,23494.31,29
15641,5345.55,12
15642,105.78000000000002,1
15643,664.0,3
15644,803.54,4
15645,1055.17,3
15646,784.8100000000001,5
15647,169.0,1
15648,639.5,2
15649,1660.35,4
15650,553.88,2
15651,1259.06,5
15652,1405.94,5
15653,877.4399999999999,2
15654,922.53,2
15655,560.67,1
15656,748.5,4
15657,30.0,1
15658,2117.27,8
15659,532.49,3
15660,2603.69,15
15661,1215.9499999999998,8
15662,283.73,2
15663,138.14,1
15664,1254.03,4
15665,3987.0699999999997,5
15666,632.94,2
15667,301.32,1
15668,76.32000000000001,1
15669,684.34,4
15670,325.20000000000005,2
15671,2657.13,7
15672,45.300000000000004,1
15673,6204.32,9
15674,6948.23,13
15675,542.04,4
15676,3435.76,3
15677,1305.63,3
15678,1825.94,3
15679,781.28,4
15680,4028.69,10
15681,2989.7,14
15682,318.24,2
15683,524.54,2
15684,173.95,3
15685,55.980000000000004,1
15686,90.0,1
15687,2993.1,9
15688,190.57,1
15689,521.03,3
15690,239.76,2
15691,571.3,4
15692,191.04,1
15693,37.5,1
15694,9978.48,24
15695,1131.04,4
15696,3881.2200000000003,13
15697,246.75,1
15698,46.2,1
15699,309.65,1
15700,696.68,2
15701,1529.0,4
15702,140.39000000000001,2
15703,211.5,1
15704,3734.66,6
15705,143.1,1
15706,1060.56,4
15707,916.98,4
15708,3887.15,9
15709,327.85,2
15710,898.87,1
15711,420.25,2
15712,3472.4100000000003,12
15713,839.6400000000001,4
15714,783.96,5
15715,658.02,5
15716,2485.26,11
15717,607.0,5
15718,293.79,1
15719,10195.97,31
15720,739.22,2
15721,471.40000000000003,1
15722,5234.0,11
15723,930.7,4
15724,310.85,3
15725,415.25,1
15726,321.91,1
15727,9371.710000000001,15
15728,544.6,2
15729,192.55,3
15730,1726.58,5
15731,125.3,1
15732,1543.97,10
15733,162.3,1
15734,2263.3,4
15735,327.68,1
15736,1767.12,2
15737,1188.1200000000001,8
15738,13043.32,41
15739,449.12,1
15740,154.88,1
15741,208.62,2
15742,156.87,1
15743,775.96,4
15744,34.8,1
15745,1094.5900000000001,4
15746,196.88,1
15747,2499.81,9
15748,609.8100000000001,3
15749,44534.3,3
15750,6452.991,18
15751,1380.44,11
15752,3924.91,9
15753,79.2,1
15754,3037.61,9
15755,5993.12,17
15756,528.01,4
15757,2940.36,6
15758,205.25,1
15759,830.9300000000001,7
15760,13916.34,2
15761,143.05,1
15762,583.75,2
15763,1086.92,2
15764,4503.08,8
15765,370.63,1
15766,831.06,3
15768,15308.89,34
15769,88612.52,46
15770,321.45,1
15771,1006.54,3
15772,280.88,1
15773,774.5200000000001,2
15774,1288.34,6
15775,150.5,2
15776,241.62,1
15777,1762.61,7
15778,307.95,1
15779,124.08,2
15780,475.28000000000003,3
15781,345.46000000000004,3
15782,4014.1,4
15783,246.3,1
15784,848.3299999999999,2
15785,5969.93,16
15786,8501.62,5
15787,933.26,3
15788,221.82999999999998,1
15789,1962.01,6
15790,218.75,1
15791,3608.34,5
15792,933.84,2
15793,2399.57,8
15794,777.0,2
15795,1979.87,8
15796,5171.63,17
15797,2821.08,6
15798,1535.37,3
15799,1421.34,4
15800,1227.07,7
15801,1063.95,3
15802,451.42,1
15803,1929.6599999999999,4
15804,4206.39,13
15805,10148.93,30
15806,784.58,3
15807,1817.52,5
15808,17180.25,21
15809,1274.44,7
15810,2999.04,8
15811,3486.15,7
15812,5201.47,12
15813,1303.9099999999999,2
15814,2634.44,6
15815,2100.6,5
15816,144.14999999999998,2
15817,2766.3999999999996,3
15818,340.5,1
15819,3934.79,10
15820,206.98,1
15821,570.96,2
15822,1840.06,6
15823,3882.17,3
15824,890.94,2
15825,532.94,1
15826,2598.28,4
15827,3603.1400000000003,28
15828,1108.82,1
15829,636.14,2
15830,576.0,1
15831,794.64,3
15832,836.79,1
15833,80.4,1
15834,3764.39,7
15835,954.09,4
15836,137.37,1
15837,777.01,2
15838,73205.5,34
15839,1048.49,3
15840,355.56,2
15841,2742.4100000000003,9
15842,548.8,2
15843,118.95000000000002,1
15844,130.73999999999998,1
15845,4426.28,11
15846,107.01,1
15847,822.57,5
15848,137.99,1
15850,1006.75,6
15851,109.73,1
15852,257.26,3
15853,110.8,1
15854,5578.28,21
15855,1052.72,6
15856,32275.95,52
15857,570.48,2
15858,3552.41,13
15859,438.46,1
15860,2361.3,17
15861,4369.2,12
15862,2512.29,13
15863,355.1,5
15864,2180.76,7
15865,2241.42,5
15866,211.89,1
15867,8923.3,31
15868,94.53,1
15869,321.11,3
15870,857.46,4
15871,33.099999999999994,1
15872,729.25,4
15873,313.92,4
15874,11284.76,21
15875,108.52,1
15876,1449.1399999999999,2
15877,490.33000000000004,2
15878,330.77,2
15879,1137.8,4
15880,329.03000000000003,1
15881,501.39000000000004,5
15882,1124.66,8
15883,396.48,2
15884,244.60000000000002,2
15885,1951.8200000000002,15
15886,1052.87,4
15887,1027.15,3
15888,429.15999999999997,3
15889,1427.6,8
15890,535.65,5
15891,511.68,1
15892,128.2,1
15893,305.28000000000003,1
15894,258.25,2
15895,179.17,1
15897,208.59,2
15898,4996.45,25
15899,56.25,1
15900,886.5699999999999,4
15901,687.72,7
15902,145.01,1
15903,8939.84,12
15904,164.68,1
15905,114.69,1
15906,2530.19,10
15907,882.72,3
15908,758.62,2
15909,191.94,1
15910,2661.17,15
15911,1700.24,8
15912,1074.7,9
15913,6.300000000000001,1
15914,205.98999999999998,2
15915,364.45,1
15916,3145.24,13
15917,530.17,5
15918,582.88,3
15919,525.69,2
15920,569.14,9
15921,775.26,4
15922,369.5,1
15923,127.08,1
15924,102.82,1
15925,207.15,1
15926,134.44,1
15927,106.54,1
15928,293.53,1
15929,594.0,1
15930,426.63,1
15931,239.9,1
15932,2495.87,8
15933,1107.46,3
15934,2190.66,2
15935,416.86,2
15936,282.79,2
15937,145.35,1
15938,734.81,9
15939,9060.39,16
15940,35.8,1
15941,405.0,1
15942,337.44,1
15943,271.28999999999996,2
15944,2164.24,4
15945,646.27,4
15946,2304.18,3
15947,1708.24,1
15948,1509.0900000000001,3
15949,364.72,2
15950,7120.91,10
15951,1013.17,3
15952,781.91,4
15953,3440.3399999999997,18
15954,190.75,1
15955,8085.9800000000005,22
15956,617.5999999999999,2
15957,921.25,3
15958,462.12,4
15959,542.8900000000001,3
15960,410.95000000000005,4
15961,451.28999999999996,1
15962,289.48,1
15963,470.76,2
15964,269.21000000000004,1
15965,2771.94,13
15966,426.53000000000003,1
15967,2966.0,12
15968,404.55,1
15969,1127.05,5
15970,1017.32,2
15971,5902.83,18
15972,1769.33,5
15973,680.6200000000001,3
15974,3442.15,7
15975,371.01,1
15976,1694.41,6
15977,1054.73,2
15978,3279.42,3
15979,329.22,1
15980,6543.679999999999,7
15981,9362.77,21
15982,324.51,1
15983,3110.37,8
15984,8393.02,30
15985,2715.28,7
15986,354.42,2
15987,1535.99,8
15988,738.89,3
15989,368.31,2
15990,1997.75,7
15991,150.55,1
15992,896.6,3
15993,2777.67,7
15994,1175.68,3
15995,694.54,1
15996,1386.4,7
15998,8274.14,16
15999,20.4,1
16000,12393.7,3
16001,583.39,1
16002,169.21,1
16003,5613.83,10
16004,2146.39,5
16005,2365.49,10
16006,332.82,2
16007,3053.06,7
16008,5339.13,15
16009,972.11,4
16010,1694.8600000000001,11
16011,5601.01,29
16012,2978.59,5
16013,56078.44,84
16014,1100.28,5
16015,704.55,3
16016,2083.4,11
16017,1545.58,5
16018,698.13,4
16019,17329.16,27
16020,851.01,3
16021,487.03,2
16022,602.63,1
16023,719.8100000000001,3
16024,483.99,3
16025,439.65999999999997,1
16026,236.09,1
16027,2048.36,15
16028,82.2,1
16029,117763.62,107
16030,331.24,1
16031,547.9,2
16032,1965.72,6
16033,10608.81,27
16034,911.3199999999999,6
16035,217.73,1
16036,2556.84,4
16037,1509.3400000000001,5
16038,471.78,3
16039,456.40000000000003,2
16040,2416.9,7
16041,3166.4,3
16042,2245.32,8
16043,1856.5900000000001,8
16044,340.84000000000003,1
16045,3434.9300000000003,8
16046,235.78,1
16047,107.14,1
16048,818.7900000000001,4
16049,1852.15,6
16050,300.70000000000005,3
16051,188.44,1
16052,362.06,1
16053,3634.84,6
16054,2111.88,4
16055,134.8,1
16056,650.75,1
16057,3854.85,10
16058,62.7,1
16059,3053.57,12
16060,541.95,3
16061,89.65,1
16062,2863.45,8
16063,335.32,1
16064,109.31,1
16065,1992.13,8
16066,1521.04,5
16067,3269.11,3
16068,115.73,1
16069,457.7,1
16070,852.1500000000001,2
16071,1076.8000000000002,4
16072,4180.09,4
16073,122.39999999999999,1
16074,252.5,1
16075,736.9300000000001,2
16076,2234.73,10
16077,2300.4,1
16078,362.99,2
16079,1352.0,3
16080,602.5600000000001,4
16081,4278.96,8
16082,106.75,1
16083,2351.42,4
16084,436.18,1
16085,2341.03,12
16086,2687.73,10
16087,1739.92,5
16088,1437.4299999999998,2
16089,263.49,2
16090,180.56,1
16091,315.06,2
16092,1587.94,6
16093,17.0,1
16094,3695.56,11
16095,447.05,1
16096,1584.97,4
16097,185.04999999999998,1
16098,4010.7,14
16099,1573.2,7
16100,582.64,1
16101,3229.16,4
16102,1842.14,3
16103,6191.71,22
16104,2774.46,9
16105,2386.19,5
16106,108.38,1
16107,3204.1600000000003,7
16108,2235.92,4
16109,939.48,3
16110,1781.59,4
16111,549.33,1
16112,195.74,4
16113,161.38,1
16114,135.75000000000003,1
16115,2553.8,12
16116,612.78,1
16117,654.4,3
16118,4376.25,1
16119,1720.8100000000002,8
16120,2967.51,6
16121,1450.04,5
16122,895.6200000000001,6
16123,307.78,1
16124,1772.49,4
16125,4292.35,14
16126,14644.6,15
16127,801.31,2
16128,3801.05,11
16129,1396.05,3
16130,987.48,4
16131,9957.42,12
16132,664.2,2
16133,22992.260000000002,56
16134,2145.34,5
16135,819.4499999999999,2
16136,946.8,4
16137,422.7,1
16138,910.3500000000001,3
16139,1111.15,5
16140,1433.46,3
16141,955.94,2
16142,535.34,1
16143,4555.08,12
16144,175.2,1
16145,6805.4400000000005,19
16146,946.38,4
16147,2398.91,5
16148,386.62,2
16149,422.22,3
16150,4002.17,10
16152,1829.04,1
16153,5133.49,11
16155,796.9,5
16156,6188.18,20
16157,656.69,3
16158,628.32,9
16159,1232.79,4
16160,1025.44,2
16161,12580.06,43
16162,37.4,1
16163,2407.98,6
16164,822.48,3
16165,79.9,1
16166,435.83000000000004,2
16167,1386.1200000000001,5
16168,10360.67,66
16169,1822.97,4
16170,6869.0,20
16171,73.2,1
16172,1884.55,8
16173,1418.3200000000002,6
16174,2246.75,7
16175,1836.4399999999998,7
16176,2052.69,4
16177,2247.31,8
16178,612.6,2
16179,215.83,1
16180,16249.87,13
16181,305.54,1
16182,9971.65,9
16183,1077.81,4
16184,1158.79,6
16185,644.72,3
16186,8718.43,26
16187,6911.4400000000005,15
16188,1087.66,5
16189,215.48,2
16190,2723.55,8
16191,15677.82,24
16192,351.3,1
16193,630.4300000000001,2
16194,308.59999999999997,1
16195,323.25,1
16196,93.3,1
16197,2016.71,9
16198,1030.0410000000002,2
16199,942.75,7
16200,5608.1,12
16201,2112.12,5
16202,2501.99,9
16203,943.8399999999999,6
16204,918.71,3
16205,1820.1100000000001,7
16206,2589.87,13
16207,394.38,1
16208,3440.45,10
16209,4146.78,9
16210,33750.97,35
16211,1090.59,3
16212,1293.71,4
16213,159.0,1
16214,2038.25,4
16215,242.35,1
16216,914.9300000000001,1
16217,304.25,2
16218,3968.67,13
16219,40.8,1
16221,2019.92,9
16222,1272.0500000000002,2
16223,1087.0500000000002,2
16224,1616.54,5
16225,2859.31,15
16226,672.1700000000001,5
16227,1027.22,3
16228,885.71,3
16229,2867.8599999999997,6
16230,542.03,2
16231,1074.47,4
16232,2712.97,7
16233,1818.31,9
16234,333.18,3
16235,2053.71,9
16236,432.2,1
16237,136.65,1
16238,63.66,1
16239,1492.2,6
16240,3718.8,2
16241,3992.86,16
16242,7404.650000000001,14
16243,409.1,2
16244,1522.75,2
16245,1413.66,3
16246,821.35,2
16247,114.56,1
16248,152.94,1
16249,1800.0700000000002,5
16250,565.24,3
16251,128.31,1
16252,295.09000000000003,1
16253,7272.2,7
16254,967.44,3
16255,4530.0,15
16256,1629.3700000000001,3
16257,46.95,1
16258,11942.52,15
16259,340.94,3
16260,1035.45,1
16261,1041.16,6
16262,755.15,1
16263,348.16,1
16264,823.53,2
16265,6935.17,12
16266,1757.95,14
16267,186.66,1
16268,667.65,2
16269,717.57,1
16270,1141.24,1
16271,3397.82,10
16272,411.7,1
16273,318.34000000000003,2
16274,351.75,1
16275,2151.11,3
16276,2629.3900000000003,3
16277,188.69,1
16278,1117.84,3
16279,5698.280000000001,9
16280,238.05,1
16281,3424.02,3
16282,1307.58,3
16283,4350.32,8
16284,1018.48,3
16285,176.9,1
16286,328.95,2
16287,1006.98,5
16288,129.85,1
16289,136.31,1
16290,1957.7,4
16291,117.72,1
16292,1253.76,5
16293,4279.200000000001,15
16294,126.05000000000001,1
16295,1328.55,4
16296,1313.67,4
16297,301.9,1
16298,1085.7,7
16299,193.65,1
16300,1367.3200000000002,3
16301,107.33,1
16302,233.22,1
16303,7928.27,7
16304,381.66,1
16305,361.21999999999997,1
16306,1124.72,7
16307,1194.92,3
16308,5120.0,7
16309,706.5699999999999,2
16310,460.08,2
16311,616.26,2
16312,171.15,1
16313,274.15,2
16314,1491.4,3
16315,402.71000000000004,2
16316,5744.91,13
16317,2192.51,5
16318,328.15,1
16319,404.40000000000003,1
16320,5628.99,6
16321,604.5500000000001,7
16322,326.75,2
16323,353.66,2
16324,408.59000000000003,3
16325,3597.5,12
16326,4721.25,24
16327,10159.64,16
16328,310.83,1
16329,1664.92,4
16330,625.38,7
16331,2037.7,6
16332,2000.01,11
16333,26626.8,22
16334,263.73,1
16335,2753.52,7
16336,3517.6899999999996,4
16337,151.05,1
16338,214.79999999999998,1
16339,94.05,1
16340,1496.2399999999998,3
16341,3850.79,7
16342,322.40999999999997,4
16343,614.12,3
16344,842.42,4
16345,1178.79,2
16346,224.51,1
16347,3442.96,11
16348,1744.4199999999998,8
16349,53.5,1
16350,2253.89,9
16351,3330.03,13
16352,494.44,2
16353,9795.460000000001,38
16354,1119.46,5
16355,416.35,1
16356,415.87,6
16357,868.37,4
16358,2919.6500000000005,5
16359,2697.75,16
16360,3450.41,6
16361,891.21,4
16362,922.16,6
16363,109.36000000000001,1
16364,705.79,2
16365,3167.3399999999997,15
16366,1548.13,4
16367,1350.48,3
16368,621.44,3
16369,2656.56,7
16370,1301.91,4
16371,157.2,1
16372,1290.31,5
16373,309.49,2
16374,1723.4,5
16375,104.0,2
16376,974.96,2
16377,1308.48,2
16378,362.95,3
16379,2157.4,4
16380,1743.1499999999999,1
16381,247.85,2
16382,353.1,2
16383,2896.69,7
16384,1358.95,4
16385,881.35,5
16386,1068.16,3
16387,882.4599999999999,5
16388,186.05,1
16389,1382.07,4
16390,467.50000000000006,3
16391,1052.26,4
16392,756.6999999999999,3
16393,5297.77,23
16394,1555.34,5
16395,3518.41,14
16396,137.8,1
16397,123.13,1
16398,1705.8000000000002,2
16399,630.22,3
16400,3059.85,9
16401,6849.15,23
16402,293.45,2
16403,177.5,1
16404,443.05,1
16405,167.25,2
16406,528.36,3
16407,2761.65,14
16408,231.93,1
16409,5652.74,12
16410,130.32,1
16411,756.3900000000001,4
16412,593.19,5
16413,522.03,2
16414,551.21,5
16415,696.76,3
16416,2957.88,9
16417,35.7,1
16418,1028.74,5
16419,1463.7,8
16420,75.0,1
16421,526.27,3
16422,61920.87,109
16423,346.12,1
16424,443.06,2
16425,302.7,1
16426,1863.76,10
16427,241.06,2
16428,638.49,3
16429,284.55,1
16430,1117.94,7
16431,623.28,3
16432,287.4,1
16433,384.52,2
16434,2673.69,12
16435,1003.07,3
16436,319.14,3
16437,301.25,2
16438,798.35,5
16439,310.70000000000005,1
16440,3856.97,6
16441,1019.1300000000001,5
16442,891.98,5
16443,162.24,1
16444,3625.88,17
16445,583.16,4
16446,168472.5,2
16447,727.1,3
16448,361.12,2
16449,707.69,2
16450,1505.73,3
16451,1013.1500000000001,3
16452,332.17,2
16453,251.71,2
16454,30.950000000000003,4
16455,3995.5699999999997,11
16456,6000.94,13
16457,208.36,1
16458,5690.89,30
16459,71.78999999999999,1
16460,811.23,3
16461,1545.83,3
16462,136.0,3
16463,1422.4,4
16464,1298.6599999999999,3
16465,746.24,2
16466,3767.09,15
16467,2869.16,7
16468,787.52,3
16469,803.9000000000001,5
16470,2416.85,11
16471,1189.98,4
16472,789.5999999999999,2
16473,470.83,4
16474,1810.65,7
16475,544.3,4
16476,350.35,1
16477,4094.37,11
16478,331.0,3
16479,300.83000000000004,2
16480,769.29,1
16481,453.38,1
16482,220.62,1
16483,139.35,1
16484,404.3,2
16485,2287.19,5
16486,134.36,1
16487,209.4,2
16488,498.8,3
16489,303.7,2
16490,205.41000000000003,1
16491,1533.1599999999999,2
16492,385.56,1
16493,2132.09,7
16494,826.53,1
16495,648.26,3
16496,2330.77,6
16497,6695.280000000001,23
16498,100.97,2
16499,2578.34,8
16500,843.91,9
16501,1191.23,1
16502,258.55,2
16503,3614.34,11
16504,465.88,1
16505,777.6,1
16506,90.30000000000001,2
16507,142.71,1
16508,240.95,1
16509,363.7,1
16510,1777.5,6
16511,1760.49,6
16513,874.59,4
16515,3179.06,10
16516,101.69999999999999,1
16517,162.7,1
16518,959.37,4
16519,439.06,4
16520,2148.38,6
16521,1140.11,3
16522,433.36,2
16523,11916.33,28
16524,306.19,2
16525,24151.3,48
16526,717.21,2
16527,1232.94,2
16528,244.41,1
16529,1986.8,4
16530,48.349999999999994,1
16531,2298.33,11
16532,8756.64,5
16533,1082.81,3
16534,635.9,1
16535,972.04,3
16536,548.12,1
16537,23.35,1
16538,395.07,3
16539,3289.66,10
16540,205.75,1
16541,424.03,1
16542,257.32,2
16543,292.21,1
16544,376.70000000000005,4
16545,689.8199999999999,2
16546,5307.07,5
16547,104.25999999999999,1
16548,30.15,1
16549,12781.8,34
16550,8813.58,18
16551,2237.12,7
16552,379.7300000000001,2
16553,16584.010000000002,33
16554,2841.7200000000003,8
16555,1915.68,6
16556,8012.58,17
16557,281.85,2
16558,13304.11,38
16559,175.0,1
16560,3048.38,8
16561,511.12,2
16562,223.85999999999999,1
16563,4412.56,6
16564,87.8,1
16565,773.05,4
16566,614.66,5
16567,865.6,2
16568,1020.9000000000001,2
16569,1455.23,5
16570,7434.3099999999995,20
16571,4248.74,10
16572,1009.5999999999999,3
16573,663.61,2
16574,1301.78,3
16576,540.87,2
16577,380.0,1
16578,156.6,1
16579,295.05,1
16581,105.84,1
16582,313.62,1
16583,297.95,2
16584,3156.17,5
16585,341.59000000000003,2
16586,1462.78,3
16587,225.15,1
16588,1361.28,4
16589,612.36,4
16590,605.9,2
16591,213.5,1
16592,7807.91,28
16593,1071.14,8
16594,181.09,1
16595,1757.75,5
16596,458.98,4
16597,90.04,1
16598,145.04999999999998,1
16599,172.8,1
16600,2153.41,13
16601,677.0,3
16602,763.33,2
16603,482.47,2
16604,432.45,2
16605,60.48,1
16606,357.66,2
16607,5706.87,25
16608,1286.62,2
16609,5493.46,7
16610,75.66,1
16611,1785.13,6
16612,3245.4300000000003,9
16613,618.59,1
16614,1179.79,3
16615,291.5,1
16616,500.42,2
16617,151.85,1
16618,2647.59,5
16619,1938.33,4
16620,1758.93,6
16621,813.48,4
16622,225.4,1
16623,1015.24,4
16624,810.5699999999999,2
16625,1654.03,5
16626,4413.1,17
16627,322.8,1
16628,2318.1,7
16629,408.63,2
16630,106.80000000000001,1
16631,1892.52,7
16632,406.4,2
16633,2883.1,6
16634,1649.81,6
16635,473.0,1
16636,3802.04,4
16637,1154.47,4
16638,2380.13,15
16639,1747.98,4
16640,179.4,1
16641,554.5,2
16642,1077.45,3
16643,923.11,2
16644,833.78,2
16645,160.39,1
16646,678.8,1
16647,541.9,4
16648,672.8,3
16649,306.58000000000004,1
16650,1916.1100000000001,7
16651,136.2,1
16652,17550.39,16
16653,1212.6599999999999,2
16654,1484.07,8
16655,6423.26,13
16656,16833.17,30
16657,874.4300000000001,4
16658,690.83,6
16659,39.12,1
16660,1879.55,7
16661,932.76,4
16662,151.05,1
16663,165.0,1
16664,109.2,1
16665,135.39999999999998,1
16666,217.71,2
16667,567.18,2
16668,862.42,13
16669,1348.88,3
16670,8030.150000000001,20
16671,1692.2700000000002,3
16672,8134.9400000000005,20
16673,171.13,1
16674,304.24,2
16675,608.8599999999999,2
16676,2361.9,6
16677,880.62,2
16678,3109.9900000000002,12
16679,663.31,3
16680,821.45,3
16681,1921.84,7
16682,1028.0,5
16683,320.25,1
16684,147142.77,55
16685,324.24,2
16686,4881.07,16
16687,157.63,1
16688,1260.86,4
16689,422.6,2
16690,353.03,4
16691,178.82999999999998,2
16692,1914.6999999999998,4
16693,1179.48,5
16694,98.30000000000001,1
16695,191.9,2
16696,657.9000000000001,4
16697,112.75,1
16698,1998.0,2
16699,994.6,7
16700,8830.77,25
16701,9916.73,26
16702,1110.83,4
16704,664.16,2
16705,43515.051,42
16706,531.3499999999999,3
16707,533.41,4
16708,656.63,1
16709,9056.01,14
16710,5921.35,22
16711,2868.48,9
16712,4232.87,13
16713,14115.56,32
16714,1497.33,4
16715,625.52,2
16716,2149.6800000000003,3
16717,6663.68,14
16718,3006.08,5
16719,3513.62,14
16720,758.74,3
16721,292.47,1
16722,8189.5599999999995,22
16723,1231.3600000000001,4
16724,147.35,1
16725,1688.26,14
16726,2063.88,7
16727,1377.77,4
16728,1048.28,4
16729,7205.33,21
16730,743.11,3
16731,170.3,1
16732,4387.64,4
16733,259.68,1
16734,646.76,3
16735,6217.41,14
16736,2956.56,5
16737,835.1999999999999,2
16738,3.75,1
16739,786.4300000000001,2
16740,226.91,1
16741,173.06,1
16742,2799.87,14
16743,4212.150000000001,14
16744,1291.9099999999999,7
16745,7180.700000000001,17
16746,18046.75,42
16747,836.06,2
16748,3637.33,14
16749,4157.88,2
16750,623.93,5
16751,1764.72,1
16752,207.5,1
16753,223.92000000000002,1
16754,65500.07,29
16755,2864.68,7
16756,1312.3700000000001,7
16757,270.48,2
16758,369.34000000000003,1
16759,789.79,3
16760,228.0,1
16761,316.62,1
16762,1207.2400000000002,3
16763,964.7,2
16764,2790.9500000000003,13
16765,454.75,2
16766,1145.6,2
16767,8056.76,15
16768,1698.57,9
16769,1117.0500000000002,4
16770,1778.93,9
16771,3949.6,10
16772,3698.05,3
16773,421.24,3
16774,1567.48,8
16775,2820.84,16
16776,592.51,2
16777,1292.18,5
16778,245.94,2
16779,32809.03,53
16780,596.4,3
16781,623.0,2
16782,9636.119999999999,38
16783,391.95,1
16784,892.33,5
16785,533.78,1
16786,51.839999999999996,1
16787,1017.53,4
16788,1928.93,5
16789,80.8,1
16790,1545.6200000000001,6
16791,3957.63,15
16792,623.46,5
16793,243.84,1
16794,2052.7,15
16795,2062.4100000000003,3
16796,305.62,1
16797,1802.02,5
16798,841.16,3
16799,452.78,2
16800,1162.65,1
16801,1594.23,4
16802,582.61,2
16803,332.3,1
16804,536.99,3
16805,1091.34,5
16806,762.16,4
16807,2123.88,6
16808,288.42,2
16809,1727.43,9
16810,842.04,2
16811,547.0699999999999,2
16812,2392.0,4
16813,1652.18,10
16814,11924.85,36
16815,406.02,2
16816,417.06,4
16817,2560.7,13
16818,3349.57,11
16819,182.59,2
16820,497.61,1
16821,113.35,1
16822,181.39,1
16823,2243.09,7
16824,686.24,3
16825,1826.8899999999999,5
16826,341.7,1
16827,392.13,5
16828,128.5,2
16829,513.32,2
16830,1207.5,4
16831,91.8,1
16832,417.61,5
16833,2409.04,6
16834,898.96,2
16835,1456.66,6
16836,782.37,4
16837,3170.98,11
16838,1159.6100000000001,4
16839,21758.25,44
16840,139.85,2
16841,4006.06,12
16842,1264.19,3
16843,19571.43,35
16844,614.34,2
16845,253.88,1
16846,842.4100000000001,3
16847,614.8900000000001,2
16848,1411.62,4
16849,124.57,1
16850,332.41,1
16851,342.45000000000005,3
16852,144.91,2
16854,1408.96,2
16855,328.4,2
16856,358.49,3
16857,352.8,1
16858,4292.59,10
16859,1932.4099999999999,7
16860,1610.6200000000001,3
16861,946.59,5
16862,662.33,4
16863,834.27,3
16864,409.25,2
16865,130.95,1
16866,207.73999999999998,3
16867,76.74000000000001,1
16868,384.56,3
16869,817.12,4
16870,450.15999999999997,1
16871,2812.34,6
16872,1213.13,6
16873,14617.39,12
16874,209.89000000000001,1
16875,4234.530000000001,11
16876,136.01,1
16877,846.62,6
16878,13.3,1
16880,1813.21,8
16881,432.0,1
16882,705.12,3
16883,2246.06,19
16884,1070.97,4
16885,684.6,4
16886,134.0,1
16887,658.17,3
16888,434.2,3
16889,2526.65,6
16890,285.40999999999997,3
16891,1727.94,11
16892,754.75,7
16893,249.89000000000001,2
16894,1306.96,3
16895,1102.9,5
16896,103.95,1
16897,289.78,2
16898,885.21,5
16899,1695.77,8
16900,887.11,3
16901,204.26,1
16902,1706.88,1
16903,1041.75,3
16904,4675.36,21
16905,4706.7699999999995,17
16906,1410.92,7
16907,1470.8899999999999,9
16908,252.59,1
16909,379.14,1
16910,1508.96,8
16911,255.25000000000003,2
16912,4460.51,15
16913,423.90999999999997,3
16914,183.76,1
16915,1543.18,11
16916,902.02,4
16917,1851.88,2
16918,3206.54,16
16919,4909.66,24
16920,355.45,1
16921,409.21000000000004,3
16922,611.08,1
16923,13157.130000000001,32
16924,829.89,3
16925,125.65,1
16926,1169.61,5
16927,543.05,3
16928,3897.5299999999997,29
16929,1295.39,7
16930,378.89,3
16931,5032.22,23
16932,412.55000000000007,3
16933,3099.3,9
16934,2083.14,6
16935,530.86,3
16936,548.29,2
16937,196.25,1
16938,6995.360000000001,9
16939,433.85,3
16940,6427.66,8
16941,33.0,1
16942,1904.99,9
16943,1299.49,5
16944,101.36,1
16945,8548.16,33
16946,1222.04,5
16947,955.21,5
16948,868.77,7
16949,1286.27,6
16950,3541.77,10
16951,1277.75,3
16952,795.83,5
16953,20.8,1
16954,6081.88,20
16955,1120.31,6
16956,308.74,1
16957,416.64,2
16958,778.49,1
16959,117.35000000000001,1
16960,1990.88,8
16961,794.56,3
16962,251.04,1
16963,110.55000000000001,1
16964,207.85,2
16965,201.19,1
16966,2154.97,7
16967,319.02,1
16968,439.43,2
16969,650.41,3
16970,71.4,1
16971,357.21,1
16972,749.0,2
16973,127.0,1
16974,365.5,2
16975,926.12,3
16976,251.51999999999998,1
16977,496.0,4
16978,768.88,3
16979,2859.74,9
16980,1422.83,3
16982,384.06,1
16983,3490.5299999999997,11
16984,10350.53,9
16985,10923.16,23
16986,4888.75,11
16987,2521.4,11
16988,382.67,2
16989,1133.25,6
16990,344.0,2
16991,1041.21,1
16992,5476.5,13
16993,1950.95,2
16996,2123.61,9
16997,702.0,3
16998,402.0,5
16999,484.82000000000005,2
17000,406.3,2
17001,6640.8,19
17002,2571.55,7
17003,828.2099999999999,4
17004,2324.36,4
17005,622.36,2
17006,1635.27,8
17007,1120.1,7
17008,81.36,1
17009,242.06,1
17010,195.36,1
17011,671.6999999999999,3
17012,360.61,1
17014,583.4300000000001,3
17015,1838.61,3
17016,552.4,1
17017,12576.99,29
17018,2287.7,6
17019,3602.29,11
17020,935.62,2
17021,1182.22,6
17022,260.0,2
17023,800.1800000000001,3
17024,95.85,3
17025,1349.67,5
17026,175.82999999999998,3
17027,1310.63,9
17028,1593.83,3
17029,2137.3,7
17030,146.87,1
17031,2773.85,6
17032,2984.32,8
17033,1332.79,4
17034,1276.42,5
17035,613.59,4
17036,176.9,1
17037,1267.32,1
17038,743.17,2
17039,1954.99,1
17040,463.25,2
17041,1655.2,6
17042,1036.58,5
17043,2593.65,8
17044,11962.300000000001,12
17045,827.6800000000001,5
17046,1906.0700000000002,5
17047,2289.23,6
17048,2071.6800000000003,7
17049,9942.53,19
17050,4648.59,11
17051,706.49,4
17052,399.09,1
17053,498.48,1
17054,1356.33,5
17055,232.85,1
17056,128.60000000000002,1
17057,294.74,1
17058,1179.89,3
17059,4864.57,9
17060,234.24,1
17061,5232.2300000000005,11
17062,889.75,6
17063,3638.53,13
17064,855.45,3
17065,194.7,2
17066,228.34,1
17067,454.53999999999996,3
17068,8987.68,47
17069,5517.2300000000005,14
17070,437.42,2
17071,3793.71,13
17072,273.35,1
17073,1446.09,4
17074,203.05,1
17075,2236.63,10
17076,1242.75,6
17077,306.0,1
17078,378.2,2
17079,118.80000000000001,1
17080,957.53,7
17081,949.39,6
17082,4732.030000000001,6
17083,4049.79,9
17084,5001.21,3
17085,7847.67,28
17086,2050.08,6
17087,221.53,1
17088,1991.01,4
17089,128.45,1
17090,3080.1800000000003,13
17091,7495.75,19
17092,5511.41,11
17093,235.88,1
17094,402.2,2
17095,2572.25,7
17096,3697.93,11
17097,1143.36,9
17098,591.07,3
17099,582.17,1
17100,971.74,2
17101,2507.05,7
17102,25.5,1
17103,424.3,1
17104,474.03,1
17105,665.78,2
17106,481.58,1
17107,16052.720000000001,10
17108,174.95,1
17109,1291.71,8
17110,499.9,3
17111,459.58000000000004,2
17112,197.57,1
17113,2305.59,6
17114,801.12,8
17115,2761.49,7
17116,389.78,1
17117,116.19999999999999,1
17118,157.02,1
17119,606.91,2
17120,307.46,1
17121,314.74,1
17122,570.5,4
17123,977.17,3
17124,294.24,1
17125,230.5,1
17126,2016.43,9
17127,1155.0300000000002,5
17128,157.09,1
17129,31.85,1
17131,2463.17,5
17132,1220.9099999999999,2
17133,14622.33,12
17134,625.3,3
17135,1722.18,10
17136,231.68,1
17137,1099.81,6
17138,4417.27,7
17139,19566.76,25
17140,454.12,1
17141,727.58,4
17142,1275.25,4
17143,880.97,2
17144,984.5699999999999,2
17145,3120.91,4
17146,5852.64,13
17147,3199.95,9
17148,124.88,1
17149,143.10000000000002,1
17150,1357.95,6
17151,231.90000000000003,1
17152,2016.5,4
17153,213.78,1
17154,329.34,1
17155,892.46,7
17156,591.87,1
17157,5151.9,19
17158,1980.0,5
17159,2099.59,5
17160,10209.16,17
17161,856.01,1
17162,1715.46,10
17163,699.78,4
17164,2467.35,7
17165,1794.3200000000002,6
17166,206.34,2
17167,867.11,3
17168,400.2,1
17169,1156.73,3
17170,178.68,2
17171,384.59000000000003,2
17172,956.5699999999999,3
17173,3766.6000000000004,8
17174,59.9,1
17175,1443.69,4
17176,902.3199999999999,3
17177,119.5,1
17178,432.96,1
17179,1507.26,6
17180,2236.77,11
17181,309.85,3
17182,321.3,2
17183,3347.3100000000004,6
17184,198.41000000000003,2
17185,229.46,3
17186,144.0,2
17187,467.71,2
17188,4592.93,13
17189,953.6300000000001,5
17190,1726.57,7
17191,4310.34,15
17192,75.28,1
17193,2310.04,9
17194,812.5,3
17195,562.98,1
17196,327.75,1
17197,1013.01,1
17198,692.22,3
17199,135.04000000000002,1
17200,356.71,4
17201,1143.1,4
17202,160.65,1
17203,5564.09,10
17204,5504.6900000000005,9
17205,999.3499999999999,3
17206,204.24,1
17207,292.62,1
17208,111.15,1
17209,595.7,3
17210,251.72,1
17211,3773.35,13
17212,794.41,3
17213,4869.400000000001,13
17214,1059.1200000000001,6
17215,186.15,1
17216,63.6,1
17217,210.1,2
17218,3891.39,18
17219,259.13,2
17220,4457.31,21
17221,976.62,5
17222,1579.51,6
17223,558.04,3
17224,100.86,1
17225,131.15,1
17226,895.47,3
17227,1878.93,12
17228,2820.03,13
17229,318.76,2
17230,9388.49,18
17231,7064.8,25
17232,417.77,2
17233,560.86,3
17234,149.89000000000001,1
17235,1562.98,8
17236,1929.26,12
17237,994.13,4
17238,7331.67,32
17239,1189.45,4
17240,130.6,1
17241,2736.6400000000003,12
17242,2889.2799999999997,5
17243,20203.58,69
17244,1826.04,5
17245,371.63,2
17246,38.92,2
17247,280.09000000000003,1
17248,500.53999999999996,2
17249,68.03,1
17250,381.97,2
17251,798.98,3
17252,348.90999999999997,2
17253,178.26,1
17254,469.48,3
17255,781.7,4
17256,498.93,5
17257,189.78,2
17258,417.30000000000007,2
17259,1452.39,6
17260,120.95,1
17261,221.59,1
17262,2488.76,11
17263,63.440000000000005,1
17264,268.28,1
17265,550.01,2
17266,501.72,5
17267,317.20000000000005,2
17268,1733.8899999999999,11
17269,491.81,1
17270,601.45,2
17271,204.3,1
17272,2148.63,4
17273,141.12,1
17274,573.22,2
17275,114.1,1
17276,502.49,1
17277,1065.35,2
17278,271.24,2
17279,187.82999999999998,1
17280,118.85999999999999,1
17281,797.8499999999999,6
17282,2308.54,5
17283,188.46,1
17284,2788.06,8
17285,407.94,2
17286,389.18,3
17287,3826.86,21
17288,2468.4300000000003,11
17289,2041.8,9
17290,1487.96,8
17291,550.8000000000001,1
17292,271.75,2
17293,3750.63,17
17294,467.78999999999996,2
17295,547.0,3
17296,338.13,1
17297,128.18,1
17298,954.26,5
17299,993.23,6
17300,393.64,2
17301,294.39,2
17302,1135.63,5
17303,250.04,1
17304,111.5,1
17305,2135.46,1
17306,9782.35,21
17307,3999.8900000000003,11
17308,4511.76,2
17309,320.39,3
17310,1025.1,2
17311,3566.56,6
17312,644.3,3
17313,2328.84,1
17314,4904.43,17
17315,9599.58,43
17316,124.45,1
17317,2600.34,3
17318,157.32999999999998,1
17319,29.1,1
17320,2444.85,6
17321,1665.21,6
17322,922.59,5
17323,1551.04,12
17324,2171.07,12
17325,609.5699999999999,3
17326,312.35,2
17327,152.35,2
17328,104.7,1
17329,998.53,5
17330,423.79999999999995,4
17331,175.2,1
17332,838.27,5
17333,494.25,1
17334,635.15,3
17335,497.04,2
17336,81.12,1
17337,1981.06,4
17338,11889.33,17
17339,302.36,3
17340,19617.95,18
17341,1272.21,5
17342,1227.54,4
17343,1259.94,6
17344,457.36,2
17345,1586.63,10
17346,4998.61,26
17347,228.96,1
17348,2442.29,9
17349,772.41,5
17350,1893.701,7
17351,1988.23,12
17352,36.25,1
17353,3242.0,4
17354,3133.96,4
17355,273.31,1
17356,946.47,5
17357,384.39,2
17358,861.01,5
17359,284.46,2
17360,1200.51,6
17361,871.79,5
17362,1024.04,7
17363,920.46,3
17364,11972.92,28
17365,8184.49,15
17366,1077.24,2
17367,167.55,1
17368,2758.29,14
17369,979.1999999999999,1
17370,446.18,4
17371,655.37,6
17372,4347.31,28
17373,1167.5,7
17374,727.11,3
17375,660.55,4
17376,453.64,4
17377,17644.27,78
17378,10.95,1
17379,389.71999999999997,1
17380,645.0,3
17381,36398.65,38
17382,902.28,8
17383,304.09000000000003,2
17384,507.55,3
17385,256.11,1
17386,2812.7700000000004,7
17387,746.81,2
17388,2675.37,11
17389,57215.33,61
17390,149.3,1
17391,508.8,2
17392,585.92,3
17393,381.15000000000003,2
17394,203.86999999999998,1
17395,97.5,1
17396,8409.6,14
17397,1198.28,3
17398,653.38,3
17400,4623.28,8
17401,114.85,1
17402,4635.5599999999995,23
17403,382.87,2
17404,47781.119999999995,23
17405,1031.41,3
17406,4186.95,13
17407,552.9,1
17408,316.09000000000003,3
17409,7793.51,10
17410,1214.72,5
17411,1425.38,5
17412,4220.22,16
17413,560.14,2
17414,2249.52,6
17415,507.84,1
17416,17298.45,22
17417,164.18,1
17418,670.0600000000001,3
17419,6126.25,18
17420,953.5799999999999,6
17421,1059.41,3
17422,3594.76,11
17423,1118.95,3
17425,759.1700000000001,2
17426,8077.77,13
17427,100.8,1
17428,31466.760000000002,45
17429,1357.46,5
17430,622.5699999999999,4
17431,403.3,1
17432,1728.99,9
17433,569.96,2
17434,2373.82,7
17435,331.35,1
17436,534.06,5
17437,369.68,1
17438,1422.77,5
17439,325.74,1
17440,323.58,4
17441,293.35,1
17442,4620.3,15
17443,534.24,1
17444,2940.04,3
17446,120.9,2
17447,541.53,2
17448,14523.67,46
17449,4868.15,13
17450,244784.25,51
17451,1721.4,7
17453,486.7199999999999,2
17454,1547.94,10
17455,131.7,1
17456,975.5600000000001,2
17457,5984.8099999999995,14
17458,529.58,2
17459,657.3,2
17460,2157.9700000000003,16
17461,735.82,3
17462,675.6899999999999,2
17463,2535.26,7
17464,907.1400000000001,3
17465,2542.79,7
17466,763.28,2
17467,102.6,1
17468,194.8,3
17469,5051.25,17
17470,2626.47,11
17471,321.65000000000003,1
17472,922.35,4
17473,607.0,2
17474,1047.0,1
17475,194.37,1
17476,489.86,2
17477,1144.3,2
17478,1272.8000000000002,2
17479,389.26000000000005,1
17480,882.23,2
17481,1255.59,4
17482,775.6400000000001,2
17483,591.73,4
17484,209.57,2
17486,396.87,1
17487,160.55,1
17488,336.5,1
17489,376.64,2
17490,2750.5,9
17491,5653.67,17
17492,1122.42,3
17493,100.91000000000001,1
17494,54.699999999999996,1
17495,806.72,3
17496,1412.89,4
17497,287.25,2
17498,272.22,1
17499,1341.3899999999999,2
17500,1138.0,3
17501,288.6,2
17502,689.1,4
17503,558.96,2
17504,9490.17,18
17505,2435.48,5
17506,302.2,1
17507,605.5799999999999,2
17508,4579.23,8
17509,6083.64,8
17510,514.56,2
17511,172132.87,60
17512,5467.82,18
17513,1158.8000000000002,3
17514,522.0,2
17515,1602.51,9
17516,947.5,6
17517,153.94,1
17518,329.42,2
17519,4774.17,15
17520,546.81,1
17521,1278.06,5
17522,1070.71,5
17523,652.74,4
17524,539.14,3
17525,1161.9,3
17526,3939.24,12
17527,939.37,4
17528,3628.5,8
17529,1240.25,2
17530,2791.69,12
17531,1266.82,3
17532,65.34,1
17533,34.8,1
17534,1668.83,5
17535,164.4,1
17536,364.83000000000004,3
17537,887.6700000000001,2
17538,98.42,1
17539,1176.84,4
17540,1590.6000000000001,6
17541,119.86,1
17542,340.85,3
17543,120.05,1
17544,944.8199999999999,3
17545,1409.8600000000001,6
17547,727.85,2
17548,731.26,4
17549,148.85999999999999,2
17550,2506.64,9
17551,290.34,1
17552,2786.77,12
17553,3757.6,4
17554,1952.45,5
17555,1045.74,5
17556,300.67,2
17557,575.46,4
17558,259.17,1
17559,167.62,1
17560,1895.8,8
17561,703.02,4
17562,1122.38,7
17563,392.38,2
17564,454.01,3
17565,131.83,1
17566,869.77,2
17567,4838.08,9
17568,374.45,1
17569,344.14,1
17570,100.0,1
17571,1630.9099999999999,5
17572,652.21,10
17573,380.6,3
17574,185.65,1
17575,171.7,1
17576,8711.95,41
17577,348.75,2
17578,1047.33,7
17579,753.28,4
17580,541.02,5
17581,17951.170000000002,43
17582,1446.95,5
17583,135.95,1
17584,5309.42,6
17585,2064.71,7
17586,167.4,1
17587,176.71,1
17588,2939.55,7
17589,13837.939999999999,18
17590,1468.02,3
17591,2339.32,8
17592,148.3,1
17593,8092.32,11
17594,2497.88,4
17595,386.69,2
17596,4491.46,13
17597,3484.09,5
17598,409.98,1
17599,52.05,1
17600,161.67000000000002,1
17601,413.08,2
17602,7354.43,14
17603,1788.38,4
17604,942.38,6
17605,160.75,1
17606,87.30000000000001,1
17607,333.81,1
17608,488.06,4
17609,1887.9,11
17610,1511.94,5
17611,8337.53,28
17612,5394.86,18
17613,4544.55,14
17614,386.32,1
17615,721.8,6
17616,734.4,4
17617,385.19,1
17618,4001.64,11
17619,214.37,1
17620,81.44,1
17621,3175.12,6
17622,1130.21,2
17623,2365.7700000000004,7
17624,1568.63,4
17625,5978.9,8
17626,254.0,1
17627,296.36,1
17628,75.75,1
17629,2455.52,10
17630,503.6,2
17631,998.49,7
17633,2057.39,7
17634,2358.59,9
17635,1265.58,3
17636,285.56,1
17637,547.06,2
17638,842.4,2
17639,615.17,6
17640,3168.9399999999996,6
17642,1824.49,5
17643,439.70000000000005,2
17644,6028.6,20
17646,3898.79,12
17647,331.65999999999997,3
17648,2216.37,5
17649,1578.8899999999999,3
17650,166.08,1
17651,5703.52,16
17652,4867.72,12
17653,1207.5600000000002,4
17654,117.55,1
17655,2976.38,9
17656,1674.69,5
17657,126.0,1
17658,595.42,2
17659,3586.99,14
17660,342.22,2
17662,412.92,2
17663,5175.83,17
17664,1166.23,4
17665,563.1,1
17666,2047.8,5
17667,3950.7,9
17668,347.75,2
17669,6142.35,10
17670,205.7,1
17671,2009.1599999999999,5
17672,5778.63,7
17673,4173.88,13
17674,551.04,2
17675,37642.48,70
17676,2448.64,10
17677,35058.46,54
17678,599.76,2
17679,3577.61,7
17680,497.45000000000005,3
17681,731.2,5
17682,4065.2799999999997,11
17683,819.01,3
17684,239.41,1
17685,5454.95,12
17686,8296.81,9
17687,432.68,1
17688,304.2,1
17689,317.08000000000004,2
17690,6963.8,20
17691,637.55,4
17692,2975.7999999999997,12
17693,200.47,1
17694,1695.97,3
17695,1746.04,5
17696,7679.59,27
17697,338.95,1
17698,154.95,1
17699,442.0,2
17700,6679.97,14
17701,417.95,1
17702,3144.04,6
17703,1094.84,4
17704,885.19,2
17705,2083.9,11
17706,20272.15,31
17707,609.3000000000001,8
17708,884.1800000000001,4
17709,671.01,5
17710,293.5,1
17711,385.1,2
17712,522.91,1
17713,1198.0900000000001,4
17714,1410.18,5
17715,489.59999999999997,2
17716,15956.97,24
17717,376.92,1
17718,439.17999999999995,2
17719,5396.04,15
17720,2666.91,10
17721,307.21000000000004,1
17722,3520.2200000000003,5
17723,3378.4000000000005,7
17724,1033.0,3
17725,3439.08,11
17726,1092.0600000000002,7
17727,1060.25,1
17728,4238.76,5
17729,438.65000000000003,1
17730,7773.8,20
17731,1708.99,6
17732,2166.42,8
17733,692.19,2
17734,1442.3200000000002,6
17735,16790.33,26
17736,377.44,3
17737,168.24,2
17738,4183.5599999999995,13
17739,7730.59,18
17740,426.9,6
17741,101.10000000000001,2
17742,2098.48,11
17743,229.2,1
17744,2649.14,7
17745,600.34,2
17746,904.1800000000001,4
17747,71.4,1
17748,358.15,1
17749,1026.18,3
17750,1710.45,9
17751,157.85999999999999,1
17752,80.64,1
17753,382.05999999999995,4
17754,4451.22,13
17756,728.75,3
17757,9074.05,56
17758,4964.03,12
17759,1261.88,5
17760,746.39,6
17761,712.78,1
17762,129.75,1
17763,86.15,4
17764,1513.57,5
17765,524.0,4
17766,299.61,2
17767,413.04999999999995,2
17768,3292.73,7
17769,7053.38,17
17770,1143.27,5
17771,387.40999999999997,4
17772,360.75,3
17773,575.37,2
17774,3273.83,9
17775,56.4,1
17776,330.56,2
17777,647.56,3
17778,197.70000000000002,1
17779,650.3199999999999,3
17780,346.56,3
17781,188.01999999999998,2
17782,679.02,2
17783,376.96,3
17784,112.86,1
17785,403.38,3
17786,266.85,2
17787,1817.54,4
17788,1117.9,2
17789,397.15,2
17790,2779.41,20
17791,106.1,1
17792,368.35,2
17793,300.34,1
17794,147.3,2
17795,342.83000000000004,2
17796,1236.39,7
17797,1971.8700000000001,8
17798,178.07,1
17799,6246.93,20
17800,1187.21,9
17801,770.03,3
17802,4946.22,10
17803,184.66,1
17804,383.78,3
17805,927.03,2
17806,546.04,1
17807,437.87,3
17808,262.64,4
17809,10085.89,20
17810,373.15999999999997,2
17811,9519.800000000001,47
17812,911.99,7
17813,1698.07,5
17814,1609.37,2
17815,591.96,1
17816,96.11,6
17817,788.15,6
17818,124.78,1
17819,6021.05,12
17820,180.60999999999999,1
17821,334.62,1
17822,2162.93,5
17823,449.25,2
17824,298.4,1
17825,701.96,4
17826,133.34,1
17827,2376.17,6
17828,1820.09,4
17829,4756.74,5
17830,398.7,3
17831,35.400000000000006,1
17832,155.37,1
17833,338.46000000000004,1
17834,689.6700000000001,2
17835,342.24,3
17836,110.21000000000001,1
17837,1541.23,8
17838,5604.64,13
17839,318.15,1
17840,175.9,1
17841,68545.25,211
17842,430.69,1
17843,320.4,2
17844,51.559999999999995,1
17845,596.0899999999999,4
17846,2033.1,1
17847,129.69,2
17848,3559.11,30
17849,1063.76,8
17850,51208.87,155
17851,1552.35,6
17852,657.8100000000001,5
17853,1596.29,3
17854,1068.5,6
17855,208.97,1
17856,1418.03,4
17857,27347.04,24
17858,12518.65,30
17859,141.92000000000002,1
17860,717.39,4
17861,5088.29,18
17862,1254.89,4
17863,5360.48,12
17864,876.5699999999999,5
17865,26312.190000000002,46
17866,1134.95,3
17867,1582.05,15
17868,227.15,1
17869,813.64,7
17870,2753.29,13
17871,1068.95,5
17872,235.87,1
17873,6265.33,18
17874,683.46,6
17875,167.1,1
17876,3424.02,3
17877,237.61,1
17878,1378.93,3
17879,178.51999999999998,1
17880,824.9200000000001,3
17881,133.35000000000002,1
17882,291.56,2
17883,988.4200000000001,7
17884,2698.47,20
17885,156.34,1
17886,1572.55,6
17887,111.35,1
17888,1807.44,25
17889,746.42,7
17890,586.89,2
17891,203.85999999999999,1
17892,244.1,3
17893,107.21,1
17894,2304.58,18
17895,95.45,1
17896,256.32,1
17897,2099.89,9
17898,299.18,4
17899,154.55,1
17900,112.19999999999999,2
17901,260.08,3
17902,216.39999999999998,1
17903,381.09000000000003,1
17904,181.07,1
17905,2178.87,13
17906,72.9,1
17907,291.76,1
17908,1142.47,5
17909,110.05,1
17910,261.7,1
17911,366.23,1
17912,374.55,6
17913,3429.29,14
17914,329.36,1
17915,225.78,1
17916,43.870000000000005,2
17917,335.03,3
17918,396.39,3
17919,1840.32,2
17920,23581.78,54
17921,2394.36,10
17922,170.4,1
17923,497.0,3
17924,3257.7000000000003,8
17925,244.08,1
17926,1035.49,5
17927,294.0,1
17928,341.24,3
17929,3082.1,12
17930,4275.22,13
17931,3402.24,14
17932,1331.57,3
17933,114.69,1
17934,1049.15,3
17935,686.14,7
17936,380.13,1
17937,4301.22,7
17938,144.29,1
17939,99.14,1
17940,30306.79,16
17941,1433.28,4
17942,77.50000000000001,1
17944,74.99,1
17945,360.35,3
17946,149.57999999999998,2
17947,176.68,1
17948,358.56000000000006,1
17949,117314.08,118
17950,1166.29,7
17951,1340.5800000000002,4
17952,788.46,4
17953,159.17000000000002,1
17954,3804.38,19
17955,949.9,6
17956,12.75,1
17957,111.68,1
17958,973.8799999999999,2
17959,140.75,1
17960,135.08,3
17961,2866.74,100
17962,666.96,4
17963,643.16,4
17964,463.21,2
17965,7006.65,29
17966,1963.92,10
17967,223.42,2
17968,590.44,4
17969,2354.29,20
17970,562.79,1
17971,161.94,1
17972,135.19,1
17973,337.04,1
17974,1739.09,6
17975,6696.33,24
17976,321.79,1
17977,1511.4499999999998,2
17978,1159.9899999999998,4
17979,732.4100000000001,4
17980,1012.72,4
17981,239.12,1
17982,138.18,1
17983,171.71,1
17984,1152.19,5
17985,631.35,1
17986,20.8,1
17987,965.44,5
17988,489.53999999999996,14
17989,207.32999999999998,1
17990,1527.6100000000001,6
17991,300.3,3
17992,252.88,1
17993,225.99,1
17994,2270.03,11
17995,495.48,3
17996,482.33000000000004,3
17997,1962.46,8
17998,639.24,3
17999,528.46,3
18000,124.25,1
18001,924.14,6
18002,244.37,4
18003,353.51,1
18004,157.92,1
18005,226.47,2
18006,969.51,4
18007,215.22,1
18008,19759.079999999998,23
18009,2144.23,8
18010,174.8,1
18011,410.78999999999996,2
18012,115.3,1
18013,187.29000000000002,2
18014,162.22,1
18015,120.03,1
18016,1954.56,7
18017,688.0,4
18018,297.99,4
18019,38.45,1
18020,190.48000000000002,1
18021,216.41,2
18022,1507.25,5
18024,389.78,2
18025,1177.72,6
18026,2074.07,2
18027,115.31,1
18028,192.05,1
18029,433.77,1
18030,230.64999999999998,2
18031,451.3,1
18032,73.5,1
18033,93.82000000000001,1
18034,754.1999999999999,3
18035,1260.23,5
18036,1545.49,11
18037,167.42,15
18038,141.48,1
18039,548.22,4
18040,357.2,2
18041,8018.7699999999995,38
18042,281.15,2
18043,529.2900000000001,3
18044,3505.61,18
18045,178.34,1
18046,189.63,1
18047,326.09000000000003,2
18048,394.93,3
18049,500.92,2
18050,412.06000000000006,2
18051,2282.2799999999997,7
18052,10877.18,1
18053,571.0699999999999,3
18054,176.5,1
18055,10142.64,14
18056,554.5999999999999,2
18057,1188.46,3
18058,774.06,3
18059,306.46,3
18060,1185.46,2
18061,6083.81,28
18062,1632.67,6
18063,186.60000000000002,2
18064,4481.83,11
18065,5866.63,29
18066,1440.4,3
18067,396.33,1
18068,101.69999999999999,1
18069,4464.92,11
18070,314.1,1
18071,1169.68,6
18072,247.44,1
18073,3859.82,12
18074,1019.44,2
18075,5783.29,20
18076,151.49,1
18077,4078.79,18
18078,725.53,4
18079,4203.93,5
18080,1231.5,2
18081,343.45000000000005,3
18082,680.84,1
18083,463.53,1
18084,795.23,3
18085,1341.85,4
18086,101.34,1
18087,14761.52,17
18088,166.03,1
18089,428.45,1
18090,321.9,1
18091,360.85,1
18092,14693.720000000001,18
18093,4452.71,8
18094,6391.5199999999995,13
18095,2303.09,5
18096,1657.87,6
18097,4627.92,11
18098,527.94,1
18099,168.31,1
18100,451.56,1
18101,622.01,5
18102,580987.04,145
18103,105.8,1
18104,754.64,1
18105,113.48000000000002,1
18106,1441.06,6
18107,165.88,1
18108,848.81,3
18109,9555.71,38
18110,392.28000000000003,2
18111,405.85,1
18112,773.36,4
18113,76.32000000000001,1
18114,220.1,1
18115,9.700000000000001,1
18116,2134.49,13
18117,315.65,1
18118,6221.02,29
18119,180.7,1
18120,111.15,1
18121,653.3,2
18122,1793.06,6
18123,666.6399999999999,3
18124,102.65,1
18125,1131.75,4
18126,200.92000000000002,1
18127,556.13,4
18128,399.29,1
18129,112.55000000000001,1
18130,1059.3899999999999,3
18131,222.95999999999998,1
18132,220.13,1
18133,931.4999999999999,1
18134,445.0,2
18135,1249.6200000000001,10
18136,1631.3600000000001,5
18137,145.99,2
18138,152.65,1
18139,8438.34,6
18140,536.41,1
18141,882.47,2
18142,1019.52,2
18143,1000.1600000000001,2
18144,4892.95,19
18145,5609.74,11
18146,160.35000000000002,2
18147,179.33999999999997,2
18148,112.85000000000001,1
18149,1553.96,7
18150,566.58,3
18151,1879.44,6
18152,426.69,1
18153,246.22,1
18154,932.5999999999999,5
18155,371.62,3
18156,675.64,2
18157,213.9,1
18158,453.4,2
18159,530.15,1
18160,1003.88,3
18161,1803.1,6
18162,371.51,1
18163,728.84,1
18164,399.65000000000003,1
18165,302.46000000000004,1
18166,175.5,1
18167,1384.8600000000001,3
18168,3435.5,16
18169,202.65,1
18170,2878.0,9
18171,2437.31,9
18172,17467.24,52
18173,2696.36,5
18174,162.5,2
18175,176.1,1
18176,476.35,1
18177,2216.32,9
18178,6103.740000000001,11
18179,2547.55,8
18180,1843.75,6
18181,1188.3400000000001,5
18182,291.13,1
18183,632.07,2
18184,49.8,1
18185,304.25,1
18186,329.58,1
18187,724.89,1
18188,3280.59,6
18189,1403.73,3
18190,745.62,5
18191,529.4,2
18192,957.97,1
18193,1207.35,3
18194,4162.04,6
18195,101.16,1
18196,1457.19,4
18197,230.1,1
18198,5425.56,17
18199,344.75,1
18200,150.35,1
18201,447.53000000000003,1
18202,1396.99,3
18203,492.52,4
18204,1975.35,3
18205,517.36,2
18206,314.65999999999997,1
18207,544.47,1
18208,360.08,1
18209,139.10000000000002,1
18210,2768.83,7
18211,600.07,5
18212,514.37,2
18213,232.48000000000002,1
18214,1780.34,4
18215,2232.4900000000002,5
18216,481.75,1
18217,945.0400000000001,4
18218,1121.84,4
18219,3352.7,17
18220,1921.76,6
18221,1424.94,6
18222,443.0,1
18223,14000.85,26
18224,158.95000000000002,1
18225,13014.800000000001,26
18226,11878.88,26
18227,388.75,2
18228,779.9,2
18229,10150.51,28
18230,4291.06,9
18231,6854.17,28
18232,592.97,4
18233,440.0,1
18234,179.6,1
18235,1796.48,3
18236,1795.3500000000001,12
18237,987.0999999999999,5
18238,270.92,1
18239,1712.26,6
18240,422.58,1
18241,2986.9900000000002,21
18242,3605.21,8
18243,515.78,1
18244,568.64,2
18245,6324.9800000000005,20
18246,758.8199999999999,3
18247,839.73,3
18248,804.02,2
18249,95.34,1
18250,349.27,1
18251,26278.86,9
18252,1533.69,7
18253,317.88,1
18254,267.9,1
18255,303.15,2
18256,110.7,1
18257,4600.15,12
18258,2059.67,6
18259,3941.9000000000005,7
18260,9947.26,23
18261,324.24,2
18262,577.54,3
18263,1213.1599999999999,3
18264,603.25,1
18265,801.51,2
18266,251.1,1
18267,269.37,1
18268,1490.23,6
18269,168.6,1
18270,444.55,3
18271,680.85,2
18272,4385.98,9
18273,357.0,4
18274,175.92,1
18275,741.85,2
18276,1656.52,6
18277,1180.05,5
18278,414.20000000000005,2
18279,231.33999999999997,1
18280,488.15000000000003,2
18281,201.14,2
18282,178.05,2
18283,2664.9,22
18284,461.68,1
18285,427.0,1
18286,1296.43,2
18287,4182.99,7
