customer,first,last,frequency,monetary,recency,tenure,aov,recent_orders,inactive,cutoff
12349,2010-04-29 13:20:00,2010-05-18 09:57:00,2,1268.52,13.585416666666667,32.44444444444444,634.26,2,1,2010-06-01
12355,2010-05-21 11:59:00,2010-05-21 11:59:00,1,488.21000000000004,10.500694444444445,10.500694444444445,488.21000000000004,1,1,2010-06-01
12360,2010-02-22 09:32:00,2010-05-25 09:55:00,3,780.04,6.586805555555555,98.60277777777777,260.0133333333333,2,1,2010-06-01
12361,2010-01-26 14:37:00,2010-05-09 15:33:00,2,207.35,22.352083333333333,125.39097222222222,103.675,1,1,2010-06-01
12366,2010-03-16 10:28:00,2010-03-16 10:28:00,1,500.24,76.56388888888888,76.56388888888888,500.24,1,1,2010-06-01
12368,2010-03-21 15:56:00,2010-03-21 15:56:00,1,917.6999999999999,71.33611111111111,71.33611111111111,917.6999999999999,1,1,2010-06-01
12370,2010-02-09 09:41:00,2010-03-25 12:10:00,3,774.62,67.49305555555556,111.59652777777778,258.20666666666665,2,1,2010-06-01
12373,2010-02-04 12:08:00,2010-03-25 13:49:00,2,763.0500000000001,67.42430555555555,116.49444444444444,381.52500000000003,1,1,2010-06-01
12374,2010-04-30 14:01:00,2010-04-30 14:01:00,1,1388.54,31.415972222222223,31.415972222222223,1388.54,1,1,2010-06-01
12377,2010-04-29 15:34:00,2010-04-29 15:34:00,1,1210.96,32.35138888888889,32.35138888888889,1210.96,1,1,2010-06-01
12378,2010-05-26 14:07:00,2010-05-26 14:07:00,1,1407.7,5.4118055555555555,5.4118055555555555,1407.7,1,1,2010-06-01
12388,2010-05-06 12:54:00,2010-05-06 12:54:00,1,461.62,25.4625,25.4625,461.62,1,1,2010-06-01
12389,2010-02-22 10:15:00,2010-05-21 15:12:00,2,563.03,10.366666666666667,98.57291666666667,281.515,1,1,2010-06-01
12395,2010-04-16 10:16:00,2010-04-16 10:16:00,1,1125.44,45.57222222222222,45.57222222222222,1125.44,1,0,2010-06-01
12406,2010-01-11 14:04:00,2010-04-22 18:41:00,2,1629.2,39.22152777777778,140.4138888888889,814.6,1,1,2010-06-01
12409,2010-05-23 15:21:00,2010-05-23 15:21:00,1,6802.48,8.360416666666667,8.360416666666667,6802.48,1,0,2010-06-01
12417,2009-12-06 10:30:00,2010-04-01 10:05:00,5,1446.45,60.579861111111114,176.5625,289.29,2,0,2010-06-01
12418,2010-03-19 14:47:00,2010-05-12 13:11:00,2,879.31,19.450694444444444,73.38402777777777,439.655,2,1,2010-06-01
12431,2010-01-15 09:04:00,2010-05-24 13:34:00,5,1967.76,7.434722222222222,136.62222222222223,393.552,3,0,2010-06-01
12437,2009-12-02 16:24:00,2010-04-16 09:27:00,8,4261.22,45.60625,180.31666666666666,532.6525,4,0,2010-06-01
12455,2009-12-18 12:33:00,2010-05-11 15:03:00,3,2929.95,20.372916666666665,164.47708333333333,976.65,2,1,2010-06-01
12459,2010-04-13 14:53:00,2010-04-13 14:53:00,1,454.36,48.37986111111111,48.37986111111111,454.36,1,1,2010-06-01
12477,2010-03-26 14:01:00,2010-03-26 14:01:00,1,2021.23,66.41597222222222,66.41597222222222,2021.23,1,0,2010-06-01
12481,2010-04-11 13:10:00,2010-04-12 10:10:00,2,3275.6,49.576388888888886,50.451388888888886,1637.8,2,1,2010-06-01
12482,2010-02-24 10:24:00,2010-05-12 16:51:00,29,23691.4,19.297916666666666,96.56666666666666,816.944827586207,24,1,2010-06-01
12490,2009-12-01 12:52:00,2010-05-07 14:56:00,7,2547.17,24.377777777777776,181.4638888888889,363.88142857142856,3,0,2010-06-01
12503,2010-05-04 13:59:00,2010-05-04 13:59:00,1,1126.0,27.417361111111113,27.417361111111113,1126.0,1,1,2010-06-01
12507,2010-05-04 09:23:00,2010-05-04 09:23:00,1,539.25,27.60902777777778,27.60902777777778,539.25,1,1,2010-06-01
12510,2009-12-04 13:47:00,2010-03-25 16:19:00,6,3414.23,67.32013888888889,178.42569444444445,569.0383333333333,1,1,2010-06-01
12516,2010-04-19 14:14:00,2010-04-19 14:14:00,1,689.46,42.40694444444444,42.40694444444444,689.46,1,1,2010-06-01
12523,2009-12-07 13:46:00,2010-05-06 12:23:00,5,1359.47,25.48402777777778,175.42638888888888,271.894,2,0,2010-06-01
12540,2009-12-07 16:56:00,2010-05-13 15:42:00,10,4065.57,18.345833333333335,175.29444444444445,406.557,5,0,2010-06-01
12580,2010-05-12 11:45:00,2010-05-12 11:45:00,1,637.2,19.510416666666668,19.510416666666668,637.2,1,1,2010-06-01
12588,2010-04-21 12:22:00,2010-04-21 12:22:00,1,328.9,40.484722222222224,40.484722222222224,328.9,1,1,2010-06-01
12600,2009-12-07 13:37:00,2010-05-11 10:20:00,6,1392.81,20.569444444444443,175.4326388888889,232.135,1,0,2010-06-01
12609,2009-12-20 13:30:00,2010-05-27 14:53:00,3,1025.75,4.379861111111111,162.4375,341.9166666666667,2,0,2010-06-01
12615,2010-03-18 14:09:00,2010-03-18 14:09:00,1,1155.48,74.41041666666666,74.41041666666666,1155.48,1,0,2010-06-01
12619,2010-05-28 12:52:00,2010-05-28 12:52:00,1,140.14,3.463888888888889,3.463888888888889,140.14,1,1,2010-06-01
12621,2010-02-09 12:01:00,2010-05-23 14:30:00,4,2566.5,8.395833333333334,111.49930555555555,641.625,3,0,2010-06-01
12623,2010-01-12 11:45:00,2010-04-20 09:56:00,3,2338.59,41.58611111111111,139.51041666666666,779.5300000000001,1,0,2010-06-01
12625,2010-04-22 11:33:00,2010-04-22 11:33:00,1,969.69,39.51875,39.51875,969.69,1,0,2010-06-01
12632,2010-05-24 09:07:00,2010-05-24 09:07:00,1,394.32,7.620138888888889,7.620138888888889,394.32,1,0,2010-06-01
12639,2010-03-22 09:05:00,2010-03-22 09:05:00,1,253.57999999999998,70.62152777777777,70.62152777777777,253.57999999999998,1,1,2010-06-01
12643,2010-04-07 14:16:00,2010-05-28 14:22:00,2,2258.8,3.401388888888889,54.40555555555556,1129.4,2,0,2010-06-01
12649,2010-01-12 17:24:00,2010-05-05 10:39:00,3,781.8,26.55625,139.275,260.59999999999997,1,1,2010-06-01
12662,2010-04-01 09:50:00,2010-05-18 15:06:00,3,949.61,13.370833333333334,60.59027777777778,316.5366666666667,3,0,2010-06-01
12671,2010-04-12 16:30:00,2010-04-12 16:30:00,1,2622.481,49.3125,49.3125,2622.481,1,1,2010-06-01
12675,2010-05-10 16:44:00,2010-05-10 16:44:00,1,944.5,21.302777777777777,21.302777777777777,944.5,1,0,2010-06-01
12681,2009-12-13 13:31:00,2010-05-26 14:43:00,11,6438.17,5.386805555555555,169.43680555555557,585.2881818181818,6,0,2010-06-01
12698,2010-04-28 15:51:00,2010-04-28 15:51:00,1,339.75,33.33958333333333,33.33958333333333,339.75,1,1,2010-06-01
12709,2009-12-09 13:49:00,2010-05-06 10:28:00,10,11617.939999999999,25.56388888888889,173.42430555555555,1161.7939999999999,5,0,2010-06-01
12711,2010-02-01 11:30:00,2010-04-07 11:59:00,2,1339.05,54.50069444444444,119.52083333333333,669.525,1,1,2010-06-01
12717,2010-04-28 14:34:00,2010-04-28 14:34:00,1,277.93,33.393055555555556,33.393055555555556,277.93,1,1,2010-06-01
12725,2010-05-04 13:59:00,2010-05-17 14:54:00,2,1228.9499999999998,14.379166666666666,27.417361111111113,614.4749999999999,2,1,2010-06-01
12731,2010-03-02 09:23:00,2010-05-16 15:39:00,2,2835.54,15.347916666666666,90.60902777777778,1417.77,1,0,2010-06-01
12742,2010-03-24 12:43:00,2010-03-24 12:43:00,1,1201.52,68.47013888888888,68.47013888888888,1201.52,1,1,2010-06-01
12744,2010-04-27 16:19:00,2010-04-27 16:19:00,1,1252.95,34.32013888888889,34.32013888888889,1252.95,1,1,2010-06-01
12745,2010-01-26 16:22:00,2010-05-14 16:50:00,2,658.48,17.29861111111111,125.31805555555556,329.24,1,0,2010-06-01
12747,2009-12-07 13:23:00,2010-05-27 10:04:00,8,1983.54,4.580555555555556,175.4423611111111,247.9425,3,0,2010-06-01
12758,2009-12-01 14:40:00,2010-04-29 10:58:00,3,4425.59,32.543055555555554,181.38888888888889,1475.1966666666667,2,0,2010-06-01
12759,2009-12-04 10:47:00,2010-05-24 10:44:00,2,1703.68,7.552777777777778,178.55069444444445,851.84,1,0,2010-06-01
12773,2010-05-24 17:30:00,2010-05-24 17:30:00,1,124.25,7.270833333333333,7.270833333333333,124.25,1,1,2010-06-01
12778,2010-04-16 09:57:00,2010-04-16 09:57:00,1,378.6,45.58541666666667,45.58541666666667,378.6,1,1,2010-06-01
12780,2010-04-20 09:40:00,2010-04-20 09:40:00,1,337.4,41.59722222222222,41.59722222222222,337.4,1,1,2010-06-01
12786,2010-04-09 12:12:00,2010-04-09 12:12:00,1,728.5,52.49166666666667,52.49166666666667,728.5,1,1,2010-06-01
12806,2010-04-30 10:44:00,2010-05-16 13:49:00,2,2843.96,15.424305555555556,31.552777777777777,1421.98,2,0,2010-06-01
12813,2010-01-15 16:52:00,2010-05-10 14:19:00,2,1065.8,21.403472222222224,136.29722222222222,532.9,1,0,2010-06-01
12820,2009-12-05 13:37:00,2010-05-25 12:38:00,4,1083.3,6.473611111111111,177.4326388888889,270.825,1,0,2010-06-01
12821,2010-04-07 15:14:00,2010-04-07 15:14:00,1,128.07999999999998,54.36527777777778,54.36527777777778,128.07999999999998,1,1,2010-06-01
12823,2010-01-29 12:52:00,2010-05-19 11:35:00,5,1559.5,12.51736111111111,122.46388888888889,311.9,4,0,2010-06-01
12836,2009-12-01 14:19:00,2010-04-20 16:19:00,5,1838.92,41.32013888888889,181.40347222222223,367.784,2,0,2010-06-01
12839,2009-12-07 09:18:00,2010-05-10 17:09:00,7,2161.98,21.285416666666666,175.6125,308.8542857142857,3,0,2010-06-01
12843,2009-12-13 11:41:00,2010-05-26 14:07:00,8,2024.44,5.4118055555555555,169.51319444444445,253.055,6,0,2010-06-01
12844,2010-04-25 11:51:00,2010-04-25 11:51:00,1,123.03,36.50625,36.50625,123.03,1,1,2010-06-01
12854,2009-12-11 12:55:00,2010-05-27 16:54:00,4,1654.72,4.295833333333333,171.46180555555554,413.68,1,1,2010-06-01
12857,2010-01-25 15:37:00,2010-04-29 17:33:00,2,644.6500000000001,32.26875,126.34930555555556,322.32500000000005,1,0,2010-06-01
12861,2010-03-30 11:39:00,2010-03-30 11:39:00,1,68.25,62.514583333333334,62.514583333333334,68.25,1,1,2010-06-01
12863,2010-04-29 13:54:00,2010-05-13 13:08:00,2,943.45,18.45277777777778,32.420833333333334,471.725,2,0,2010-06-01
12867,2009-12-16 16:25:00,2010-05-10 17:21:00,3,1607.62,21.277083333333334,166.31597222222223,535.8733333333333,1,0,2010-06-01
12872,2009-12-03 20:03:00,2010-05-07 12:20:00,5,1578.45,24.48611111111111,179.16458333333333,315.69,2,0,2010-06-01
12875,2010-01-11 12:37:00,2010-04-16 13:12:00,2,659.52,45.45,140.47430555555556,329.76,1,1,2010-06-01
12876,2010-04-28 13:26:00,2010-04-28 13:26:00,1,885.5400000000001,33.44027777777778,33.44027777777778,885.5400000000001,1,1,2010-06-01
12877,2010-01-18 10:23:00,2010-04-25 14:19:00,2,481.94000000000005,36.40347222222222,133.5673611111111,240.97000000000003,1,0,2010-06-01
12880,2010-05-14 11:57:00,2010-05-14 11:57:00,1,337.18,17.502083333333335,17.502083333333335,337.18,1,1,2010-06-01
12891,2010-02-18 14:32:00,2010-05-13 13:58:00,3,157.5,18.418055555555554,102.39444444444445,52.5,2,0,2010-06-01
12894,2010-05-13 14:47:00,2010-05-13 14:47:00,1,157.35,18.384027777777778,18.384027777777778,157.35,1,1,2010-06-01
12905,2010-01-26 14:06:00,2010-05-12 10:05:00,2,1018.42,19.57986111111111,125.4125,509.21,1,1,2010-06-01
12908,2010-03-19 15:59:00,2010-03-19 15:59:00,1,318.0,73.33402777777778,73.33402777777778,318.0,1,0,2010-06-01
12909,2010-02-24 12:14:00,2010-05-24 13:16:00,2,586.61,7.447222222222222,96.49027777777778,293.305,1,1,2010-06-01
12910,2010-03-28 13:10:00,2010-03-28 13:10:00,1,1017.96,64.45138888888889,64.45138888888889,1017.96,1,0,2010-06-01
12913,2009-12-01 12:18:00,2010-05-18 15:15:00,5,1903.74,13.364583333333334,181.4875,380.748,2,1,2010-06-01
12916,2010-01-24 11:26:00,2010-04-11 10:30:00,2,1042.53,50.5625,127.52361111111111,521.265,1,1,2010-06-01
12917,2009-12-09 14:22:00,2010-05-10 13:28:00,2,2102.0,21.43888888888889,173.4013888888889,1051.0,1,0,2010-06-01
12918,2010-03-23 15:22:00,2010-03-23 15:22:00,1,10953.5,69.35972222222222,69.35972222222222,10953.5,1,1,2010-06-01
12921,2009-12-01 13:43:00,2010-05-24 10:02:00,14,8580.86,7.581944444444445,181.4284722222222,612.9185714285715,7,0,2010-06-01
12924,2009-12-09 12:40:00,2010-05-26 14:28:00,5,1147.99,5.397222222222222,173.47222222222223,229.598,2,1,2010-06-01
12931,2009-12-01 11:46:00,2010-05-18 12:15:00,23,19429.760000000002,13.489583333333334,181.50972222222222,844.7721739130436,16,0,2010-06-01
12932,2010-02-10 08:46:00,2010-05-02 15:40:00,5,825.7099999999999,29.34722222222222,110.63472222222222,165.142,4,0,2010-06-01
12935,2010-04-11 15:59:00,2010-05-11 10:27:00,4,831.65,20.564583333333335,50.33402777777778,207.9125,4,0,2010-06-01
12939,2010-01-12 11:27:00,2010-04-28 10:18:00,3,1372.5,33.57083333333333,139.52291666666667,457.5,1,0,2010-06-01
12943,2010-04-13 11:03:00,2010-05-30 13:52:00,2,496.5,1.4222222222222223,48.53958333333333,248.25,2,1,2010-06-01
12951,2010-01-10 12:43:00,2010-05-10 11:44:00,4,705.6,21.511111111111113,141.4701388888889,176.4,2,0,2010-06-01
12957,2009-12-11 12:01:00,2010-04-13 13:39:00,3,3437.3,48.43125,171.49930555555557,1145.7666666666667,2,0,2010-06-01
12960,2010-02-16 13:32:00,2010-05-11 12:58:00,2,733.57,20.459722222222222,104.43611111111112,366.785,1,0,2010-06-01
12971,2009-12-15 19:04:00,2010-05-13 10:39:00,8,1907.25,18.55625,167.20555555555555,238.40625,4,0,2010-06-01
12972,2010-02-16 14:30:00,2010-05-06 11:44:00,3,1019.04,25.511111111111113,104.39583333333333,339.68,1,1,2010-06-01
12974,2010-05-23 11:45:00,2010-05-23 11:45:00,1,264.15,8.510416666666666,8.510416666666666,264.15,1,1,2010-06-01
12980,2009-12-02 11:26:00,2010-05-18 11:23:00,5,3513.4800000000005,13.525694444444444,180.5236111111111,702.6960000000001,2,0,2010-06-01
12987,2010-01-20 09:57:00,2010-04-08 17:45:00,2,460.67999999999995,53.260416666666664,131.58541666666667,230.33999999999997,1,1,2010-06-01
12989,2009-12-10 13:27:00,2010-04-30 15:02:00,10,3033.14,31.37361111111111,172.43958333333333,303.31399999999996,4,0,2010-06-01
12990,2010-03-30 11:36:00,2010-03-30 11:36:00,1,117.0,62.516666666666666,62.516666666666666,117.0,1,0,2010-06-01
12993,2010-02-18 10:35:00,2010-03-18 16:28:00,2,436.45,74.31388888888888,102.55902777777777,218.225,1,1,2010-06-01
12997,2010-04-06 11:06:00,2010-05-06 16:50:00,2,274.7,25.29861111111111,55.5375,137.35,2,1,2010-06-01
12998,2010-02-24 11:55:00,2010-04-08 17:04:00,2,604.1,53.28888888888889,96.50347222222223,302.05,1,0,2010-06-01
13001,2009-12-03 16:21:00,2010-05-27 14:28:00,9,6824.200000000001,4.397222222222222,179.31875,758.2444444444445,6,0,2010-06-01
13007,2010-05-09 10:38:00,2010-05-09 10:38:00,1,175.25,22.556944444444444,22.556944444444444,175.25,1,1,2010-06-01
13012,2010-04-26 14:14:00,2010-04-26 14:14:00,1,381.89,35.40694444444444,35.40694444444444,381.89,1,0,2010-06-01
13013,2009-12-14 10:34:00,2010-05-10 11:40:00,6,3475.64,21.51388888888889,168.55972222222223,579.2733333333333,5,0,2010-06-01
13015,2010-04-15 16:35:00,2010-04-26 15:30:00,2,1259.85,35.354166666666664,46.30902777777778,629.925,2,0,2010-06-01
13019,2009-12-06 15:40:00,2010-05-23 11:19:00,4,780.85,8.528472222222222,176.34722222222223,195.2125,2,1,2010-06-01
13020,2010-02-18 10:35:00,2010-05-26 11:12:00,2,618.96,5.533333333333333,102.55902777777777,309.48,1,1,2010-06-01
13021,2009-12-05 12:02:00,2010-04-25 15:32:00,3,962.39,36.352777777777774,177.4986111111111,320.7966666666667,2,0,2010-06-01
13026,2009-12-13 11:34:00,2010-04-27 14:07:00,3,696.88,34.41180555555555,169.51805555555555,232.29333333333332,2,0,2010-06-01
13039,2009-12-17 16:43:00,2010-05-04 16:45:00,4,1010.73,27.302083333333332,165.3034722222222,252.6825,3,1,2010-06-01
13042,2009-12-07 15:42:00,2010-04-20 13:43:00,3,1488.59,41.428472222222226,175.34583333333333,496.19666666666666,1,1,2010-06-01
13044,2010-01-08 14:46:00,2010-05-26 09:58:00,8,3460.0,5.584722222222222,143.38472222222222,432.5,5,0,2010-06-01
13047,2009-12-16 11:43:00,2010-05-24 10:30:00,6,3017.2200000000003,7.5625,166.51180555555555,502.87000000000006,4,0,2010-06-01
13048,2010-01-27 12:55:00,2010-05-25 16:03:00,3,919.35,6.33125,124.46180555555556,306.45,2,0,2010-06-01
13050,2009-12-15 15:06:00,2010-04-25 12:34:00,6,2245.73,36.47638888888889,167.37083333333334,374.28833333333336,2,0,2010-06-01
13051,2010-03-30 11:11:00,2010-05-10 09:14:00,2,155.8,21.615277777777777,62.53402777777778,77.9,2,1,2010-06-01
13052,2010-02-23 12:31:00,2010-05-12 13:43:00,3,1878.69,19.428472222222222,97.47847222222222,626.23,2,0,2010-06-01
13057,2010-03-18 12:14:00,2010-03-18 12:14:00,1,353.49,74.49027777777778,74.49027777777778,353.49,1,0,2010-06-01
13059,2010-03-31 12:23:00,2010-03-31 12:52:00,2,614.69,61.46388888888889,61.484027777777776,307.345,2,0,2010-06-01
13070,2009-12-07 14:44:00,2010-04-29 10:48:00,2,308.4,32.55,175.38611111111112,154.2,1,1,2010-06-01
13071,2010-04-06 13:37:00,2010-04-06 13:37:00,1,129.22,55.43263888888889,55.43263888888889,129.22,1,1,2010-06-01
13074,2009-12-16 11:46:00,2010-04-01 15:40:00,3,1062.24,60.34722222222222,166.50972222222222,354.08,1,0,2010-06-01
13081,2009-12-08 13:58:00,2010-05-28 13:57:00,8,14345.23,3.41875,174.41805555555555,1793.15375,5,0,2010-06-01
13093,2009-12-04 10:32:00,2010-05-27 13:10:00,17,13722.33,4.451388888888889,178.5611111111111,807.1958823529412,8,0,2010-06-01
13097,2009-12-01 13:31:00,2010-05-18 16:43:00,11,4366.84,13.303472222222222,181.43680555555557,396.98545454545456,7,0,2010-06-01
13103,2010-05-11 14:41:00,2010-05-11 14:41:00,1,123.34,20.388194444444444,20.388194444444444,123.34,1,1,2010-06-01
13115,2010-04-19 13:29:00,2010-05-17 08:20:00,2,959.04,14.652777777777779,42.43819444444444,479.52,2,0,2010-06-01
13117,2010-03-26 13:50:00,2010-05-09 11:38:00,3,407.25,22.51527777777778,66.42361111111111,135.75,3,0,2010-06-01
13126,2010-03-02 12:24:00,2010-04-23 14:38:00,2,782.29,38.390277777777776,90.48333333333333,391.145,1,0,2010-06-01
13128,2010-03-18 15:08:00,2010-03-18 15:08:00,1,263.5,74.36944444444444,74.36944444444444,263.5,1,1,2010-06-01
13136,2009-12-08 18:30:00,2010-05-02 13:46:00,2,1931.0700000000002,29.426388888888887,174.22916666666666,965.5350000000001,1,0,2010-06-01
13141,2009-12-09 13:34:00,2010-05-12 13:29:00,5,2266.1400000000003,19.438194444444445,173.43472222222223,453.22800000000007,2,0,2010-06-01
13150,2010-03-19 09:03:00,2010-03-19 09:03:00,1,176.51999999999998,73.62291666666667,73.62291666666667,176.51999999999998,1,0,2010-06-01
13151,2010-03-22 10:26:00,2010-03-24 09:31:00,2,1207.3400000000001,68.60347222222222,70.56527777777778,603.6700000000001,2,1,2010-06-01
13157,2010-03-08 11:59:00,2010-05-14 10:40:00,2,1805.86,17.555555555555557,84.50069444444445,902.93,2,1,2010-06-01
13162,2009-12-04 13:59:00,2010-05-18 13:28:00,8,5849.2,13.438888888888888,178.41736111111112,731.15,3,0,2010-06-01
13163,2010-04-08 16:21:00,2010-04-08 16:21:00,1,17.65,53.31875,53.31875,17.65,1,1,2010-06-01
13164,2010-02-10 11:52:00,2010-05-19 13:52:00,2,372.20000000000005,12.422222222222222,110.50555555555556,186.10000000000002,1,1,2010-06-01
13169,2010-05-26 15:58:00,2010-05-26 15:58:00,1,127.2,5.334722222222222,5.334722222222222,127.2,1,1,2010-06-01
13174,2009-12-04 15:40:00,2010-05-21 17:19:00,6,3923.28,10.278472222222222,178.34722222222223,653.88,3,1,2010-06-01
13178,2009-12-16 14:00:00,2010-04-27 11:58:00,5,3930.52,34.50138888888889,166.41666666666666,786.104,2,0,2010-06-01
13179,2010-03-31 11:40:00,2010-03-31 11:40:00,1,572.3100000000001,61.513888888888886,61.513888888888886,572.3100000000001,1,1,2010-06-01
13180,2010-04-11 13:37:00,2010-04-11 13:37:00,1,86.10000000000001,50.43263888888889,50.43263888888889,86.10000000000001,1,1,2010-06-01
13183,2010-03-14 12:32:00,2010-05-06 11:25:00,2,879.06,25.524305555555557,78.47777777777777,439.53,2,0,2010-06-01
13192,2010-01-22 08:37:00,2010-04-27 10:50:00,2,1365.9699999999998,34.548611111111114,129.64097222222222,682.9849999999999,1,0,2010-06-01
13196,2010-04-01 12:54:00,2010-04-01 12:54:00,1,199.97,60.4625,60.4625,199.97,1,0,2010-06-01
13199,2009-12-05 10:11:00,2010-05-07 10:00:00,13,2960.93,24.583333333333332,177.57569444444445,227.76384615384615,8,0,2010-06-01
13202,2009-12-09 10:48:00,2010-05-13 14:46:00,4,1051.49,18.384722222222223,173.55,262.8725,2,0,2010-06-01
13206,2009-12-07 13:48:00,2010-05-24 13:50:00,11,7471.41,7.423611111111111,175.425,679.2190909090909,4,1,2010-06-01
13209,2010-01-24 14:30:00,2010-05-07 15:37:00,4,2126.5,24.349305555555556,127.39583333333333,531.625,3,0,2010-06-01
13219,2010-03-31 14:18:00,2010-03-31 14:18:00,1,76.23,61.40416666666667,61.40416666666667,76.23,1,1,2010-06-01
13220,2010-05-13 10:35:00,2010-05-13 10:35:00,1,516.8,18.55902777777778,18.55902777777778,516.8,1,1,2010-06-01
13223,2010-02-12 13:27:00,2010-05-16 11:28:00,2,402.72,15.522222222222222,108.43958333333333,201.36,1,0,2010-06-01
13225,2009-12-17 09:09:00,2010-04-12 13:22:00,5,5842.07,49.44305555555555,165.61875,1168.414,2,0,2010-06-01
13242,2010-02-09 13:12:00,2010-05-26 12:03:00,2,214.5,5.497916666666667,111.45,107.25,1,1,2010-06-01
13266,2009-12-17 10:52:00,2010-05-25 12:46:00,4,1317.72,6.468055555555556,165.54722222222222,329.43,3,0,2010-06-01
13267,2009-12-07 16:56:00,2010-05-10 12:20:00,7,2431.86,21.48611111111111,175.29444444444445,347.40857142857146,3,0,2010-06-01
13269,2009-12-02 11:47:00,2010-04-23 11:46:00,7,1564.99,38.50972222222222,180.5090277777778,223.57,2,0,2010-06-01
13275,2010-03-17 14:05:00,2010-03-17 14:05:00,1,177.36,75.41319444444444,75.41319444444444,177.36,1,1,2010-06-01
13278,2010-04-08 11:59:00,2010-04-08 11:59:00,1,297.69,53.50069444444444,53.50069444444444,297.69,1,1,2010-06-01
13287,2010-01-04 10:43:00,2010-04-15 15:26:00,3,781.59,46.356944444444444,147.5534722222222,260.53000000000003,1,1,2010-06-01
13291,2010-02-11 18:36:00,2010-05-20 19:29:00,4,1075.05,11.188194444444445,109.225,268.7625,3,0,2010-06-01
13293,2010-02-09 12:05:00,2010-04-25 12:42:00,3,746.13,36.47083333333333,111.49652777777777,248.71,2,0,2010-06-01
13295,2010-05-12 09:13:00,2010-05-12 09:13:00,1,306.5,19.615972222222222,19.615972222222222,306.5,1,1,2010-06-01
13296,2010-05-11 14:29:00,2010-05-11 14:29:00,1,121.35000000000001,20.396527777777777,20.396527777777777,121.35000000000001,1,0,2010-06-01
13300,2010-05-14 15:56:00,2010-05-14 15:56:00,1,314.98,17.336111111111112,17.336111111111112,314.98,1,1,2010-06-01
13307,2010-04-26 13:28:00,2010-04-26 13:28:00,1,227.74,35.43888888888889,35.43888888888889,227.74,1,0,2010-06-01
13317,2009-12-13 11:11:00,2010-04-30 15:26:00,4,1431.11,31.356944444444444,169.53402777777777,357.7775,2,0,2010-06-01
13319,2009-12-06 14:46:00,2010-05-14 12:43:00,16,5148.09,17.47013888888889,176.38472222222222,321.755625,7,0,2010-06-01
13327,2009-12-18 15:35:00,2010-05-24 09:30:00,6,2986.85,7.604166666666667,164.35069444444446,497.80833333333334,2,0,2010-06-01
13330,2010-02-23 10:12:00,2010-05-23 11:02:00,2,1219.0700000000002,8.540277777777778,97.575,609.5350000000001,1,1,2010-06-01
13338,2010-01-05 12:25:00,2010-05-28 11:47:00,2,1508.75,3.509027777777778,146.48263888888889,754.375,1,0,2010-06-01
13357,2010-03-22 14:30:00,2010-05-27 14:51:00,3,2284.64,4.38125,70.39583333333333,761.5466666666666,3,0,2010-06-01
13361,2010-04-01 07:49:00,2010-04-01 07:49:00,1,817.25,60.674305555555556,60.674305555555556,817.25,1,1,2010-06-01
13371,2010-03-17 15:29:00,2010-03-17 15:29:00,1,1189.01,75.3548611111111,75.3548611111111,1189.01,1,0,2010-06-01
13373,2009-12-06 12:34:00,2010-03-28 16:17:00,2,2154.85,64.32152777777777,176.4763888888889,1077.425,1,1,2010-06-01
13382,2009-12-08 09:56:00,2010-03-31 10:40:00,3,655.65,61.55555555555556,174.5861111111111,218.54999999999998,2,1,2010-06-01
13388,2010-04-15 10:18:00,2010-04-15 10:18:00,1,508.55,46.57083333333333,46.57083333333333,508.55,1,1,2010-06-01
13394,2009-12-01 11:58:00,2010-05-23 14:13:00,6,2340.1,8.407638888888888,181.5013888888889,390.01666666666665,2,0,2010-06-01
13397,2010-01-20 09:50:00,2010-05-11 13:42:00,4,1339.3400000000001,20.429166666666667,131.59027777777777,334.83500000000004,2,1,2010-06-01
13402,2010-05-24 10:56:00,2010-05-24 10:56:00,1,290.6,7.544444444444444,7.544444444444444,290.6,1,0,2010-06-01
13406,2010-03-18 07:29:00,2010-03-18 07:29:00,1,140.16,74.68819444444445,74.68819444444445,140.16,1,1,2010-06-01
13414,2010-04-15 17:00:00,2010-04-15 17:00:00,1,219.85999999999999,46.291666666666664,46.291666666666664,219.85999999999999,1,0,2010-06-01
13425,2010-05-09 14:35:00,2010-05-09 14:35:00,1,823.36,22.39236111111111,22.39236111111111,823.36,1,0,2010-06-01
13433,2010-01-12 08:59:00,2010-04-15 10:35:00,2,410.73999999999995,46.55902777777778,139.62569444444443,205.36999999999998,1,0,2010-06-01
13445,2010-03-23 15:34:00,2010-03-23 15:34:00,1,241.89999999999998,69.35138888888889,69.35138888888889,241.89999999999998,1,1,2010-06-01
13448,2009-12-06 12:14:00,2010-05-20 10:56:00,4,2722.6000000000004,11.544444444444444,176.49027777777778,680.6500000000001,1,1,2010-06-01
13450,2010-04-15 19:15:00,2010-05-11 08:54:00,2,548.24,20.629166666666666,46.197916666666664,274.12,2,0,2010-06-01
13459,2010-01-26 13:35:00,2010-03-25 10:24:00,2,1160.4099999999999,67.56666666666666,125.43402777777777,580.2049999999999,1,1,2010-06-01
13464,2010-03-31 15:22:00,2010-03-31 15:22:00,1,299.34000000000003,61.359722222222224,61.359722222222224,299.34000000000003,1,1,2010-06-01
13466,2010-03-21 13:50:00,2010-03-21 13:50:00,1,262.31,71.42361111111111,71.42361111111111,262.31,1,0,2010-06-01
13473,2009-12-15 19:02:00,2010-05-14 10:47:00,6,2235.12,17.550694444444446,167.20694444444445,372.52,4,1,2010-06-01
13478,2010-01-31 15:51:00,2010-03-17 14:28:00,3,1650.51,75.39722222222223,120.33958333333334,550.17,2,0,2010-06-01
13482,2010-03-22 10:31:00,2010-03-22 10:31:00,1,151.45,70.56180555555555,70.56180555555555,151.45,1,1,2010-06-01
13485,2009-12-03 13:46:00,2010-05-27 09:49:00,4,1309.0500000000002,4.590972222222222,179.42638888888888,327.26250000000005,2,0,2010-06-01
13488,2010-01-25 10:13:00,2010-05-17 12:06:00,3,1656.66,14.495833333333334,126.57430555555555,552.22,2,0,2010-06-01
13491,2009-12-07 08:24:00,2010-05-19 10:14:00,9,2350.19,12.573611111111111,175.65,261.13222222222225,4,0,2010-06-01
13495,2009-12-07 12:12:00,2010-03-23 15:01:00,3,1210.51,69.37430555555555,175.49166666666667,403.50333333333333,1,1,2010-06-01
13497,2010-02-08 10:27:00,2010-03-24 12:56:00,3,582.23,68.46111111111111,112.56458333333333,194.07666666666668,2,0,2010-06-01
13501,2010-05-18 13:24:00,2010-05-18 13:24:00,1,595.17,13.441666666666666,13.441666666666666,595.17,1,0,2010-06-01
13512,2010-05-05 13:22:00,2010-05-05 13:22:00,1,153.3,26.443055555555556,26.443055555555556,153.3,1,0,2010-06-01
13514,2010-01-26 15:11:00,2010-05-09 10:38:00,2,588.7,22.556944444444444,125.36736111111111,294.35,1,1,2010-06-01
13541,2010-05-18 16:15:00,2010-05-18 16:15:00,1,310.35,13.322916666666666,13.322916666666666,310.35,1,1,2010-06-01
13555,2010-01-19 13:20:00,2010-04-26 11:48:00,5,1622.15,35.50833333333333,132.44444444444446,324.43,3,0,2010-06-01
13564,2009-12-02 11:55:00,2010-05-16 13:20:00,14,5393.16,15.444444444444445,180.50347222222223,385.2257142857143,6,0,2010-06-01
13571,2009-12-08 13:02:00,2010-05-09 11:35:00,5,929.3299999999999,22.51736111111111,174.45694444444445,185.86599999999999,3,0,2010-06-01
13585,2009-12-01 14:56:00,2010-05-10 16:04:00,2,366.17,21.330555555555556,181.37777777777777,183.085,1,0,2010-06-01
13589,2009-12-06 10:26:00,2010-05-09 11:16:00,2,428.54999999999995,22.530555555555555,176.56527777777777,214.27499999999998,1,0,2010-06-01
13593,2010-03-02 16:36:00,2010-04-07 15:02:00,4,1283.13,54.37361111111111,90.30833333333334,320.7825,2,0,2010-06-01
13595,2010-03-03 14:42:00,2010-05-09 10:47:00,2,711.29,22.550694444444446,89.3875,355.645,2,0,2010-06-01
13599,2009-12-01 12:30:00,2010-05-28 10:33:00,6,2909.1200000000003,3.560416666666667,181.47916666666666,484.8533333333334,3,1,2010-06-01
13602,2010-05-28 11:49:00,2010-05-28 11:49:00,1,169.38,3.5076388888888888,3.5076388888888888,169.38,1,1,2010-06-01
13605,2010-05-17 15:46:00,2010-05-17 15:46:00,1,169.89,14.343055555555555,14.343055555555555,169.89,1,1,2010-06-01
13609,2010-04-25 13:26:00,2010-04-25 13:26:00,1,167.35,36.44027777777778,36.44027777777778,167.35,1,1,2010-06-01
13610,2010-01-05 14:12:00,2010-05-19 14:10:00,4,713.73,12.409722222222221,146.40833333333333,178.4325,2,0,2010-06-01
13612,2010-03-17 12:14:00,2010-03-17 12:14:00,1,818.29,75.49027777777778,75.49027777777778,818.29,1,1,2010-06-01
13625,2010-04-22 10:50:00,2010-04-22 10:50:00,1,301.26,39.548611111111114,39.548611111111114,301.26,1,1,2010-06-01
13629,2010-02-11 17:34:00,2010-05-18 11:56:00,3,1980.0,13.502777777777778,109.26805555555555,660.0,2,0,2010-06-01
13643,2009-12-08 12:48:00,2010-05-04 14:58:00,3,551.55,27.37638888888889,174.46666666666667,183.85,2,0,2010-06-01
13647,2010-04-15 12:55:00,2010-05-23 10:54:00,2,832.2,8.545833333333333,46.46180555555556,416.1,2,0,2010-06-01
13655,2010-04-27 09:59:00,2010-04-29 10:38:00,2,580.58,32.55694444444445,34.58402777777778,290.29,2,1,2010-06-01
13656,2010-04-23 12:50:00,2010-04-23 12:50:00,1,325.15,38.46527777777778,38.46527777777778,325.15,1,0,2010-06-01
13676,2010-03-30 16:53:00,2010-03-30 16:53:00,1,128.3,62.296527777777776,62.296527777777776,128.3,1,0,2010-06-01
13679,2009-12-04 16:52:00,2010-04-19 17:11:00,2,179.55,42.28402777777778,178.29722222222222,89.775,1,0,2010-06-01
13684,2010-03-28 14:48:00,2010-05-26 13:23:00,2,396.92,5.442361111111111,64.38333333333334,198.46,2,1,2010-06-01
13698,2010-01-27 09:02:00,2010-04-22 11:52:00,2,451.73,39.50555555555555,124.62361111111112,225.865,1,1,2010-06-01
13705,2010-03-25 17:19:00,2010-03-25 17:19:00,1,250.45,67.27847222222222,67.27847222222222,250.45,1,0,2010-06-01
13706,2010-03-23 09:18:00,2010-03-23 09:18:00,1,300.38,69.6125,69.6125,300.38,1,1,2010-06-01
13711,2009-12-15 19:04:00,2010-05-10 12:31:00,6,1360.1200000000001,21.478472222222223,167.20555555555555,226.6866666666667,2,1,2010-06-01
13712,2010-04-08 11:16:00,2010-04-08 11:16:00,1,537.58,53.53055555555556,53.53055555555556,537.58,1,1,2010-06-01
13713,2010-05-05 16:48:00,2010-05-05 16:48:00,1,247.98000000000002,26.3,26.3,247.98000000000002,1,1,2010-06-01
13715,2010-03-11 15:33:00,2010-05-27 13:34:00,3,1581.2600000000002,4.434722222222222,81.35208333333334,527.0866666666667,3,0,2010-06-01
13723,2010-04-07 14:32:00,2010-05-28 11:53:00,2,420.58000000000004,3.504861111111111,54.394444444444446,210.29000000000002,2,1,2010-06-01
13735,2009-12-13 13:31:00,2010-05-13 15:05:00,5,3122.63,18.37152777777778,169.43680555555557,624.5260000000001,2,0,2010-06-01
13750,2010-04-01 14:49:00,2010-05-06 11:22:00,2,620.76,25.52638888888889,60.38263888888889,310.38,2,0,2010-06-01
13756,2009-12-15 15:18:00,2010-05-12 14:23:00,4,868.89,19.400694444444444,167.3625,217.2225,1,0,2010-06-01
13760,2010-04-25 13:10:00,2010-04-25 13:10:00,1,298.32,36.451388888888886,36.451388888888886,298.32,1,0,2010-06-01
13761,2010-02-21 11:08:00,2010-05-14 09:36:00,2,589.4,17.6,99.53611111111111,294.7,1,0,2010-06-01
13764,2010-03-07 12:56:00,2010-05-19 15:47:00,3,1400.2,12.342361111111112,85.46111111111111,466.73333333333335,3,1,2010-06-01
13769,2009-12-16 11:59:00,2010-04-22 14:34:00,4,984.05,39.393055555555556,166.50069444444443,246.0125,2,0,2010-06-01
13771,2010-02-25 12:37:00,2010-05-27 12:16:00,3,1760.8100000000002,4.488888888888889,95.47430555555556,586.9366666666667,2,0,2010-06-01
13772,2010-02-23 13:55:00,2010-05-06 11:49:00,2,832.08,25.507638888888888,97.42013888888889,416.04,1,0,2010-06-01
13775,2010-04-28 12:15:00,2010-04-28 12:15:00,1,1049.66,33.489583333333336,33.489583333333336,1049.66,1,1,2010-06-01
13777,2009-12-02 09:47:00,2010-04-25 10:36:00,12,9666.26,36.55833333333333,180.5923611111111,805.5216666666666,4,0,2010-06-01
13778,2010-05-23 13:34:00,2010-05-23 13:34:00,1,352.71,8.434722222222222,8.434722222222222,352.71,1,0,2010-06-01
13781,2009-12-18 15:46:00,2010-04-26 14:30:00,2,650.99,35.395833333333336,164.34305555555557,325.495,1,1,2010-06-01
13783,2010-02-04 13:47:00,2010-05-19 10:11:00,3,1335.2399999999998,12.575694444444444,116.42569444444445,445.0799999999999,2,0,2010-06-01
13786,2009-12-03 15:32:00,2010-04-29 15:02:00,4,2252.69,32.37361111111111,179.3527777777778,563.1725,3,1,2010-06-01
13798,2009-12-08 16:21:00,2010-05-28 08:39:00,26,16619.63,3.6395833333333334,174.31875,639.2165384615384,14,0,2010-06-01
13799,2010-03-05 16:39:00,2010-05-14 16:34:00,3,911.07,17.309722222222224,87.30625,303.69,3,0,2010-06-01
13802,2010-02-16 10:11:00,2010-05-27 11:05:00,8,7720.3099999999995,4.538194444444445,104.57569444444445,965.0387499999999,7,0,2010-06-01
13807,2009-12-04 12:41:00,2010-05-14 14:53:00,2,309.6,17.37986111111111,178.47152777777777,154.8,1,1,2010-06-01
13813,2009-12-06 10:16:00,2010-04-16 11:59:00,3,926.74,45.50069444444444,176.57222222222222,308.91333333333336,1,0,2010-06-01
13825,2009-12-09 14:30:00,2010-03-28 11:02:00,2,255.59000000000003,64.54027777777777,173.39583333333334,127.79500000000002,1,1,2010-06-01
13830,2010-05-07 12:24:00,2010-05-07 12:24:00,1,156.85000000000002,24.483333333333334,24.483333333333334,156.85000000000002,1,1,2010-06-01
13834,2010-02-08 12:52:00,2010-05-12 10:27:00,2,324.19,19.564583333333335,112.46388888888889,162.095,1,1,2010-06-01
13842,2010-02-16 15:54:00,2010-05-04 10:06:00,4,520.44,27.579166666666666,104.3375,130.11,1,0,2010-06-01
13848,2009-12-09 16:17:00,2010-03-21 12:01:00,2,800.0,71.49930555555555,173.3215277777778,400.0,1,0,2010-06-01
13849,2010-03-25 12:03:00,2010-03-25 12:03:00,1,509.65,67.49791666666667,67.49791666666667,509.65,1,1,2010-06-01
13854,2010-01-08 11:28:00,2010-05-13 12:00:00,7,1785.47,18.5,143.5222222222222,255.06714285714287,4,0,2010-06-01
13856,2010-03-30 15:40:00,2010-05-23 14:04:00,4,369.09000000000003,8.41388888888889,62.34722222222222,92.27250000000001,4,0,2010-06-01
13863,2010-04-25 13:09:00,2010-04-25 13:09:00,1,304.52000000000004,36.452083333333334,36.452083333333334,304.52000000000004,1,0,2010-06-01
13869,2010-01-17 14:53:00,2010-03-23 14:22:00,2,1729.5400000000002,69.40138888888889,134.3798611111111,864.7700000000001,1,0,2010-06-01
13871,2009-12-20 13:09:00,2010-03-28 10:51:00,2,853.0,64.54791666666667,162.45208333333332,426.5,1,0,2010-06-01
13873,2010-03-03 12:31:00,2010-05-14 12:17:00,2,262.70000000000005,17.488194444444446,89.47847222222222,131.35000000000002,2,1,2010-06-01
13874,2010-02-04 18:39:00,2010-05-27 11:28:00,4,940.98,4.522222222222222,116.22291666666666,235.245,3,0,2010-06-01
13880,2010-05-26 14:29:00,2010-05-26 14:29:00,1,225.57,5.396527777777778,5.396527777777778,225.57,1,0,2010-06-01
13881,2010-03-04 14:41:00,2010-05-26 15:09:00,7,9461.16,5.36875,88.38819444444445,1351.5942857142857,7,0,2010-06-01
13883,2009-12-08 17:26:00,2010-05-26 10:48:00,6,1661.44,5.55,174.2736111111111,276.9066666666667,4,1,2010-06-01
13890,2009-12-06 15:15:00,2010-05-07 12:56:00,3,730.29,24.461111111111112,176.36458333333334,243.42999999999998,2,1,2010-06-01
13892,2010-05-13 10:32:00,2010-05-13 10:32:00,1,525.24,18.56111111111111,18.56111111111111,525.24,1,1,2010-06-01
13896,2010-03-24 08:55:00,2010-03-24 08:55:00,1,388.55,68.62847222222223,68.62847222222223,388.55,1,1,2010-06-01
13900,2010-03-25 13:46:00,2010-03-25 13:46:00,1,260.5,67.4263888888889,67.4263888888889,260.5,1,0,2010-06-01
13901,2010-01-05 09:29:00,2010-04-15 10:43:00,3,1416.1599999999999,46.553472222222226,146.60486111111112,472.0533333333333,1,0,2010-06-01
13902,2009-12-15 10:02:00,2010-03-17 13:09:00,5,34095.259999999995,75.45208333333333,167.58194444444445,6819.051999999999,1,1,2010-06-01
13911,2010-03-01 16:31:00,2010-05-26 09:52:00,7,787.24,5.588888888888889,91.31180555555555,112.46285714285715,6,0,2010-06-01
13920,2010-05-26 15:48:00,2010-05-26 15:48:00,1,523.65,5.341666666666667,5.341666666666667,523.65,1,0,2010-06-01
13929,2010-01-14 07:25:00,2010-05-28 10:17:00,6,1462.52,3.571527777777778,137.69097222222223,243.75333333333333,4,0,2010-06-01
13935,2010-02-25 16:01:00,2010-04-22 11:21:00,3,6116.92,39.52708333333333,95.3326388888889,2038.9733333333334,2,1,2010-06-01
13941,2009-12-16 16:10:00,2010-03-31 12:21:00,5,2696.21,61.485416666666666,166.32638888888889,539.242,2,0,2010-06-01
13943,2010-05-11 11:30:00,2010-05-11 11:30:00,1,246.54,20.520833333333332,20.520833333333332,246.54,1,1,2010-06-01
13953,2009-12-11 12:58:00,2010-05-20 09:39:00,3,2125.0,11.597916666666666,171.4597222222222,708.3333333333334,1,0,2010-06-01
13957,2010-02-19 10:32:00,2010-05-16 14:50:00,2,258.9,15.381944444444445,101.56111111111112,129.45,1,1,2010-06-01
13958,2009-12-05 13:12:00,2010-04-28 10:03:00,5,1942.7,33.58125,177.45,388.54,3,0,2010-06-01
13969,2010-03-25 13:15:00,2010-05-07 17:28:00,3,674.4,24.272222222222222,67.44791666666667,224.79999999999998,3,0,2010-06-01
13974,2010-05-06 17:55:00,2010-05-06 17:55:00,1,264.13,25.25347222222222,25.25347222222222,264.13,1,1,2010-06-01
13975,2010-02-02 13:13:00,2010-03-29 13:10:00,2,959.05,63.451388888888886,118.44930555555555,479.525,1,0,2010-06-01
13976,2010-02-09 13:08:00,2010-04-28 15:54:00,2,532.82,33.3375,111.45277777777778,266.41,1,0,2010-06-01
13979,2009-12-03 10:02:00,2010-05-12 13:52:00,4,1292.81,19.42222222222222,179.58194444444445,323.2025,2,1,2010-06-01
13982,2010-01-20 14:04:00,2010-05-19 12:52:00,3,1304.59,12.463888888888889,131.4138888888889,434.8633333333333,1,0,2010-06-01
13985,2010-02-09 13:56:00,2010-05-26 13:46:00,2,593.23,5.426388888888889,111.41944444444445,296.615,1,1,2010-06-01
13989,2010-05-25 12:13:00,2010-05-25 12:13:00,1,361.68,6.490972222222222,6.490972222222222,361.68,1,0,2010-06-01
13993,2009-12-03 11:57:00,2010-04-26 10:49:00,4,1178.68,35.549305555555556,179.50208333333333,294.67,1,0,2010-06-01
13995,2009-12-18 12:43:00,2010-04-20 09:54:00,4,699.52,41.5875,164.4701388888889,174.88,2,0,2010-06-01
13999,2009-12-05 12:42:00,2010-05-19 09:14:00,8,2721.26,12.615277777777777,177.47083333333333,340.1575,4,0,2010-06-01
14000,2009-12-02 09:50:00,2010-04-22 11:59:00,2,882.7,39.50069444444444,180.59027777777777,441.35,1,0,2010-06-01
14006,2010-02-25 09:45:00,2010-05-28 10:59:00,3,1078.48,3.542361111111111,95.59375,359.49333333333334,2,0,2010-06-01
14010,2010-05-23 12:46:00,2010-05-23 13:00:00,2,445.15,8.458333333333334,8.468055555555555,222.575,2,1,2010-06-01
14011,2010-04-11 13:40:00,2010-04-11 13:40:00,1,292.34,50.43055555555556,50.43055555555556,292.34,1,0,2010-06-01
14021,2010-04-26 11:22:00,2010-04-26 11:22:00,1,301.09000000000003,35.52638888888889,35.52638888888889,301.09000000000003,1,0,2010-06-01
14025,2010-05-05 09:56:00,2010-05-26 11:03:00,3,1601.26,5.539583333333334,26.586111111111112,533.7533333333333,3,0,2010-06-01
14026,2010-03-24 14:10:00,2010-03-24 14:10:00,1,386.53000000000003,68.40972222222223,68.40972222222223,386.53000000000003,1,1,2010-06-01
14039,2010-05-13 10:15:00,2010-05-13 10:15:00,1,115.08000000000001,18.572916666666668,18.572916666666668,115.08000000000001,1,1,2010-06-01
14040,2009-12-01 12:14:00,2010-05-27 12:48:00,12,3978.59,4.466666666666667,181.49027777777778,331.5491666666667,6,0,2010-06-01
14047,2010-02-01 10:05:00,2010-05-13 13:21:00,2,970.4,18.44375,119.57986111111111,485.2,1,0,2010-06-01
14051,2009-12-03 11:53:00,2010-03-22 08:41:00,6,2980.02,70.63819444444445,179.5048611111111,496.67,2,0,2010-06-01
14055,2009-12-16 15:11:00,2010-05-11 10:24:00,2,795.3199999999999,20.566666666666666,166.3673611111111,397.65999999999997,1,1,2010-06-01
14057,2009-12-03 13:17:00,2010-04-13 11:38:00,2,765.8399999999999,48.515277777777776,179.4465277777778,382.91999999999996,1,0,2010-06-01
14062,2009-12-10 14:28:00,2010-05-12 12:52:00,5,6526.13,19.46388888888889,172.3972222222222,1305.226,2,0,2010-06-01
14064,2010-01-21 13:22:00,2010-05-13 13:11:00,4,967.13,18.450694444444444,130.44305555555556,241.7825,2,0,2010-06-01
14074,2010-03-26 13:55:00,2010-03-26 13:55:00,1,219.39999999999998,66.42013888888889,66.42013888888889,219.39999999999998,1,1,2010-06-01
14078,2010-03-28 15:05:00,2010-05-17 15:27:00,2,395.19000000000005,14.35625,64.37152777777777,197.59500000000003,2,1,2010-06-01
14080,2009-12-02 15:01:00,2010-03-21 11:32:00,3,694.65,71.51944444444445,180.37430555555557,231.54999999999998,1,1,2010-06-01
14081,2009-12-10 18:27:00,2010-04-20 17:25:00,7,3039.46,41.27430555555556,172.23125,434.2085714285714,1,1,2010-06-01
14085,2009-12-08 13:41:00,2010-03-25 14:43:00,7,2627.3199999999997,67.38680555555555,174.4298611111111,375.33142857142855,2,0,2010-06-01
14099,2009-12-10 11:55:00,2010-04-15 15:57:00,3,1014.69,46.33541666666667,172.50347222222223,338.23,1,0,2010-06-01
14101,2010-03-28 13:36:00,2010-05-20 13:28:00,2,1166.44,11.438888888888888,64.43333333333334,583.22,2,0,2010-06-01
14104,2010-05-28 16:11:00,2010-05-28 16:11:00,1,158.47,3.3256944444444443,3.3256944444444443,158.47,1,0,2010-06-01
14107,2009-12-09 14:20:00,2010-05-09 14:14:00,2,962.62,22.406944444444445,173.40277777777777,481.31,1,0,2010-06-01
14110,2009-12-01 09:50:00,2010-05-25 14:33:00,12,3988.3,6.39375,181.59027777777777,332.35833333333335,9,0,2010-06-01
14112,2010-02-23 14:16:00,2010-05-26 12:03:00,3,1684.82,5.497916666666667,97.40555555555555,561.6066666666667,2,1,2010-06-01
14114,2010-04-12 11:07:00,2010-04-12 11:07:00,1,313.75,49.53680555555555,49.53680555555555,313.75,1,0,2010-06-01
14145,2010-04-08 09:47:00,2010-04-08 09:47:00,1,1383.6,53.59236111111111,53.59236111111111,1383.6,1,0,2010-06-01
14147,2010-03-09 13:43:00,2010-05-18 11:32:00,3,1372.6000000000001,13.519444444444444,83.42847222222223,457.53333333333336,3,1,2010-06-01
14156,2009-12-01 12:30:00,2010-05-21 08:21:00,47,104780.6,10.652083333333334,181.47916666666666,2229.3744680851064,22,0,2010-06-01
14160,2010-01-10 12:06:00,2010-04-08 14:30:00,7,8421.470000000001,53.395833333333336,141.49583333333334,1203.067142857143,3,1,2010-06-01
14168,2010-05-24 12:28:00,2010-05-24 12:28:00,1,302.95,7.480555555555555,7.480555555555555,302.95,1,1,2010-06-01
14172,2010-03-07 10:58:00,2010-04-13 13:26:00,3,369.02,48.44027777777778,85.54305555555555,123.00666666666666,3,1,2010-06-01
14175,2010-03-22 10:43:00,2010-05-05 09:43:00,2,1772.27,26.59513888888889,70.55347222222223,886.135,2,0,2010-06-01
14181,2010-05-26 12:32:00,2010-05-26 12:32:00,1,213.9,5.477777777777778,5.477777777777778,213.9,1,1,2010-06-01
14182,2010-04-22 15:36:00,2010-04-22 15:36:00,1,157.3,39.35,39.35,157.3,1,0,2010-06-01
14200,2010-04-01 13:01:00,2010-04-01 13:01:00,1,379.2,60.45763888888889,60.45763888888889,379.2,1,1,2010-06-01
14202,2010-03-25 10:36:00,2010-03-25 10:36:00,1,241.20000000000002,67.55833333333334,67.55833333333334,241.20000000000002,1,0,2010-06-01
14205,2010-03-07 12:20:00,2010-05-05 14:43:00,2,564.1999999999999,26.386805555555554,85.48611111111111,282.09999999999997,2,0,2010-06-01
14209,2010-01-22 10:28:00,2010-04-22 13:29:00,3,858.15,39.43819444444444,129.5638888888889,286.05,2,0,2010-06-01
14220,2010-05-19 13:26:00,2010-05-21 13:29:00,2,882.5999999999999,10.438194444444445,12.440277777777778,441.29999999999995,2,1,2010-06-01
14221,2010-04-06 14:10:00,2010-05-09 13:50:00,2,1112.8500000000001,22.42361111111111,55.40972222222222,556.4250000000001,2,0,2010-06-01
14225,2010-01-12 15:02:00,2010-05-18 17:25:00,2,1241.51,13.274305555555555,139.3736111111111,620.755,1,0,2010-06-01
14235,2010-03-30 13:36:00,2010-05-19 11:59:00,2,1067.66,12.500694444444445,62.43333333333333,533.83,2,0,2010-06-01
14239,2009-12-05 12:36:00,2010-05-10 10:49:00,7,1150.41,21.549305555555556,177.475,164.34428571428572,2,0,2010-06-01
14249,2010-01-29 14:21:00,2010-05-23 13:07:00,7,3002.781,8.453472222222222,122.40208333333334,428.96871428571427,6,0,2010-06-01
14253,2010-03-26 15:08:00,2010-03-26 15:08:00,1,205.35000000000002,66.36944444444444,66.36944444444444,205.35000000000002,1,0,2010-06-01
14275,2010-04-11 12:32:00,2010-04-29 10:24:00,2,259.2,32.56666666666667,50.477777777777774,129.6,2,0,2010-06-01
14283,2010-05-19 12:22:00,2010-05-19 12:22:00,1,233.05,12.484722222222222,12.484722222222222,233.05,1,0,2010-06-01
14285,2009-12-08 14:13:00,2010-05-26 14:54:00,3,631.55,5.379166666666666,174.4076388888889,210.51666666666665,1,0,2010-06-01
14298,2009-12-11 13:49:00,2010-05-10 14:47:00,15,17912.73,21.384027777777778,171.42430555555555,1194.182,9,0,2010-06-01
14301,2010-02-11 13:07:00,2010-05-16 13:22:00,2,928.62,15.443055555555556,109.45347222222222,464.31,1,1,2010-06-01
14304,2010-05-18 10:50:00,2010-05-18 10:50:00,1,671.97,13.54861111111111,13.54861111111111,671.97,1,1,2010-06-01
14307,2009-12-07 13:06:00,2010-03-22 16:04:00,3,1036.76,70.33055555555555,175.45416666666668,345.58666666666664,1,0,2010-06-01
14311,2010-05-21 10:28:00,2010-05-21 10:28:00,1,206.19,10.563888888888888,10.563888888888888,206.19,1,1,2010-06-01
14315,2010-03-15 12:49:00,2010-05-24 13:56:00,2,716.69,7.419444444444444,77.46597222222222,358.345,2,1,2010-06-01
14316,2010-03-19 15:18:00,2010-05-07 08:50:00,2,749.7,24.631944444444443,73.3625,374.85,2,0,2010-06-01
14327,2010-01-08 14:04:00,2010-03-19 14:47:00,3,945.3199999999999,73.38402777777777,143.4138888888889,315.1066666666666,1,1,2010-06-01
14330,2010-03-26 09:10:00,2010-03-26 09:10:00,1,200.63,66.61805555555556,66.61805555555556,200.63,1,1,2010-06-01
14334,2010-05-20 10:04:00,2010-05-20 10:04:00,1,476.89,11.580555555555556,11.580555555555556,476.89,1,0,2010-06-01
14344,2010-03-23 15:47:00,2010-05-11 13:06:00,4,1076.1200000000001,20.454166666666666,69.34236111111112,269.03000000000003,4,0,2010-06-01
14355,2010-03-22 15:08:00,2010-03-22 15:08:00,1,301.14,70.36944444444444,70.36944444444444,301.14,1,1,2010-06-01
14370,2010-02-01 08:35:00,2010-05-06 08:46:00,4,857.5,25.634722222222223,119.64236111111111,214.375,3,0,2010-06-01
14372,2010-04-19 15:57:00,2010-04-19 15:57:00,1,590.35,42.33541666666667,42.33541666666667,590.35,1,1,2010-06-01
14378,2010-03-28 12:22:00,2010-03-28 12:22:00,1,131.25,64.48472222222222,64.48472222222222,131.25,1,1,2010-06-01
14389,2010-04-28 14:57:00,2010-04-28 14:57:00,1,228.4,33.37708333333333,33.37708333333333,228.4,1,0,2010-06-01
14391,2010-05-12 09:42:00,2010-05-12 09:42:00,1,135.6,19.595833333333335,19.595833333333335,135.6,1,1,2010-06-01
14394,2010-05-24 10:43:00,2010-05-24 10:43:00,1,93.8,7.553472222222222,7.553472222222222,93.8,1,1,2010-06-01
14400,2010-03-18 12:11:00,2010-03-18 12:11:00,1,656.25,74.49236111111111,74.49236111111111,656.25,1,1,2010-06-01
14403,2010-03-10 14:00:00,2010-04-29 08:47:00,2,404.69999999999993,32.634027777777774,82.41666666666667,202.34999999999997,2,1,2010-06-01
14404,2009-12-20 14:40:00,2010-05-10 10:50:00,6,1114.29,21.54861111111111,162.38888888888889,185.715,3,0,2010-06-01
14409,2010-05-21 16:45:00,2010-05-21 16:45:00,1,600.05,10.302083333333334,10.302083333333334,600.05,1,0,2010-06-01
14415,2009-12-16 14:08:00,2010-04-18 13:53:00,3,1783.01,43.421527777777776,166.4111111111111,594.3366666666667,1,0,2010-06-01
14422,2009-12-17 12:12:00,2010-05-25 10:41:00,6,2430.5,6.554861111111111,165.49166666666667,405.0833333333333,3,0,2010-06-01
14426,2010-03-04 14:36:00,2010-05-11 10:45:00,2,1478.75,20.552083333333332,88.39166666666667,739.375,2,0,2010-06-01
14430,2010-04-11 15:59:00,2010-04-11 15:59:00,1,635.5,50.33402777777778,50.33402777777778,635.5,1,0,2010-06-01
14437,2010-05-05 12:20:00,2010-05-05 12:20:00,1,365.48,26.48611111111111,26.48611111111111,365.48,1,0,2010-06-01
14439,2010-01-21 14:01:00,2010-05-21 10:25:00,3,6001.74,10.565972222222221,130.41597222222222,2000.58,1,1,2010-06-01
14440,2009-12-02 12:13:00,2010-04-20 14:52:00,4,2093.75,41.38055555555555,180.4909722222222,523.4375,2,1,2010-06-01
14441,2010-01-18 10:40:00,2010-04-09 15:04:00,3,887.49,52.37222222222222,133.55555555555554,295.83,2,0,2010-06-01
14450,2010-04-08 12:09:00,2010-04-08 12:09:00,1,196.07999999999998,53.49375,53.49375,196.07999999999998,1,1,2010-06-01
14451,2010-01-17 10:35:00,2010-04-25 11:15:00,4,913.75,36.53125,134.55902777777777,228.4375,2,0,2010-06-01
14460,2009-12-15 19:06:00,2010-05-02 10:49:00,3,389.03999999999996,29.549305555555556,167.20416666666668,129.67999999999998,1,1,2010-06-01
14461,2010-01-18 12:48:00,2010-05-06 12:29:00,3,1302.8600000000001,25.479861111111113,133.46666666666667,434.2866666666667,2,0,2010-06-01
14464,2010-03-22 15:20:00,2010-05-20 18:00:00,2,111.0,11.25,70.36111111111111,55.5,2,1,2010-06-01
14465,2010-01-07 15:03:00,2010-04-26 17:16:00,5,1853.46,35.28055555555556,144.37291666666667,370.692,2,0,2010-06-01
14467,2009-12-02 12:44:00,2010-04-30 13:30:00,3,362.64,31.4375,180.46944444444443,120.88,2,0,2010-06-01
14489,2010-04-06 09:52:00,2010-04-06 09:52:00,1,450.85,55.58888888888889,55.58888888888889,450.85,1,0,2010-06-01
14493,2010-03-08 08:33:00,2010-04-26 10:31:00,2,859.45,35.56180555555556,84.64375,429.725,2,0,2010-06-01
14505,2009-12-09 14:48:00,2010-05-23 12:56:00,7,2833.03,8.46111111111111,173.38333333333333,404.71857142857147,4,0,2010-06-01
14506,2010-04-19 08:27:00,2010-04-19 08:27:00,1,391.5,42.64791666666667,42.64791666666667,391.5,1,1,2010-06-01
14512,2009-12-07 13:49:00,2010-05-10 12:54:00,3,426.35,21.4625,175.42430555555555,142.11666666666667,2,0,2010-06-01
14513,2010-05-20 17:57:00,2010-05-20 17:57:00,1,271.46000000000004,11.252083333333333,11.252083333333333,271.46000000000004,1,1,2010-06-01
14527,2009-12-02 12:06:00,2010-05-27 11:34:00,39,15025.69,4.518055555555556,180.49583333333334,385.2741025641026,19,0,2010-06-01
14530,2010-01-21 11:25:00,2010-05-28 12:37:00,5,1203.47,3.4743055555555555,130.52430555555554,240.69400000000002,4,0,2010-06-01
14535,2010-02-24 15:03:00,2010-05-07 14:02:00,3,1948.08,24.415277777777778,96.37291666666667,649.36,2,0,2010-06-01
14537,2010-03-26 13:44:00,2010-03-26 13:44:00,1,285.84000000000003,66.42777777777778,66.42777777777778,285.84000000000003,1,1,2010-06-01
14541,2010-01-07 11:59:00,2010-04-23 15:13:00,4,634.58,38.365972222222226,144.50069444444443,158.645,2,1,2010-06-01
14543,2009-12-01 13:47:00,2010-05-28 08:47:00,9,5277.4,3.634027777777778,181.42569444444445,586.3777777777777,4,0,2010-06-01
14546,2009-12-06 13:10:00,2010-05-30 11:28:00,3,1433.28,1.5222222222222221,176.45138888888889,477.76,1,0,2010-06-01
14548,2009-12-06 14:00:00,2010-05-18 11:34:00,6,1562.09,13.518055555555556,176.41666666666666,260.3483333333333,4,0,2010-06-01
14552,2010-04-26 13:44:00,2010-04-26 13:44:00,1,173.72,35.42777777777778,35.42777777777778,173.72,1,1,2010-06-01
14556,2010-01-20 11:49:00,2010-04-22 14:57:00,3,815.69,39.37708333333333,131.5076388888889,271.8966666666667,1,1,2010-06-01
14560,2009-12-02 10:15:00,2010-05-23 16:02:00,13,2855.13,8.331944444444444,180.57291666666666,219.62538461538463,6,0,2010-06-01
14562,2010-02-07 14:10:00,2010-04-08 14:42:00,4,637.62,53.3875,113.40972222222223,159.405,3,0,2010-06-01
14563,2010-04-26 12:51:00,2010-04-26 12:51:00,1,493.39,35.46458333333333,35.46458333333333,493.39,1,0,2010-06-01
14583,2010-03-28 15:16:00,2010-03-28 15:16:00,1,238.93,64.3638888888889,64.3638888888889,238.93,1,0,2010-06-01
14588,2010-05-10 15:08:00,2010-05-10 15:08:00,1,135.39,21.369444444444444,21.369444444444444,135.39,1,1,2010-06-01
14598,2010-05-19 13:07:00,2010-05-19 13:07:00,1,162.07,12.453472222222222,12.453472222222222,162.07,1,1,2010-06-01
14604,2010-03-16 13:00:00,2010-03-16 13:00:00,1,143.85999999999999,76.45833333333333,76.45833333333333,143.85999999999999,1,1,2010-06-01
14608,2009-12-06 12:34:00,2010-05-24 11:03:00,3,650.39,7.539583333333334,176.4763888888889,216.79666666666665,1,0,2010-06-01
14609,2010-02-09 09:48:00,2010-05-05 08:58:00,2,168.48000000000002,26.62638888888889,111.59166666666667,84.24000000000001,1,0,2010-06-01
14611,2010-04-20 10:19:00,2010-04-20 10:19:00,1,291.4,41.57013888888889,41.57013888888889,291.4,1,1,2010-06-01
14623,2010-04-16 17:12:00,2010-04-23 13:00:00,2,335.78,38.458333333333336,45.28333333333333,167.89,2,0,2010-06-01
14624,2010-04-14 10:44:00,2010-04-14 10:44:00,1,250.53,47.55277777777778,47.55277777777778,250.53,1,0,2010-06-01
14626,2009-12-10 14:57:00,2010-05-26 15:55:00,4,1552.55,5.336805555555555,172.37708333333333,388.1375,2,0,2010-06-01
14640,2010-01-22 15:44:00,2010-03-25 10:04:00,2,807.0999999999999,67.58055555555555,129.34444444444443,403.54999999999995,1,0,2010-06-01
14643,2009-12-11 11:52:00,2010-04-01 08:33:00,3,986.08,60.64375,171.50555555555556,328.6933333333333,2,1,2010-06-01
14648,2009-12-10 13:59:00,2010-05-26 12:42:00,9,2766.25,5.470833333333333,172.41736111111112,307.3611111111111,7,0,2010-06-01
14649,2010-01-20 13:10:00,2010-05-26 15:06:00,3,1278.04,5.370833333333334,131.45138888888889,426.0133333333333,2,1,2010-06-01
14651,2010-03-18 11:39:00,2010-05-26 13:51:00,4,829.57,5.422916666666667,74.51458333333333,207.3925,4,0,2010-06-01
14655,2010-04-22 14:29:00,2010-04-22 14:29:00,1,972.54,39.39652777777778,39.39652777777778,972.54,1,0,2010-06-01
14656,2010-04-15 12:10:00,2010-04-15 12:10:00,1,143.6,46.49305555555556,46.49305555555556,143.6,1,0,2010-06-01
14662,2009-12-03 16:47:00,2010-03-17 11:21:00,2,218.25,75.52708333333334,179.30069444444445,109.125,1,1,2010-06-01
14667,2009-12-02 12:38:00,2010-05-17 12:52:00,13,4627.3,14.463888888888889,180.4736111111111,355.94615384615383,6,0,2010-06-01
14669,2009-12-02 13:06:00,2010-03-16 09:39:00,4,1957.54,76.59791666666666,180.45416666666668,489.385,1,1,2010-06-01
14677,2010-04-26 09:48:00,2010-04-26 09:48:00,1,184.91,35.59166666666667,35.59166666666667,184.91,1,1,2010-06-01
14680,2009-12-04 12:36:00,2010-05-25 12:42:00,28,17744.16,6.470833333333333,178.475,633.72,17,0,2010-06-01
14683,2010-04-30 17:18:00,2010-04-30 17:18:00,1,146.56,31.279166666666665,31.279166666666665,146.56,1,1,2010-06-01
14685,2009-12-13 11:32:00,2010-05-12 13:08:00,8,4536.64,19.45277777777778,169.51944444444445,567.08,2,1,2010-06-01
14694,2010-04-01 19:46:00,2010-04-01 19:46:00,1,244.31,60.17638888888889,60.17638888888889,244.31,1,1,2010-06-01
14706,2010-03-31 11:09:00,2010-03-31 11:09:00,1,367.54,61.53541666666667,61.53541666666667,367.54,1,1,2010-06-01
14707,2010-05-12 11:07:00,2010-05-12 11:07:00,1,69.6,19.536805555555556,19.536805555555556,69.6,1,1,2010-06-01
14713,2009-12-03 19:22:00,2010-05-06 19:08:00,5,1037.49,25.20277777777778,179.19305555555556,207.498,3,0,2010-06-01
14714,2010-01-21 11:51:00,2010-05-13 11:58:00,2,463.12,18.50138888888889,130.50625,231.56,1,1,2010-06-01
14715,2010-01-19 12:18:00,2010-05-26 12:49:00,2,656.52,5.465972222222222,132.4875,328.26,1,0,2010-06-01
14724,2010-04-28 13:26:00,2010-04-28 13:26:00,1,341.9,33.44027777777778,33.44027777777778,341.9,1,1,2010-06-01
14738,2009-12-07 10:21:00,2010-05-27 20:31:00,2,507.45,4.145138888888889,175.56875,253.725,1,1,2010-06-01
14739,2009-12-02 13:23:00,2010-05-27 13:26:00,9,4261.200000000001,4.440277777777778,180.4423611111111,473.46666666666675,4,0,2010-06-01
14740,2010-02-25 11:40:00,2010-05-27 10:48:00,4,1334.5900000000001,4.55,95.51388888888889,333.64750000000004,3,0,2010-06-01
14743,2010-04-26 10:26:00,2010-04-26 10:26:00,1,50.48,35.56527777777778,35.56527777777778,50.48,1,1,2010-06-01
14754,2010-01-18 11:04:00,2010-05-27 10:13:00,2,475.04,4.574305555555555,133.5388888888889,237.52,1,0,2010-06-01
14755,2009-12-03 16:51:00,2010-05-07 15:26:00,8,2145.27,24.356944444444444,179.29791666666668,268.15875,3,0,2010-06-01
14758,2010-04-08 08:27:00,2010-04-08 08:27:00,1,442.5,53.64791666666667,53.64791666666667,442.5,1,0,2010-06-01
14762,2010-03-23 15:36:00,2010-03-23 15:36:00,1,117.05000000000001,69.35,69.35,117.05000000000001,1,1,2010-06-01
14771,2009-12-03 09:44:00,2010-03-28 12:52:00,2,594.62,64.46388888888889,179.59444444444443,297.31,1,1,2010-06-01
14788,2010-04-22 18:16:00,2010-04-22 18:16:00,1,476.88,39.23888888888889,39.23888888888889,476.88,1,1,2010-06-01
14790,2009-12-11 14:37:00,2010-04-01 16:13:00,3,800.88,60.324305555555554,171.39097222222222,266.96,1,0,2010-06-01
14812,2010-04-20 12:13:00,2010-04-20 12:13:00,1,178.85,41.490972222222226,41.490972222222226,178.85,1,1,2010-06-01
14813,2010-04-08 11:49:00,2010-04-08 11:49:00,1,435.66,53.50763888888889,53.50763888888889,435.66,1,1,2010-06-01
14817,2010-03-22 12:10:00,2010-04-18 12:36:00,2,987.38,43.475,70.49305555555556,493.69,2,0,2010-06-01
14820,2010-01-31 12:49:00,2010-04-26 10:43:00,2,265.12,35.553472222222226,120.46597222222222,132.56,1,1,2010-06-01
14821,2010-02-01 13:33:00,2010-03-18 07:31:00,3,293.65,74.68680555555555,119.43541666666667,97.88333333333333,1,1,2010-06-01
14825,2010-04-06 14:14:00,2010-05-11 10:12:00,3,516.28,20.575,55.40694444444444,172.09333333333333,3,0,2010-06-01
14826,2010-01-13 13:08:00,2010-05-07 09:00:00,2,385.20000000000005,24.625,138.45277777777778,192.60000000000002,1,1,2010-06-01
14828,2009-12-07 11:19:00,2010-05-20 13:15:00,5,4748.16,11.447916666666666,175.52847222222223,949.632,2,0,2010-06-01
14839,2010-01-04 16:29:00,2010-05-09 12:03:00,2,609.08,22.497916666666665,147.31319444444443,304.54,1,1,2010-06-01
14849,2010-01-10 11:40:00,2010-05-05 11:25:00,6,2948.48,26.524305555555557,141.51388888888889,491.41333333333336,4,0,2010-06-01
14850,2010-05-20 13:28:00,2010-05-20 13:42:00,2,473.32,11.429166666666667,11.438888888888888,236.66,2,1,2010-06-01
14852,2010-03-05 14:51:00,2010-04-23 13:12:00,3,851.24,38.45,87.38125,283.74666666666667,3,0,2010-06-01
14855,2010-04-08 10:30:00,2010-04-08 10:30:00,1,1623.8,53.5625,53.5625,1623.8,1,0,2010-06-01
14873,2010-03-16 10:51:00,2010-03-16 10:51:00,1,334.45,76.54791666666667,76.54791666666667,334.45,1,1,2010-06-01
14878,2010-02-21 11:14:00,2010-05-05 11:54:00,7,1079.56,26.504166666666666,99.53194444444445,154.22285714285712,4,0,2010-06-01
14882,2010-03-30 15:02:00,2010-04-27 15:29:00,2,284.1,34.35486111111111,62.37361111111111,142.05,2,0,2010-06-01
14890,2010-02-18 09:00:00,2010-03-31 09:40:00,2,691.5999999999999,61.59722222222222,102.625,345.79999999999995,1,1,2010-06-01
14893,2010-04-01 09:03:00,2010-04-01 09:03:00,1,571.76,60.62291666666667,60.62291666666667,571.76,1,1,2010-06-01
14897,2009-12-15 17:05:00,2010-04-26 09:13:00,2,621.6600000000001,35.615972222222226,167.28819444444446,310.83000000000004,1,1,2010-06-01
14905,2009-12-03 14:36:00,2010-04-12 14:53:00,3,674.2,49.37986111111111,179.39166666666668,224.73333333333335,2,0,2010-06-01
14909,2010-02-14 15:47:00,2010-05-24 14:43:00,2,1105.28,7.386805555555555,106.34236111111112,552.64,1,1,2010-06-01
14911,2009-12-01 11:41:00,2010-05-26 09:04:00,71,56526.26,5.622222222222222,181.51319444444445,796.1445070422535,37,0,2010-06-01
14912,2010-01-26 16:29:00,2010-04-28 09:41:00,2,497.0,33.59652777777778,125.31319444444445,248.5,1,1,2010-06-01
14915,2009-12-03 10:17:00,2010-05-11 10:41:00,3,537.3100000000001,20.554861111111112,179.5715277777778,179.10333333333335,2,0,2010-06-01
14917,2010-04-22 09:44:00,2010-04-22 11:28:00,2,1123.75,39.522222222222226,39.59444444444444,561.875,2,1,2010-06-01
14920,2010-05-23 15:25:00,2010-05-23 15:25:00,1,629.4,8.35763888888889,8.35763888888889,629.4,1,1,2010-06-01
14924,2010-03-10 12:51:00,2010-04-08 15:40:00,2,620.96,53.34722222222222,82.46458333333334,310.48,2,1,2010-06-01
14926,2010-04-20 09:59:00,2010-04-20 09:59:00,1,220.2,41.58402777777778,41.58402777777778,220.2,1,1,2010-06-01
14928,2010-03-22 09:14:00,2010-03-22 09:14:00,1,223.91000000000003,70.61527777777778,70.61527777777778,223.91000000000003,1,1,2010-06-01
14938,2010-05-26 13:35:00,2010-05-26 13:38:00,2,2322.43,5.4319444444444445,5.434027777777778,1161.215,2,1,2010-06-01
14941,2010-05-10 11:30:00,2010-05-10 11:30:00,1,182.1,21.520833333333332,21.520833333333332,182.1,1,1,2010-06-01
14942,2009-12-10 10:32:00,2010-04-26 10:35:00,3,440.78,35.55902777777778,172.5611111111111,146.92666666666665,2,1,2010-06-01
14944,2010-02-17 08:47:00,2010-04-15 11:47:00,3,1578.3,46.509027777777774,103.63402777777777,526.1,1,1,2010-06-01
14947,2010-03-25 11:29:00,2010-04-15 11:44:00,2,471.6,46.51111111111111,67.52152777777778,235.8,2,0,2010-06-01
14958,2009-12-03 16:02:00,2010-04-23 14:31:00,3,458.26,38.39513888888889,179.33194444444445,152.75333333333333,2,1,2010-06-01
14961,2009-12-04 11:32:00,2010-04-29 12:04:00,4,4361.62,32.49722222222222,178.51944444444445,1090.405,2,0,2010-06-01
14978,2010-04-28 10:50:00,2010-04-28 10:50:00,1,250.04,33.548611111111114,33.548611111111114,250.04,1,0,2010-06-01
14982,2010-05-16 15:52:00,2010-05-16 15:52:00,1,237.78,15.338888888888889,15.338888888888889,237.78,1,1,2010-06-01
14990,2009-12-09 13:31:00,2010-04-06 13:54:00,2,304.16999999999996,55.420833333333334,173.43680555555557,152.08499999999998,1,1,2010-06-01
14993,2010-05-25 12:47:00,2010-05-25 12:47:00,1,36.13,6.467361111111111,6.467361111111111,36.13,1,1,2010-06-01
14998,2010-04-13 16:07:00,2010-04-13 16:07:00,1,113.49,48.328472222222224,48.328472222222224,113.49,1,1,2010-06-01
14999,2010-04-26 10:47:00,2010-04-26 10:47:00,1,129.48000000000002,35.550694444444446,35.550694444444446,129.48000000000002,1,1,2010-06-01
15012,2010-05-12 11:49:00,2010-05-12 11:49:00,1,241.22,19.507638888888888,19.507638888888888,241.22,1,1,2010-06-01
15015,2009-12-14 14:46:00,2010-05-27 19:03:00,11,1895.58,4.20625,168.38472222222222,172.32545454545453,6,0,2010-06-01
15023,2010-02-03 15:45:00,2010-05-17 15:35:00,4,1908.7,14.350694444444445,117.34375,477.175,3,0,2010-06-01
15025,2010-05-20 13:28:00,2010-05-20 13:28:00,1,617.83,11.438888888888888,11.438888888888888,617.83,1,1,2010-06-01
15027,2010-03-25 14:39:00,2010-05-25 09:46:00,4,1156.16,6.593055555555556,67.38958333333333,289.04,4,1,2010-06-01
15029,2010-03-30 12:16:00,2010-03-30 12:16:00,1,365.1,62.48888888888889,62.48888888888889,365.1,1,1,2010-06-01
15030,2010-03-04 17:10:00,2010-03-18 17:34:00,2,615.6,74.26805555555555,88.28472222222223,307.8,2,0,2010-06-01
15031,2009-12-08 13:38:00,2010-05-10 10:41:00,6,1721.14,21.554861111111112,174.43194444444444,286.8566666666667,2,0,2010-06-01
15032,2009-12-10 15:27:00,2010-04-15 14:38:00,2,2123.95,46.390277777777776,172.35625,1061.975,1,0,2010-06-01
15039,2009-12-10 11:39:00,2010-05-24 11:39:00,15,2918.7000000000003,7.514583333333333,172.51458333333332,194.58,8,0,2010-06-01
15042,2010-04-23 14:01:00,2010-04-23 14:01:00,1,179.52,38.41597222222222,38.41597222222222,179.52,1,1,2010-06-01
15057,2009-12-05 15:27:00,2010-03-24 11:51:00,2,865.0400000000001,68.50625,177.35625,432.52000000000004,1,1,2010-06-01
15058,2010-02-24 14:07:00,2010-04-26 10:33:00,2,511.25,35.56041666666667,96.41180555555556,255.625,1,1,2010-06-01
15059,2009-12-06 12:17:00,2010-04-18 12:57:00,5,988.02,43.46041666666667,176.48819444444445,197.60399999999998,1,0,2010-06-01
15067,2010-04-11 15:54:00,2010-04-11 15:54:00,1,764.64,50.3375,50.3375,764.64,1,1,2010-06-01
15068,2010-03-28 13:18:00,2010-03-28 13:18:00,1,334.87,64.44583333333334,64.44583333333334,334.87,1,1,2010-06-01
15070,2009-12-15 13:49:00,2010-04-27 15:21:00,2,630.85,34.360416666666666,167.42430555555555,315.425,1,1,2010-06-01
15073,2010-01-27 08:48:00,2010-04-22 14:15:00,2,725.78,39.40625,124.63333333333334,362.89,1,1,2010-06-01
15078,2009-12-04 12:03:00,2010-05-26 13:17:00,8,3386.48,5.446527777777778,178.49791666666667,423.31,5,0,2010-06-01
15079,2009-12-08 11:22:00,2010-03-23 13:40:00,3,1755.96,69.43055555555556,174.5263888888889,585.32,1,0,2010-06-01
15086,2010-03-24 13:56:00,2010-05-24 12:27:00,2,218.53,7.48125,68.41944444444445,109.265,2,1,2010-06-01
15093,2009-12-08 12:46:00,2010-04-22 16:12:00,5,3269.96,39.325,174.46805555555557,653.992,2,0,2010-06-01
15095,2010-01-21 09:37:00,2010-04-22 08:03:00,2,704.89,39.66458333333333,130.59930555555556,352.445,1,0,2010-06-01
15109,2009-12-04 12:33:00,2010-05-09 13:44:00,2,498.15,22.427777777777777,178.47708333333333,249.075,1,1,2010-06-01
15122,2010-03-30 14:05:00,2010-05-04 14:12:00,2,1143.67,27.408333333333335,62.41319444444444,571.835,2,0,2010-06-01
15123,2010-03-16 09:49:00,2010-03-16 09:49:00,1,456.65999999999997,76.59097222222222,76.59097222222222,456.65999999999997,1,1,2010-06-01
15129,2010-04-08 17:15:00,2010-05-06 11:14:00,3,902.25,25.531944444444445,53.28125,300.75,3,0,2010-06-01
15144,2009-12-13 11:35:00,2010-04-14 15:17:00,3,1953.6,47.363194444444446,169.51736111111111,651.1999999999999,1,0,2010-06-01
15149,2010-02-28 11:13:00,2010-05-12 16:04:00,4,1033.81,19.330555555555556,92.53263888888888,258.4525,2,1,2010-06-01
15157,2009-12-10 14:44:00,2010-05-19 13:29:00,2,718.04,12.438194444444445,172.38611111111112,359.02,1,1,2010-06-01
15173,2010-04-01 12:26:00,2010-05-24 13:55:00,3,592.57,7.420138888888889,60.481944444444444,197.52333333333334,3,0,2010-06-01
15179,2009-12-03 12:27:00,2010-04-23 13:26:00,4,2498.32,38.44027777777778,179.48125,624.58,2,0,2010-06-01
15180,2010-04-29 15:27:00,2010-04-29 15:27:00,1,452.84000000000003,32.35625,32.35625,452.84000000000003,1,1,2010-06-01
15182,2010-02-21 12:03:00,2010-05-25 10:14:00,2,963.5210000000001,6.573611111111111,99.49791666666667,481.76050000000004,1,0,2010-06-01
15186,2010-01-12 10:14:00,2010-05-12 14:00:00,2,518.86,19.416666666666668,139.57361111111112,259.43,1,1,2010-06-01
15192,2010-01-29 10:13:00,2010-05-13 13:50:00,2,622.07,18.42361111111111,122.57430555555555,311.035,1,1,2010-06-01
15194,2009-12-03 10:37:00,2010-04-15 10:20:00,6,2214.99,46.56944444444444,179.5576388888889,369.16499999999996,2,1,2010-06-01
15199,2010-05-13 10:14:00,2010-05-13 10:14:00,1,300.90000000000003,18.573611111111113,18.573611111111113,300.90000000000003,1,0,2010-06-01
15203,2009-12-08 18:06:00,2010-04-29 12:44:00,5,1237.25,32.46944444444444,174.24583333333334,247.45,3,0,2010-06-01
15210,2010-05-13 14:42:00,2010-05-13 14:42:00,1,301.92,18.3875,18.3875,301.92,1,1,2010-06-01
15215,2010-04-06 11:21:00,2010-05-04 12:59:00,2,466.22,27.459027777777777,55.52708333333333,233.11,2,1,2010-06-01
15218,2010-01-26 11:33:00,2010-05-27 12:36:00,6,3057.19,4.475,125.51875,509.5316666666667,5,0,2010-06-01
15221,2010-03-12 10:40:00,2010-04-25 15:50:00,2,787.1500000000001,36.34027777777778,80.55555555555556,393.57500000000005,2,1,2010-06-01
15222,2009-12-16 13:49:00,2010-04-14 15:15:00,8,2420.66,47.364583333333336,166.42430555555555,302.5825,4,0,2010-06-01
15229,2010-05-02 13:50:00,2010-05-02 13:50:00,1,160.5,29.42361111111111,29.42361111111111,160.5,1,1,2010-06-01
15231,2010-03-28 15:12:00,2010-03-28 15:12:00,1,250.26,64.36666666666666,64.36666666666666,250.26,1,1,2010-06-01
15241,2010-02-23 13:59:00,2010-05-18 10:38:00,2,848.26,13.556944444444444,97.4173611111111,424.13,1,1,2010-06-01
15249,2010-03-26 14:51:00,2010-04-16 11:54:00,2,1122.7,45.50416666666667,66.38125,561.35,2,0,2010-06-01
15252,2010-04-07 10:24:00,2010-05-12 11:55:00,2,992.87,19.50347222222222,54.56666666666667,496.435,2,1,2010-06-01
15254,2010-05-28 10:08:00,2010-05-28 10:08:00,1,450.34000000000003,3.577777777777778,3.577777777777778,450.34000000000003,1,0,2010-06-01
15260,2009-12-06 11:45:00,2010-05-21 12:11:00,8,1979.0300000000002,10.49236111111111,176.51041666666666,247.37875000000003,5,0,2010-06-01
15265,2009-12-01 17:08:00,2010-04-14 11:20:00,2,1839.52,47.52777777777778,181.2861111111111,919.76,1,1,2010-06-01
15268,2010-04-13 11:27:00,2010-04-13 11:27:00,1,547.6,48.52291666666667,48.52291666666667,547.6,1,1,2010-06-01
15270,2009-12-17 15:02:00,2010-03-31 13:40:00,8,3471.7200000000003,61.43055555555556,165.3736111111111,433.96500000000003,4,1,2010-06-01
15272,2010-02-14 13:39:00,2010-05-16 15:33:00,2,918.5699999999999,15.352083333333333,106.43125,459.28499999999997,1,0,2010-06-01
15278,2010-02-12 14:53:00,2010-05-27 10:03:00,4,496.15999999999997,4.58125,108.37986111111111,124.03999999999999,2,1,2010-06-01
15280,2010-05-17 14:17:00,2010-05-17 14:17:00,1,132.9,14.404861111111112,14.404861111111112,132.9,1,0,2010-06-01
15282,2010-05-18 16:27:00,2010-05-18 16:27:00,1,348.59,13.314583333333333,13.314583333333333,348.59,1,1,2010-06-01
15288,2010-02-12 15:27:00,2010-04-23 12:49:00,2,766.46,38.46597222222222,108.35625,383.23,1,1,2010-06-01
15289,2010-03-28 11:45:00,2010-03-28 11:45:00,1,439.62,64.51041666666667,64.51041666666667,439.62,1,1,2010-06-01
15290,2010-02-24 10:15:00,2010-05-07 08:49:00,2,631.36,24.632638888888888,96.57291666666667,315.68,1,0,2010-06-01
15291,2009-12-03 11:09:00,2010-05-10 10:11:00,16,5432.01,21.575694444444444,179.53541666666666,339.500625,7,0,2010-06-01
15296,2010-01-21 13:48:00,2010-05-17 15:54:00,2,3312.59,14.3375,130.425,1656.295,1,0,2010-06-01
15298,2009-12-08 17:04:00,2010-05-10 11:33:00,5,1939.21,21.51875,174.2888888888889,387.842,3,0,2010-06-01
15303,2010-01-25 09:42:00,2010-05-23 12:14:00,2,650.16,8.490277777777777,126.59583333333333,325.08,1,1,2010-06-01
15306,2010-02-18 17:12:00,2010-05-24 09:32:00,4,1776.31,7.602777777777778,102.28333333333333,444.0775,3,0,2010-06-01
15309,2009-12-04 13:01:00,2010-04-08 11:11:00,4,797.96,53.53402777777778,178.45763888888888,199.49,2,1,2010-06-01
15311,2009-12-01 11:21:00,2010-05-27 11:04:00,69,35200.04,4.538888888888889,181.52708333333334,510.14550724637684,31,0,2010-06-01
15312,2009-12-16 09:23:00,2010-05-07 10:19:00,5,1414.89,24.570138888888888,166.60902777777778,282.978,2,1,2010-06-01
15321,2010-02-03 09:47:00,2010-05-25 09:54:00,8,3005.91,6.5875,117.59236111111112,375.73875,5,1,2010-06-01
15323,2010-02-16 09:21:00,2010-05-26 10:01:00,3,434.6,5.582638888888889,104.61041666666667,144.86666666666667,2,1,2010-06-01
15325,2010-02-16 13:30:00,2010-05-04 15:48:00,3,590.83,27.341666666666665,104.4375,196.94333333333336,2,0,2010-06-01
15329,2009-12-14 12:18:00,2010-05-14 14:31:00,4,789.47,17.395138888888887,168.4875,197.3675,3,0,2010-06-01
15331,2010-04-09 14:26:00,2010-04-09 14:26:00,1,365.59000000000003,52.39861111111111,52.39861111111111,365.59000000000003,1,0,2010-06-01
15339,2010-02-08 13:38:00,2010-03-26 17:24:00,2,290.73,66.275,112.43194444444444,145.365,1,1,2010-06-01
15354,2010-04-15 16:17:00,2010-04-15 16:24:00,3,284.4,46.31666666666667,46.321527777777774,94.8,3,1,2010-06-01
15373,2010-05-02 11:57:00,2010-05-16 14:06:00,2,217.38,15.4125,29.502083333333335,108.69,2,0,2010-06-01
15374,2010-03-25 12:03:00,2010-03-25 12:03:00,1,139.32,67.49791666666667,67.49791666666667,139.32,1,1,2010-06-01
15380,2009-12-01 13:50:00,2010-03-25 12:20:00,4,897.74,67.48611111111111,181.42361111111111,224.435,1,0,2010-06-01
15382,2009-12-04 14:13:00,2010-05-07 12:09:00,3,3766.73,24.49375,178.4076388888889,1255.5766666666666,1,1,2010-06-01
15389,2010-01-27 12:44:00,2010-05-26 16:02:00,2,1229.8,5.331944444444445,124.46944444444445,614.9,1,0,2010-06-01
15391,2010-05-04 15:04:00,2010-05-04 15:04:00,1,289.87,27.372222222222224,27.372222222222224,289.87,1,1,2010-06-01
15394,2009-12-15 19:05:00,2010-05-23 14:26:00,3,1027.6599999999999,8.39861111111111,167.20486111111111,342.5533333333333,2,0,2010-06-01
15400,2010-05-28 08:33:00,2010-05-28 08:33:00,1,194.0,3.64375,3.64375,194.0,1,0,2010-06-01
15402,2010-04-27 12:12:00,2010-04-27 12:12:00,1,584.06,34.49166666666667,34.49166666666667,584.06,1,0,2010-06-01
15405,2010-05-12 15:56:00,2010-05-12 15:56:00,1,310.74,19.336111111111112,19.336111111111112,310.74,1,1,2010-06-01
15410,2010-04-19 08:57:00,2010-05-20 09:53:00,2,1234.88,11.588194444444444,42.62708333333333,617.44,2,1,2010-06-01
15418,2010-05-02 11:31:00,2010-05-02 11:31:00,1,206.49,29.520138888888887,29.520138888888887,206.49,1,1,2010-06-01
15420,2009-12-05 13:29:00,2010-05-30 15:45:00,5,636.0,1.34375,177.43819444444443,127.2,2,1,2010-06-01
15421,2009-12-07 15:10:00,2010-05-25 15:23:00,4,1733.9499999999998,6.3590277777777775,175.36805555555554,433.48749999999995,1,1,2010-06-01
15422,2010-02-07 11:52:00,2010-05-18 12:49:00,2,758.7,13.465972222222222,113.50555555555556,379.35,1,1,2010-06-01
15423,2010-03-28 13:42:00,2010-05-07 09:21:00,2,223.39,24.610416666666666,64.42916666666666,111.695,2,1,2010-06-01
15425,2010-02-14 12:36:00,2010-03-21 11:32:00,2,1506.22,71.51944444444445,106.475,753.11,1,0,2010-06-01
15426,2010-05-02 15:10:00,2010-05-02 15:10:00,1,403.27,29.368055555555557,29.368055555555557,403.27,1,0,2010-06-01
15443,2010-03-07 12:10:00,2010-05-30 13:02:00,5,1214.55,1.4569444444444444,85.49305555555556,242.91,5,0,2010-06-01
15446,2009-12-13 13:53:00,2010-03-21 11:15:00,2,230.77,71.53125,169.42152777777778,115.385,1,1,2010-06-01
15447,2010-03-24 14:40:00,2010-04-20 09:47:00,3,237.06,41.59236111111111,68.38888888888889,79.02,3,0,2010-06-01
15451,2010-04-19 14:08:00,2010-04-19 14:08:00,1,104.76,42.41111111111111,42.41111111111111,104.76,1,1,2010-06-01
15454,2010-03-31 13:15:00,2010-03-31 13:15:00,1,126.89,61.447916666666664,61.447916666666664,126.89,1,1,2010-06-01
15456,2009-12-08 12:54:00,2010-05-18 17:13:00,5,1094.23,13.282638888888888,174.4625,218.846,1,0,2010-06-01
15461,2010-03-18 12:40:00,2010-03-18 12:40:00,1,210.0,74.47222222222223,74.47222222222223,210.0,1,1,2010-06-01
15465,2009-12-10 09:42:00,2010-05-07 14:44:00,9,1908.95,24.386111111111113,172.59583333333333,212.10555555555555,2,1,2010-06-01
15466,2009-12-03 12:28:00,2010-04-12 14:48:00,2,899.71,49.38333333333333,179.48055555555555,449.855,1,1,2010-06-01
15474,2010-04-23 11:14:00,2010-04-23 11:14:00,1,150.35,38.53194444444444,38.53194444444444,150.35,1,1,2010-06-01
15482,2009-12-02 16:59:00,2010-04-18 10:31:00,6,2842.43,43.56180555555556,180.29236111111112,473.7383333333333,3,1,2010-06-01
15489,2010-01-15 16:58:00,2010-04-11 11:47:00,2,413.20000000000005,50.509027777777774,136.29305555555555,206.60000000000002,1,0,2010-06-01
15497,2009-12-18 15:08:00,2010-05-11 14:00:00,5,3816.0099999999998,20.416666666666668,164.36944444444444,763.202,2,1,2010-06-01
15504,2010-02-12 12:34:00,2010-04-12 12:48:00,2,288.03,49.46666666666667,108.47638888888889,144.015,1,0,2010-06-01
15513,2010-01-13 14:59:00,2010-05-30 13:25:00,9,5030.09,1.4409722222222223,138.37569444444443,558.8988888888889,8,0,2010-06-01
15518,2009-12-20 12:21:00,2010-05-24 13:26:00,5,1598.0700000000002,7.440277777777778,162.48541666666668,319.61400000000003,3,0,2010-06-01
15521,2010-01-05 10:19:00,2010-04-07 13:48:00,3,1259.6100000000001,54.425,146.5701388888889,419.87000000000006,2,0,2010-06-01
15523,2009-12-02 15:16:00,2010-05-11 12:41:00,8,4335.88,20.471527777777776,180.36388888888888,541.985,4,0,2010-06-01
15548,2010-04-23 12:20:00,2010-04-23 12:20:00,1,158.09,38.486111111111114,38.486111111111114,158.09,1,1,2010-06-01
15549,2010-01-11 13:16:00,2010-03-25 16:43:00,3,380.65,67.30347222222223,140.44722222222222,126.88333333333333,1,0,2010-06-01
15555,2009-12-06 11:58:00,2010-05-30 11:02:00,9,3110.47,1.5402777777777779,176.5013888888889,345.60777777777776,6,0,2010-06-01
15571,2009-12-06 12:10:00,2010-05-30 13:35:00,4,720.74,1.4340277777777777,176.49305555555554,180.185,3,1,2010-06-01
15572,2010-04-14 14:38:00,2010-04-14 14:38:00,1,300.93,47.390277777777776,47.390277777777776,300.93,1,1,2010-06-01
15573,2009-12-10 14:19:00,2010-03-31 13:40:00,3,597.23,61.43055555555556,172.40347222222223,199.07666666666668,1,1,2010-06-01
15575,2010-03-30 12:50:00,2010-03-30 12:50:00,1,30.1,62.46527777777778,62.46527777777778,30.1,1,1,2010-06-01
15581,2009-12-02 12:19:00,2010-05-19 13:22:00,13,1140.73,12.443055555555556,180.48680555555555,87.74846153846154,1,0,2010-06-01
15586,2010-01-08 10:02:00,2010-04-26 11:00:00,3,1139.1000000000001,35.541666666666664,143.58194444444445,379.70000000000005,1,1,2010-06-01
15590,2010-04-12 10:09:00,2010-05-05 09:04:00,3,694.76,26.622222222222224,49.577083333333334,231.58666666666667,3,1,2010-06-01
15591,2010-02-04 09:20:00,2010-05-06 09:23:00,3,217.9,25.60902777777778,116.61111111111111,72.63333333333334,2,1,2010-06-01
15597,2010-05-13 13:10:00,2010-05-13 13:10:00,1,238.8,18.45138888888889,18.45138888888889,238.8,1,1,2010-06-01
15600,2010-04-25 11:50:00,2010-04-25 11:50:00,1,328.48,36.50694444444444,36.50694444444444,328.48,1,0,2010-06-01
15601,2009-12-01 14:53:00,2010-04-27 10:31:00,11,5262.52,34.56180555555556,181.3798611111111,478.4109090909091,5,0,2010-06-01
15602,2009-12-02 09:35:00,2010-03-25 10:55:00,3,527.4,67.54513888888889,180.60069444444446,175.79999999999998,1,0,2010-06-01
15605,2010-01-14 14:03:00,2010-04-30 09:28:00,4,543.72,31.605555555555554,137.41458333333333,135.93,3,1,2010-06-01
15606,2010-03-02 14:48:00,2010-04-29 15:39:00,3,905.75,32.34791666666667,90.38333333333334,301.9166666666667,2,0,2010-06-01
15607,2010-01-08 12:16:00,2010-05-27 15:56:00,7,1534.01,4.336111111111111,143.48888888888888,219.1442857142857,4,0,2010-06-01
15614,2010-03-23 11:13:00,2010-03-23 11:13:00,1,1327.98,69.53263888888888,69.53263888888888,1327.98,1,0,2010-06-01
15615,2009-12-02 15:28:00,2010-05-20 14:45:00,10,4738.92,11.385416666666666,180.35555555555555,473.892,5,0,2010-06-01
15622,2010-03-04 10:29:00,2010-05-18 10:35:00,5,3514.36,13.559027777777779,88.56319444444445,702.8720000000001,5,0,2010-06-01
15623,2009-12-10 14:46:00,2010-03-21 15:22:00,3,1116.98,71.35972222222222,172.38472222222222,372.32666666666665,1,0,2010-06-01
15628,2009-12-13 13:39:00,2010-04-16 12:43:00,3,908.33,45.47013888888889,169.43125,302.7766666666667,1,0,2010-06-01
15633,2009-12-08 17:51:00,2010-05-27 14:17:00,11,3838.67,4.404861111111111,174.25625,348.97,8,0,2010-06-01
15639,2010-04-13 13:11:00,2010-04-13 13:11:00,1,394.24,48.450694444444444,48.450694444444444,394.24,1,1,2010-06-01
15640,2009-12-14 16:36:00,2010-04-08 09:43:00,6,4151.79,53.59513888888889,168.30833333333334,691.965,1,0,2010-06-01
15650,2010-03-21 11:46:00,2010-03-21 11:46:00,1,359.08,71.50972222222222,71.50972222222222,359.08,1,0,2010-06-01
15661,2010-05-10 07:59:00,2010-05-10 07:59:00,1,320.95,21.667361111111113,21.667361111111113,320.95,1,0,2010-06-01
15664,2010-02-28 12:50:00,2010-05-07 08:17:00,2,527.78,24.65486111111111,92.46527777777777,263.89,1,1,2010-06-01
15673,2010-02-22 14:28:00,2010-05-17 10:14:00,3,1780.81,14.573611111111111,98.39722222222223,593.6033333333334,2,0,2010-06-01
15680,2009-12-02 12:15:00,2010-05-07 09:40:00,5,1686.99,24.59722222222222,180.48958333333334,337.398,2,1,2010-06-01
15682,2010-01-21 14:37:00,2010-04-19 15:30:00,2,318.24,42.354166666666664,130.39097222222222,159.12,1,1,2010-06-01
15691,2009-12-06 16:01:00,2010-04-29 11:53:00,2,359.5,32.50486111111111,176.33263888888888,179.75,1,1,2010-06-01
15694,2009-12-07 15:43:00,2010-04-23 14:03:00,2,811.47,38.41458333333333,175.3451388888889,405.735,1,0,2010-06-01
15698,2010-03-25 17:38:00,2010-03-25 17:38:00,1,46.2,67.26527777777778,67.26527777777778,46.2,1,1,2010-06-01
15704,2010-05-05 14:51:00,2010-05-05 14:51:00,1,841.17,26.38125,26.38125,841.17,1,0,2010-06-01
15709,2010-04-29 18:31:00,2010-04-29 18:31:00,1,194.6,32.22847222222222,32.22847222222222,194.6,1,1,2010-06-01
15713,2009-12-16 09:41:00,2010-03-30 10:26:00,2,482.94000000000005,62.56527777777778,166.59652777777777,241.47000000000003,1,1,2010-06-01
15717,2010-04-26 10:41:00,2010-04-26 10:41:00,1,73.5,35.55486111111111,35.55486111111111,73.5,1,0,2010-06-01
15722,2010-03-09 15:05:00,2010-04-15 15:28:00,3,1122.04,46.355555555555554,83.37152777777777,374.0133333333333,3,1,2010-06-01
15723,2010-05-14 12:55:00,2010-05-14 12:55:00,1,236.36,17.461805555555557,17.461805555555557,236.36,1,1,2010-06-01
15727,2010-01-24 12:12:00,2010-05-19 11:39:00,2,1721.43,12.514583333333333,127.49166666666666,860.715,1,0,2010-06-01
15732,2010-02-04 10:10:00,2010-05-02 12:31:00,7,889.63,29.478472222222223,116.57638888888889,127.09,5,0,2010-06-01
15741,2010-03-31 11:55:00,2010-03-31 11:55:00,1,63.150000000000006,61.50347222222222,61.50347222222222,63.150000000000006,1,1,2010-06-01
15742,2010-03-30 15:25:00,2010-03-30 15:25:00,1,156.87,62.357638888888886,62.357638888888886,156.87,1,1,2010-06-01
15747,2010-01-18 11:21:00,2010-04-23 16:02:00,2,357.33000000000004,38.331944444444446,133.52708333333334,178.66500000000002,1,0,2010-06-01
15760,2010-03-19 11:35:00,2010-03-19 11:45:00,2,13916.34,73.51041666666667,73.51736111111111,6958.17,2,1,2010-06-01
15768,2009-12-03 12:10:00,2010-05-27 14:27:00,24,12057.77,4.397916666666666,179.49305555555554,502.40708333333333,13,0,2010-06-01
15769,2009-12-11 09:58:00,2010-05-17 15:14:00,7,14661.0,14.365277777777777,171.5847222222222,2094.4285714285716,4,0,2010-06-01
15770,2010-04-06 11:47:00,2010-04-06 11:47:00,1,321.45,55.509027777777774,55.509027777777774,321.45,1,1,2010-06-01
15774,2010-02-21 12:57:00,2010-05-16 12:15:00,3,513.84,15.489583333333334,99.46041666666666,171.28,2,0,2010-06-01
15775,2010-03-18 07:32:00,2010-03-18 07:32:00,1,45.6,74.68611111111112,74.68611111111112,45.6,1,1,2010-06-01
15777,2010-05-20 10:37:00,2010-05-20 10:37:00,1,9.3,11.557638888888889,11.557638888888889,9.3,1,1,2010-06-01
15789,2010-03-26 11:21:00,2010-03-26 11:21:00,1,383.75,66.52708333333334,66.52708333333334,383.75,1,0,2010-06-01
15791,2010-03-08 09:41:00,2010-04-28 11:29:00,2,997.3799999999999,33.52152777777778,84.59652777777778,498.68999999999994,2,0,2010-06-01
15792,2010-03-31 09:42:00,2010-03-31 09:42:00,1,476.84000000000003,61.59583333333333,61.59583333333333,476.84000000000003,1,1,2010-06-01
15793,2009-12-01 12:54:00,2010-04-19 09:54:00,3,792.58,42.5875,181.4625,264.1933333333333,2,1,2010-06-01
15795,2010-01-18 11:31:00,2010-05-02 12:13:00,6,986.38,29.490972222222222,133.52013888888888,164.39666666666668,3,1,2010-06-01
15800,2010-03-31 13:17:00,2010-03-31 13:29:00,4,361.03,61.43819444444444,61.446527777777774,90.2575,4,1,2010-06-01
15810,2010-02-04 18:18:00,2010-03-22 10:08:00,2,849.2,70.57777777777778,116.2375,424.6,1,1,2010-06-01
15812,2009-12-15 13:40:00,2010-04-15 08:38:00,4,1179.68,46.640277777777776,167.43055555555554,294.92,2,0,2010-06-01
15818,2010-04-30 12:58:00,2010-04-30 12:58:00,1,340.5,31.459722222222222,31.459722222222222,340.5,1,1,2010-06-01
15819,2010-03-18 11:08:00,2010-04-30 11:58:00,4,1030.3,31.50138888888889,74.53611111111111,257.575,4,0,2010-06-01
15822,2009-12-06 15:12:00,2010-05-05 11:27:00,2,641.42,26.522916666666667,176.36666666666667,320.71,1,0,2010-06-01
15845,2010-01-26 14:44:00,2010-04-27 09:09:00,2,595.96,34.61875,125.3861111111111,297.98,1,0,2010-06-01
15854,2009-12-10 12:08:00,2010-05-20 11:04:00,3,900.33,11.53888888888889,172.49444444444444,300.11,2,0,2010-06-01
15858,2009-12-10 11:42:00,2010-03-18 12:44:00,4,959.5699999999999,74.46944444444445,172.5125,239.89249999999998,1,0,2010-06-01
15860,2009-12-06 12:31:00,2010-05-30 11:41:00,5,616.92,1.5131944444444445,176.47847222222222,123.38399999999999,3,1,2010-06-01
15861,2010-01-28 19:41:00,2010-05-21 14:24:00,3,910.5699999999999,10.4,123.17986111111111,303.5233333333333,2,1,2010-06-01
15862,2009-12-17 11:33:00,2010-05-28 11:13:00,7,1243.89,3.532638888888889,165.51875,177.69857142857146,4,0,2010-06-01
15863,2009-12-17 10:20:00,2010-04-01 15:40:00,3,286.26,60.34722222222222,165.56944444444446,95.42,1,1,2010-06-01
15867,2009-12-14 15:16:00,2010-04-26 14:47:00,10,2919.14,35.384027777777774,168.36388888888888,291.914,5,0,2010-06-01
15868,2010-05-05 14:11:00,2010-05-05 14:11:00,1,94.53,26.409027777777776,26.409027777777776,94.53,1,1,2010-06-01
15874,2010-01-07 13:56:00,2010-05-18 14:46:00,8,3316.51,13.384722222222223,144.41944444444445,414.56375,5,0,2010-06-01
15879,2009-12-17 19:54:00,2010-05-19 17:49:00,2,605.72,12.25763888888889,165.17083333333332,302.86,1,0,2010-06-01
15885,2010-01-21 12:47:00,2010-04-20 12:29:00,4,504.85,41.47986111111111,130.4673611111111,126.2125,2,0,2010-06-01
15898,2009-12-11 16:11:00,2010-05-25 13:08:00,13,2421.1,6.4527777777777775,171.32569444444445,186.23846153846154,7,0,2010-06-01
15912,2009-12-10 12:58:00,2010-05-19 11:00:00,6,654.99,12.541666666666666,172.4597222222222,109.165,2,1,2010-06-01
15917,2009-12-02 14:55:00,2010-04-12 15:01:00,4,407.07,49.37430555555556,180.37847222222223,101.7675,1,1,2010-06-01
15920,2009-12-14 13:09:00,2010-03-24 13:14:00,3,164.49,68.4486111111111,168.45208333333332,54.830000000000005,1,0,2010-06-01
15946,2010-03-16 10:49:00,2010-03-16 10:49:00,1,1155.02,76.54930555555555,76.54930555555555,1155.02,1,0,2010-06-01
15954,2010-04-29 13:35:00,2010-04-29 13:35:00,1,190.75,32.43402777777778,32.43402777777778,190.75,1,1,2010-06-01
15955,2010-02-23 16:36:00,2010-05-06 19:49:00,3,1623.63,25.174305555555556,97.30833333333334,541.21,2,1,2010-06-01
15970,2010-04-20 11:30:00,2010-04-20 11:30:00,1,703.22,41.520833333333336,41.520833333333336,703.22,1,1,2010-06-01
15972,2010-04-18 14:06:00,2010-05-14 15:37:00,2,1081.42,17.349305555555556,43.4125,540.71,2,1,2010-06-01
15982,2010-04-13 15:47:00,2010-04-13 15:47:00,1,324.51,48.34236111111111,48.34236111111111,324.51,1,1,2010-06-01
15984,2009-12-01 13:38:00,2010-05-26 11:23:00,12,3144.1,5.5256944444444445,181.43194444444444,262.0083333333333,5,0,2010-06-01
15985,2010-05-27 15:51:00,2010-05-27 15:51:00,1,487.92,4.339583333333334,4.339583333333334,487.92,1,0,2010-06-01
15990,2010-02-28 12:30:00,2010-04-26 11:02:00,4,845.8800000000001,35.540277777777774,92.47916666666667,211.47000000000003,3,0,2010-06-01
15998,2009-12-01 11:45:00,2010-03-23 11:20:00,6,2711.0099999999998,69.52777777777777,181.51041666666666,451.835,2,0,2010-06-01
16002,2010-03-24 13:08:00,2010-03-24 13:08:00,1,169.21,68.45277777777778,68.45277777777778,169.21,1,1,2010-06-01
16003,2009-12-03 18:51:00,2010-03-24 10:09:00,3,997.2700000000001,68.57708333333333,179.21458333333334,332.42333333333335,2,1,2010-06-01
16004,2010-01-25 13:56:00,2010-05-25 15:30:00,3,1763.44,6.354166666666667,126.41944444444445,587.8133333333334,2,1,2010-06-01
16011,2009-12-01 12:02:00,2010-05-30 12:39:00,6,931.78,1.4729166666666667,181.4986111111111,155.29666666666665,3,0,2010-06-01
16013,2009-12-08 10:24:00,2010-05-26 10:41:00,15,5081.12,5.554861111111111,174.56666666666666,338.74133333333333,11,0,2010-06-01
16017,2010-01-05 12:06:00,2010-03-18 11:38:00,3,927.35,74.51527777777778,146.49583333333334,309.1166666666667,1,1,2010-06-01
16027,2010-01-08 13:21:00,2010-05-07 10:49:00,7,961.1,24.549305555555556,143.44375,137.3,3,1,2010-06-01
16028,2010-04-23 11:45:00,2010-04-23 11:45:00,1,82.2,38.510416666666664,38.510416666666664,82.2,1,1,2010-06-01
16029,2009-12-08 11:23:00,2010-05-21 11:36:00,24,25548.52,10.516666666666667,174.52569444444444,1064.5216666666668,8,0,2010-06-01
16035,2010-05-28 15:09:00,2010-05-28 15:09:00,1,217.73,3.36875,3.36875,217.73,1,1,2010-06-01
16036,2010-03-29 14:47:00,2010-03-29 14:47:00,1,848.6800000000001,63.384027777777774,63.384027777777774,848.6800000000001,1,1,2010-06-01
16054,2010-04-01 18:37:00,2010-04-01 18:37:00,1,452.48,60.22430555555555,60.22430555555555,452.48,1,0,2010-06-01
16067,2010-02-02 18:01:00,2010-05-26 12:33:00,3,3269.11,5.477083333333334,118.24930555555555,1089.7033333333334,2,1,2010-06-01
16071,2010-02-22 14:48:00,2010-03-23 10:28:00,2,566.1600000000001,69.56388888888888,98.38333333333334,283.08000000000004,1,0,2010-06-01
16077,2010-03-24 10:42:00,2010-03-24 10:42:00,1,2300.4,68.55416666666666,68.55416666666666,2300.4,1,1,2010-06-01
16085,2010-01-20 14:03:00,2010-03-31 10:41:00,3,679.6500000000001,61.55486111111111,131.41458333333333,226.55000000000004,2,0,2010-06-01
16086,2009-12-02 13:20:00,2010-04-21 13:28:00,2,642.1700000000001,40.43888888888889,180.44444444444446,321.08500000000004,1,0,2010-06-01
16087,2010-01-19 12:30:00,2010-04-09 12:33:00,3,997.24,52.47708333333333,132.47916666666666,332.41333333333336,1,1,2010-06-01
16088,2010-04-27 10:56:00,2010-05-13 10:16:00,2,1437.4299999999998,18.572222222222223,34.544444444444444,718.7149999999999,2,1,2010-06-01
16092,2010-05-09 16:10:00,2010-05-09 16:11:00,2,473.41999999999996,22.325694444444444,22.32638888888889,236.70999999999998,2,0,2010-06-01
16098,2009-12-15 09:40:00,2010-04-16 10:49:00,3,760.31,45.549305555555556,167.59722222222223,253.43666666666664,1,0,2010-06-01
16101,2010-05-27 12:50:00,2010-05-27 12:50:00,1,823.51,4.465277777777778,4.465277777777778,823.51,1,0,2010-06-01
16103,2010-01-08 12:08:00,2010-05-19 14:51:00,6,1557.88,12.38125,143.49444444444444,259.6466666666667,3,0,2010-06-01
16108,2010-03-18 14:14:00,2010-05-06 16:21:00,2,860.99,25.31875,74.40694444444445,430.495,2,1,2010-06-01
16119,2009-12-16 11:56:00,2010-05-02 13:24:00,2,313.19,29.441666666666666,166.50277777777777,156.595,1,0,2010-06-01
16124,2009-12-07 10:33:00,2010-05-05 10:53:00,2,931.64,26.54652777777778,175.56041666666667,465.82,1,1,2010-06-01
16133,2010-03-31 12:21:00,2010-05-14 12:35:00,4,1416.43,17.475694444444443,61.485416666666666,354.1075,4,0,2010-06-01
16135,2010-05-05 09:35:00,2010-05-05 09:35:00,1,301.9,26.600694444444443,26.600694444444443,301.9,1,1,2010-06-01
16138,2010-04-28 09:51:00,2010-04-28 09:51:00,1,516.21,33.58958333333333,33.58958333333333,516.21,1,0,2010-06-01
16143,2009-12-10 09:44:00,2010-05-13 11:41:00,3,1137.49,18.513194444444444,172.59444444444443,379.16333333333336,1,0,2010-06-01
16147,2010-02-05 12:26:00,2010-05-18 10:24:00,2,1186.37,13.566666666666666,115.48194444444445,593.185,1,1,2010-06-01
16150,2009-12-17 15:33:00,2010-04-30 12:13:00,3,994.3199999999999,31.490972222222222,165.35208333333333,331.44,2,0,2010-06-01
16153,2010-05-26 12:41:00,2010-05-26 12:41:00,1,1395.98,5.471527777777778,5.471527777777778,1395.98,1,0,2010-06-01
16161,2010-02-08 11:06:00,2010-05-14 11:50:00,5,576.4000000000001,17.506944444444443,112.5375,115.28000000000002,4,0,2010-06-01
16168,2009-12-03 12:38:00,2010-05-24 10:53:00,11,1453.81,7.5465277777777775,179.4736111111111,132.16454545454545,8,0,2010-06-01
16170,2010-02-18 13:50:00,2010-05-26 13:47:00,5,1680.4299999999998,5.425694444444445,102.42361111111111,336.08599999999996,4,0,2010-06-01
16176,2010-03-29 14:52:00,2010-04-22 17:41:00,2,745.39,39.263194444444444,63.38055555555555,372.695,2,0,2010-06-01
16177,2010-03-02 14:03:00,2010-05-20 13:56:00,2,707.28,11.419444444444444,90.41458333333334,353.64,1,0,2010-06-01
16182,2010-03-09 09:34:00,2010-04-28 10:29:00,2,1209.0,33.56319444444444,83.60138888888889,604.5,2,0,2010-06-01
16197,2009-12-16 11:44:00,2010-04-27 14:12:00,3,800.8,34.40833333333333,166.51111111111112,266.93333333333334,2,0,2010-06-01
16206,2010-01-24 15:25:00,2010-05-30 11:37:00,2,455.5,1.5159722222222223,127.35763888888889,227.75,1,0,2010-06-01
16210,2009-12-02 12:54:00,2010-04-27 13:48:00,11,5733.04,34.425,180.4625,521.1854545454545,5,0,2010-06-01
16212,2010-02-07 15:26:00,2010-03-31 12:16:00,2,603.37,61.48888888888889,113.35694444444445,301.685,1,1,2010-06-01
16218,2010-05-27 16:09:00,2010-05-27 16:09:00,1,113.2,4.327083333333333,4.327083333333333,113.2,1,1,2010-06-01
16225,2010-02-07 12:41:00,2010-04-21 14:00:00,5,933.17,40.416666666666664,113.47152777777778,186.634,2,0,2010-06-01
16233,2009-12-02 13:23:00,2010-05-24 10:44:00,3,814.85,7.552777777777778,180.4423611111111,271.6166666666667,1,0,2010-06-01
16242,2010-03-15 16:02:00,2010-04-26 15:43:00,2,862.5,35.34513888888889,77.33194444444445,431.25,2,0,2010-06-01
16256,2010-04-21 10:34:00,2010-04-21 10:34:00,1,569.84,40.55972222222222,40.55972222222222,569.84,1,0,2010-06-01
16258,2010-03-10 14:19:00,2010-04-30 08:01:00,3,1575.79,31.665972222222223,82.40347222222222,525.2633333333333,3,0,2010-06-01
16267,2010-04-27 14:10:00,2010-04-27 14:10:00,1,186.66,34.40972222222222,34.40972222222222,186.66,1,1,2010-06-01
16279,2010-04-22 14:09:00,2010-04-22 14:09:00,1,484.82,39.41041666666667,39.41041666666667,484.82,1,0,2010-06-01
16290,2010-05-23 11:46:00,2010-05-23 11:46:00,1,898.03,8.509722222222223,8.509722222222223,898.03,1,0,2010-06-01
16293,2009-12-11 09:58:00,2010-05-19 10:33:00,2,610.31,12.560416666666667,171.5847222222222,305.155,1,1,2010-06-01
16296,2009-12-18 12:03:00,2010-03-23 13:11:00,4,1313.67,69.45069444444445,164.49791666666667,328.4175,1,1,2010-06-01
16303,2010-03-18 14:12:00,2010-05-20 11:57:00,2,1228.3400000000001,11.502083333333333,74.40833333333333,614.1700000000001,2,1,2010-06-01
16307,2010-05-11 14:40:00,2010-05-11 14:40:00,1,435.85,20.38888888888889,20.38888888888889,435.85,1,0,2010-06-01
16325,2009-12-04 13:21:00,2010-04-15 16:34:00,4,909.0,46.30972222222222,178.44375,227.25,1,0,2010-06-01
16326,2010-01-28 13:23:00,2010-05-21 11:33:00,5,823.47,10.51875,123.44236111111111,164.69400000000002,4,0,2010-06-01
16328,2010-05-25 14:02:00,2010-05-25 14:02:00,1,310.83,6.415277777777778,6.415277777777778,310.83,1,1,2010-06-01
16332,2010-04-29 13:41:00,2010-04-29 13:41:00,1,107.75,32.42986111111111,32.42986111111111,107.75,1,1,2010-06-01
16335,2009-12-04 10:18:00,2010-04-26 11:07:00,6,2339.67,35.53680555555555,178.57083333333333,389.945,2,0,2010-06-01
16336,2010-03-18 08:05:00,2010-03-18 08:06:00,2,1787.9,74.6625,74.66319444444444,893.95,2,1,2010-06-01
16344,2010-02-09 12:16:00,2010-04-22 14:10:00,2,316.76,39.40972222222222,111.4888888888889,158.38,1,0,2010-06-01
16359,2010-02-16 10:39:00,2010-04-28 15:05:00,2,284.28,33.37152777777778,104.55625,142.14,1,0,2010-06-01
16369,2010-04-07 16:52:00,2010-05-26 15:24:00,2,559.45,5.358333333333333,54.297222222222224,279.725,2,1,2010-06-01
16372,2010-04-11 15:20:00,2010-04-11 15:20:00,1,110.95,50.361111111111114,50.361111111111114,110.95,1,1,2010-06-01
16377,2010-04-01 10:36:00,2010-04-01 10:36:00,1,632.28,60.55833333333333,60.55833333333333,632.28,1,1,2010-06-01
16383,2010-02-04 13:18:00,2010-04-29 12:51:00,2,1264.21,32.46458333333333,116.44583333333334,632.105,1,0,2010-06-01
16384,2010-04-28 14:01:00,2010-04-28 14:01:00,1,319.75,33.41597222222222,33.41597222222222,319.75,1,1,2010-06-01
16385,2010-03-18 12:45:00,2010-03-18 12:45:00,1,110.26,74.46875,74.46875,110.26,1,1,2010-06-01
16391,2010-05-27 11:27:00,2010-05-27 11:27:00,1,158.63,4.522916666666666,4.522916666666666,158.63,1,0,2010-06-01
16392,2010-05-27 11:17:00,2010-05-27 11:17:00,1,192.29,4.529861111111111,4.529861111111111,192.29,1,1,2010-06-01
16408,2010-04-27 14:08:00,2010-04-27 14:08:00,1,231.93,34.41111111111111,34.41111111111111,231.93,1,1,2010-06-01
16414,2010-01-14 10:21:00,2010-04-25 11:24:00,2,232.57,36.525,137.56875,116.285,1,1,2010-06-01
16422,2010-01-12 11:57:00,2010-05-27 14:35:00,17,8828.720000000001,4.392361111111111,139.50208333333333,519.3364705882353,12,0,2010-06-01
16434,2010-01-17 14:51:00,2010-04-01 12:56:00,3,647.08,60.46111111111111,134.38125,215.69333333333336,1,1,2010-06-01
16441,2010-03-22 18:00:00,2010-03-22 18:00:00,1,225.74,70.25,70.25,225.74,1,1,2010-06-01
16444,2010-03-24 14:06:00,2010-05-07 13:18:00,2,389.89000000000004,24.445833333333333,68.4125,194.94500000000002,2,0,2010-06-01
16447,2010-02-17 14:09:00,2010-04-28 13:21:00,2,471.19,33.44375,103.41041666666666,235.595,1,1,2010-06-01
16450,2010-02-21 15:46:00,2010-05-04 13:43:00,2,1193.81,27.428472222222222,99.34305555555555,596.905,1,1,2010-06-01
16451,2009-12-04 15:11:00,2010-05-27 17:56:00,2,746.1800000000001,4.252777777777778,178.3673611111111,373.09000000000003,1,1,2010-06-01
16452,2010-01-15 12:22:00,2010-03-19 12:39:00,2,332.17,73.47291666666666,136.48472222222222,166.085,1,1,2010-06-01
16454,2010-04-07 15:54:00,2010-04-12 09:52:00,2,24.05,49.58888888888889,54.3375,12.025,2,1,2010-06-01
16455,2010-03-30 10:31:00,2010-03-30 10:31:00,1,905.16,62.56180555555556,62.56180555555556,905.16,1,1,2010-06-01
16456,2010-03-29 11:16:00,2010-05-16 12:57:00,3,1394.67,15.460416666666667,63.53055555555556,464.89000000000004,3,0,2010-06-01
16458,2010-05-26 14:38:00,2010-05-26 14:38:00,1,116.0,5.3902777777777775,5.3902777777777775,116.0,1,0,2010-06-01
16466,2010-03-07 14:31:00,2010-05-09 12:49:00,3,1083.71,22.465972222222224,85.3951388888889,361.2366666666667,3,0,2010-06-01
16467,2009-12-02 11:59:00,2010-03-16 11:46:00,4,2475.08,76.50972222222222,180.50069444444443,618.77,1,0,2010-06-01
16470,2009-12-11 12:21:00,2010-04-19 12:28:00,2,355.96000000000004,42.480555555555554,171.48541666666668,177.98000000000002,1,0,2010-06-01
16485,2009-12-06 12:28:00,2010-04-25 15:40:00,3,1331.51,36.34722222222222,176.48055555555555,443.83666666666664,1,1,2010-06-01
16487,2010-02-18 17:36:00,2010-05-11 13:38:00,2,209.4,20.431944444444444,102.26666666666667,104.7,1,1,2010-06-01
16493,2010-03-26 13:05:00,2010-03-26 13:05:00,1,465.51,66.45486111111111,66.45486111111111,465.51,1,0,2010-06-01
16502,2010-03-29 13:39:00,2010-03-29 13:44:00,2,258.55,63.42777777777778,63.43125,129.275,2,1,2010-06-01
16508,2010-03-19 13:41:00,2010-03-19 13:41:00,1,240.95,73.42986111111111,73.42986111111111,240.95,1,1,2010-06-01
16520,2010-03-02 16:50:00,2010-04-29 16:45:00,2,645.0,32.302083333333336,90.29861111111111,322.5,1,1,2010-06-01
16526,2010-05-04 16:34:00,2010-05-04 16:34:00,1,426.85,27.309722222222224,27.309722222222224,426.85,1,1,2010-06-01
16548,2010-04-19 16:15:00,2010-04-19 16:15:00,1,30.15,42.322916666666664,42.322916666666664,30.15,1,1,2010-06-01
16550,2009-12-02 11:24:00,2010-05-13 11:42:00,8,3639.2,18.5125,180.525,454.9,3,0,2010-06-01
16551,2009-12-13 16:12:00,2010-04-01 12:10:00,3,961.44,60.49305555555556,169.325,320.48,1,1,2010-06-01
16553,2010-02-11 18:46:00,2010-03-25 13:15:00,6,2255.96,67.44791666666667,109.21805555555555,375.99333333333334,2,0,2010-06-01
16554,2009-12-15 09:42:00,2010-03-25 11:23:00,2,743.79,67.52569444444444,167.59583333333333,371.895,1,0,2010-06-01
16558,2009-12-03 18:11:00,2010-04-25 15:09:00,4,1319.8400000000001,36.36875,179.2423611111111,329.96000000000004,3,0,2010-06-01
16564,2010-05-19 14:41:00,2010-05-19 14:41:00,1,87.8,12.388194444444444,12.388194444444444,87.8,1,1,2010-06-01
16569,2009-12-16 15:05:00,2010-03-18 15:19:00,4,1331.03,74.36180555555555,166.37152777777777,332.7575,1,1,2010-06-01
16570,2010-03-30 09:32:00,2010-05-19 10:27:00,2,986.4200000000001,12.564583333333333,62.602777777777774,493.21000000000004,2,0,2010-06-01
16571,2010-03-18 09:12:00,2010-05-25 11:46:00,2,801.23,6.509722222222222,74.61666666666666,400.615,2,0,2010-06-01
16578,2010-03-23 15:11:00,2010-03-23 15:11:00,1,156.6,69.36736111111111,69.36736111111111,156.6,1,1,2010-06-01
16585,2010-01-13 13:31:00,2010-04-25 10:34:00,2,341.59000000000003,36.55972222222222,138.43680555555557,170.79500000000002,1,1,2010-06-01
16595,2010-01-17 12:12:00,2010-04-12 15:40:00,2,714.92,49.34722222222222,134.49166666666667,357.46,1,1,2010-06-01
16611,2010-03-10 16:07:00,2010-05-17 13:51:00,3,888.09,14.422916666666667,82.32847222222222,296.03000000000003,3,0,2010-06-01
16615,2010-03-23 15:13:00,2010-03-23 15:13:00,1,291.5,69.36597222222223,69.36597222222223,291.5,1,1,2010-06-01
16631,2010-02-26 10:49:00,2010-05-11 09:32:00,4,820.03,20.602777777777778,94.54930555555555,205.0075,3,0,2010-06-01
16634,2010-01-21 09:30:00,2010-03-29 12:32:00,2,619.2,63.477777777777774,130.60416666666666,309.6,1,1,2010-06-01
16636,2010-03-03 14:06:00,2010-05-06 07:51:00,3,2506.79,25.672916666666666,89.4125,835.5966666666667,3,1,2010-06-01
16648,2010-04-28 14:58:00,2010-04-28 14:58:00,1,252.84,33.37638888888889,33.37638888888889,252.84,1,1,2010-06-01
16651,2010-05-02 11:46:00,2010-05-02 11:46:00,1,136.2,29.509722222222223,29.509722222222223,136.2,1,1,2010-06-01
16652,2010-03-17 10:22:00,2010-04-27 11:15:00,2,3857.8600000000006,34.53125,75.56805555555556,1928.9300000000003,2,0,2010-06-01
16654,2010-04-06 13:29:00,2010-04-06 13:29:00,1,269.7,55.43819444444444,55.43819444444444,269.7,1,0,2010-06-01
16655,2010-01-31 15:40:00,2010-05-09 16:10:00,3,929.39,22.32638888888889,120.34722222222223,309.7966666666667,2,0,2010-06-01
16656,2009-12-04 12:59:00,2010-05-17 12:11:00,6,4948.28,14.49236111111111,178.45902777777778,824.7133333333333,3,0,2010-06-01
16666,2010-03-28 15:13:00,2010-03-28 15:13:00,1,98.73,64.36597222222223,64.36597222222223,98.73,1,1,2010-06-01
16670,2009-12-10 15:28:00,2010-03-25 15:36:00,3,1874.6100000000001,67.35,172.35555555555555,624.87,1,0,2010-06-01
16684,2009-12-07 12:56:00,2010-04-26 07:20:00,10,19390.48,35.69444444444444,175.4611111111111,1939.048,4,0,2010-06-01
16686,2009-12-06 15:48:00,2010-05-16 13:22:00,4,891.03,15.443055555555556,176.34166666666667,222.7575,2,0,2010-06-01
16691,2010-05-27 14:55:00,2010-05-27 14:55:00,1,35.879999999999995,4.378472222222222,4.378472222222222,35.879999999999995,1,1,2010-06-01
16700,2009-12-02 10:51:00,2010-05-24 12:36:00,6,2209.21,7.475,180.54791666666668,368.20166666666665,3,0,2010-06-01
16704,2010-02-05 14:14:00,2010-03-31 14:02:00,2,664.16,61.415277777777774,115.40694444444445,332.08,1,1,2010-06-01
16705,2009-12-09 13:34:00,2010-05-20 15:09:00,13,11627.721,11.36875,173.43472222222223,894.4400769230768,7,0,2010-06-01
16707,2010-03-09 15:16:00,2010-05-06 13:52:00,2,282.5,25.42222222222222,83.3638888888889,141.25,2,0,2010-06-01
16709,2009-12-09 13:16:00,2010-04-13 15:01:00,3,2934.45,48.37430555555556,173.44722222222222,978.15,1,0,2010-06-01
16710,2009-12-04 13:41:00,2010-05-06 11:58:00,6,1668.72,25.50138888888889,178.4298611111111,278.12,2,0,2010-06-01
16711,2009-12-02 13:22:00,2010-03-24 10:30:00,3,895.65,68.5625,180.44305555555556,298.55,1,1,2010-06-01
16713,2009-12-15 12:49:00,2010-04-01 12:33:00,8,3636.47,60.47708333333333,167.46597222222223,454.55875,1,0,2010-06-01
16715,2010-05-26 12:35:00,2010-05-26 12:35:00,1,323.8,5.475694444444445,5.475694444444445,323.8,1,1,2010-06-01
16716,2010-03-19 11:05:00,2010-03-19 11:05:00,1,1248.48,73.53819444444444,73.53819444444444,1248.48,1,1,2010-06-01
16718,2009-12-06 13:07:00,2010-04-29 16:56:00,4,2400.03,32.294444444444444,176.45347222222222,600.0075,2,1,2010-06-01
16732,2009-12-08 13:04:00,2010-04-07 10:53:00,2,1472.88,54.546527777777776,174.45555555555555,736.44,1,1,2010-06-01
16735,2009-12-08 09:24:00,2010-05-27 11:12:00,6,2138.98,4.533333333333333,174.60833333333332,356.49666666666667,4,1,2010-06-01
16736,2009-12-03 16:12:00,2010-04-26 11:44:00,4,2124.2799999999997,35.51111111111111,179.325,531.0699999999999,1,0,2010-06-01
16742,2009-12-16 17:22:00,2010-05-25 09:45:00,11,2081.7,6.59375,166.2763888888889,189.24545454545452,7,0,2010-06-01
16743,2010-04-22 13:21:00,2010-05-13 13:15:00,2,422.21000000000004,18.447916666666668,39.44375,211.10500000000002,2,0,2010-06-01
16754,2010-03-08 11:32:00,2010-05-28 07:51:00,14,29864.98,3.6729166666666666,84.51944444444445,2133.212857142857,14,0,2010-06-01
16755,2009-12-09 14:25:00,2010-04-21 17:33:00,3,1027.4099999999999,40.26875,173.39930555555554,342.46999999999997,1,1,2010-06-01
16756,2010-03-09 15:56:00,2010-04-26 12:02:00,2,446.32000000000005,35.49861111111111,83.33611111111111,223.16000000000003,2,0,2010-06-01
16777,2010-03-17 12:42:00,2010-03-17 12:42:00,1,198.03,75.47083333333333,75.47083333333333,198.03,1,0,2010-06-01
16779,2009-12-03 13:03:00,2010-05-18 12:11:00,19,17163.48,13.49236111111111,179.45625,903.3410526315789,7,0,2010-06-01
16784,2010-03-28 12:55:00,2010-03-28 12:55:00,1,210.47,64.46180555555556,64.46180555555556,210.47,1,0,2010-06-01
16787,2010-01-10 11:12:00,2010-03-28 11:30:00,2,687.26,64.52083333333333,141.53333333333333,343.63,1,1,2010-06-01
16792,2010-01-04 13:47:00,2010-04-30 14:43:00,2,367.19,31.386805555555554,147.42569444444445,183.595,1,1,2010-06-01
16805,2009-12-08 14:29:00,2010-05-11 15:03:00,3,630.75,20.372916666666665,174.39652777777778,210.25,1,1,2010-06-01
16807,2010-03-26 14:38:00,2010-05-13 14:31:00,2,643.8,18.395138888888887,66.39027777777778,321.9,2,1,2010-06-01
16809,2010-04-13 15:34:00,2010-04-13 15:34:00,1,261.41,48.35138888888889,48.35138888888889,261.41,1,0,2010-06-01
16814,2010-04-11 12:45:00,2010-05-27 13:54:00,5,2326.15,4.420833333333333,50.46875,465.23,5,0,2010-06-01
16833,2010-03-26 15:31:00,2010-03-26 15:31:00,1,312.88,66.35347222222222,66.35347222222222,312.88,1,1,2010-06-01
16839,2010-02-11 15:02:00,2010-05-19 08:39:00,3,1323.44,12.639583333333333,109.37361111111112,441.1466666666667,2,0,2010-06-01
16841,2010-01-12 11:32:00,2010-04-28 10:58:00,3,1080.21,33.543055555555554,139.51944444444445,360.07,1,0,2010-06-01
16844,2010-05-06 09:16:00,2010-05-26 10:29:00,2,614.34,5.563194444444444,25.613888888888887,307.17,2,1,2010-06-01
16845,2010-03-31 13:09:00,2010-03-31 13:09:00,1,253.88,61.452083333333334,61.452083333333334,253.88,1,1,2010-06-01
16862,2010-01-07 12:57:00,2010-04-22 13:36:00,3,583.73,39.43333333333333,144.46041666666667,194.57666666666668,2,0,2010-06-01
16864,2010-04-20 11:56:00,2010-04-20 11:56:00,1,111.72000000000001,41.50277777777778,41.50277777777778,111.72000000000001,1,1,2010-06-01
16868,2010-04-25 11:31:00,2010-04-25 11:31:00,1,183.9,36.52013888888889,36.52013888888889,183.9,1,1,2010-06-01
16873,2010-02-09 14:17:00,2010-05-30 11:49:00,3,3687.03,1.507638888888889,111.40486111111112,1229.01,2,0,2010-06-01
16883,2009-12-04 12:07:00,2010-05-25 11:04:00,3,326.7,6.538888888888889,178.4951388888889,108.89999999999999,2,0,2010-06-01
16890,2010-05-06 16:27:00,2010-05-24 12:03:00,2,244.61,7.497916666666667,25.314583333333335,122.305,2,1,2010-06-01
16891,2009-12-04 12:37:00,2010-05-12 12:09:00,5,850.37,19.49375,178.47430555555556,170.074,2,1,2010-06-01
16895,2010-02-12 11:07:00,2010-03-22 11:01:00,2,337.29,70.54097222222222,108.53680555555556,168.645,1,0,2010-06-01
16898,2010-05-12 12:18:00,2010-05-12 12:18:00,1,192.64,19.4875,19.4875,192.64,1,1,2010-06-01
16905,2009-12-10 20:04:00,2010-04-19 12:52:00,6,851.5,42.46388888888889,172.1638888888889,141.91666666666666,3,0,2010-06-01
16906,2010-05-13 13:23:00,2010-05-13 13:31:00,2,343.36,18.436805555555555,18.44236111111111,171.68,2,1,2010-06-01
16915,2010-05-19 13:32:00,2010-05-19 13:32:00,1,299.75,12.436111111111112,12.436111111111112,299.75,1,0,2010-06-01
16917,2010-03-17 15:24:00,2010-03-17 15:24:00,1,1460.3600000000001,75.35833333333333,75.35833333333333,1460.3600000000001,1,1,2010-06-01
16918,2009-12-03 12:27:00,2010-05-17 13:29:00,6,1332.12,14.438194444444445,179.48125,222.01999999999998,3,0,2010-06-01
16922,2010-05-16 11:24:00,2010-05-16 11:24:00,1,611.08,15.525,15.525,611.08,1,1,2010-06-01
16923,2010-01-31 11:14:00,2010-05-23 11:19:00,5,2259.76,8.528472222222222,120.53194444444445,451.95200000000006,4,0,2010-06-01
16932,2010-05-17 14:15:00,2010-05-17 14:15:00,1,115.23,14.40625,14.40625,115.23,1,1,2010-06-01
16938,2010-02-17 14:47:00,2010-05-04 14:07:00,2,1793.04,27.411805555555556,103.38402777777777,896.52,1,0,2010-06-01
16939,2010-02-28 13:33:00,2010-03-28 12:44:00,2,311.94,64.46944444444445,92.43541666666667,155.97,1,0,2010-06-01
16940,2009-12-08 13:08:00,2010-04-13 12:24:00,3,1957.22,48.483333333333334,174.45277777777778,652.4066666666666,1,0,2010-06-01
16941,2010-04-07 11:13:00,2010-04-07 11:13:00,1,33.0,54.53263888888889,54.53263888888889,33.0,1,1,2010-06-01
16943,2010-03-25 13:34:00,2010-03-25 13:34:00,1,241.38,67.43472222222222,67.43472222222222,241.38,1,0,2010-06-01
16944,2010-04-09 11:03:00,2010-04-09 11:03:00,1,101.36,52.53958333333333,52.53958333333333,101.36,1,1,2010-06-01
16945,2009-12-09 11:33:00,2010-05-11 10:50:00,6,1818.85,20.54861111111111,173.51875,303.14166666666665,3,0,2010-06-01
16946,2010-03-02 10:49:00,2010-05-27 12:22:00,3,849.04,4.4847222222222225,90.54930555555555,283.0133333333333,2,0,2010-06-01
16947,2010-03-03 10:54:00,2010-05-27 13:25:00,3,525.3299999999999,4.440972222222222,89.54583333333333,175.10999999999999,3,1,2010-06-01
16948,2010-02-21 13:48:00,2010-05-10 09:50:00,2,230.25,21.59027777777778,99.425,115.125,1,0,2010-06-01
16954,2010-01-18 14:49:00,2010-05-09 11:50:00,5,2413.31,22.506944444444443,133.3826388888889,482.662,2,0,2010-06-01
16974,2010-05-24 10:43:00,2010-05-24 10:43:00,1,89.25,7.553472222222222,7.553472222222222,89.25,1,0,2010-06-01
16977,2010-03-18 11:06:00,2010-05-02 10:46:00,3,360.3,29.551388888888887,74.5375,120.10000000000001,3,1,2010-06-01
16985,2009-12-10 13:34:00,2010-05-20 12:44:00,6,2986.12,11.469444444444445,172.43472222222223,497.68666666666667,2,0,2010-06-01
16987,2009-12-02 14:34:00,2010-04-12 15:59:00,3,646.1,49.33402777777778,180.39305555555555,215.36666666666667,1,1,2010-06-01
16993,2010-05-12 13:55:00,2010-05-12 13:55:00,1,719.8,19.42013888888889,19.42013888888889,719.8,1,1,2010-06-01
17001,2010-03-25 12:41:00,2010-03-25 12:41:00,1,577.24,67.47152777777778,67.47152777777778,577.24,1,0,2010-06-01
17005,2010-04-30 10:55:00,2010-04-30 10:55:00,1,333.75,31.54513888888889,31.54513888888889,333.75,1,1,2010-06-01
17016,2010-05-12 12:32:00,2010-05-12 12:32:00,1,552.4,19.477777777777778,19.477777777777778,552.4,1,1,2010-06-01
17018,2009-12-05 10:27:00,2010-05-11 12:33:00,3,962.6,20.477083333333333,177.56458333333333,320.8666666666667,1,1,2010-06-01
17019,2009-12-02 11:52:00,2010-03-24 12:33:00,2,571.97,68.47708333333334,180.50555555555556,285.985,1,0,2010-06-01
17021,2010-04-29 20:05:00,2010-05-05 12:42:00,2,561.9300000000001,26.470833333333335,32.16319444444444,280.96500000000003,2,0,2010-06-01
17032,2009-12-10 15:36:00,2010-04-15 18:08:00,6,2954.32,46.24444444444445,172.35,492.3866666666667,2,0,2010-06-01
17041,2010-04-18 14:25:00,2010-04-18 14:28:00,2,220.41,43.397222222222226,43.39930555555556,110.205,2,1,2010-06-01
17043,2009-12-09 15:20:00,2010-05-18 13:36:00,2,564.6,13.433333333333334,173.36111111111111,282.3,1,1,2010-06-01
17044,2009-12-07 12:25:00,2010-05-18 13:23:00,4,3207.98,13.442361111111111,175.48263888888889,801.995,3,1,2010-06-01
17046,2010-03-29 13:46:00,2010-03-29 13:46:00,1,359.44,63.42638888888889,63.42638888888889,359.44,1,0,2010-06-01
17049,2010-03-04 10:23:00,2010-04-26 11:36:00,3,1601.31,35.516666666666666,88.56736111111111,533.77,3,0,2010-06-01
17051,2010-03-21 14:55:00,2010-05-02 15:31:00,2,283.05,29.353472222222223,71.37847222222223,141.525,2,1,2010-06-01
17057,2010-04-22 19:21:00,2010-04-22 19:21:00,1,294.74,39.19375,39.19375,294.74,1,1,2010-06-01
17063,2009-12-01 12:36:00,2010-04-27 13:35:00,3,1096.74,34.43402777777778,181.475,365.58,2,0,2010-06-01
17068,2010-03-28 14:26:00,2010-05-27 12:21:00,6,1086.58,4.485416666666667,64.39861111111111,181.09666666666666,6,0,2010-06-01
17069,2009-12-03 12:27:00,2010-05-06 15:05:00,2,1250.83,25.37152777777778,179.48125,625.415,1,1,2010-06-01
17072,2010-03-24 16:33:00,2010-03-24 16:33:00,1,273.35,68.31041666666667,68.31041666666667,273.35,1,1,2010-06-01
17081,2010-02-22 13:19:00,2010-05-23 12:56:00,2,277.53999999999996,8.46111111111111,98.44513888888889,138.76999999999998,1,1,2010-06-01
17082,2009-12-15 11:25:00,2010-03-24 09:26:00,3,1785.38,68.60694444444445,167.52430555555554,595.1266666666667,1,1,2010-06-01
17083,2010-02-09 11:46:00,2010-04-22 12:09:00,3,1247.83,39.49375,111.50972222222222,415.9433333333333,2,0,2010-06-01
17085,2009-12-06 12:16:00,2010-05-30 12:30:00,10,2284.17,1.4791666666666667,176.48888888888888,228.417,5,0,2010-06-01
17092,2010-02-02 16:42:00,2010-05-12 16:42:00,2,1069.3200000000002,19.304166666666667,118.30416666666666,534.6600000000001,1,0,2010-06-01
17093,2010-04-26 10:22:00,2010-04-26 10:22:00,1,235.88,35.56805555555555,35.56805555555555,235.88,1,1,2010-06-01
17095,2009-12-15 12:32:00,2010-03-18 13:28:00,2,629.9300000000001,74.43888888888888,167.4777777777778,314.96500000000003,1,1,2010-06-01
17113,2010-01-11 10:14:00,2010-05-14 13:59:00,6,2305.59,17.417361111111113,140.57361111111112,384.26500000000004,4,1,2010-06-01
17123,2010-05-16 11:52:00,2010-05-16 11:52:00,1,217.36,15.505555555555556,15.505555555555556,217.36,1,1,2010-06-01
17135,2010-05-09 16:03:00,2010-05-09 16:03:00,1,170.4,22.33125,22.33125,170.4,1,0,2010-06-01
17137,2010-01-31 12:27:00,2010-05-09 12:10:00,3,642.87,22.493055555555557,120.48125,214.29,1,0,2010-06-01
17138,2010-02-04 14:19:00,2010-04-20 11:19:00,4,3569.76,41.52847222222222,116.40347222222222,892.44,3,0,2010-06-01
17139,2010-01-11 11:31:00,2010-04-27 11:56:00,5,3717.86,34.50277777777778,140.52013888888888,743.572,2,0,2010-06-01
17146,2010-02-02 09:39:00,2010-05-21 10:22:00,4,2479.75,10.568055555555556,118.59791666666666,619.9375,3,0,2010-06-01
17147,2010-01-11 09:38:00,2010-04-12 09:59:00,3,716.66,49.58402777777778,140.5986111111111,238.88666666666666,2,0,2010-06-01
17150,2009-12-06 10:51:00,2010-05-23 11:04:00,4,795.6500000000001,8.53888888888889,176.54791666666668,198.91250000000002,1,1,2010-06-01
17155,2009-12-03 11:34:00,2010-05-24 14:28:00,4,481.16,7.397222222222222,179.51805555555555,120.29,2,0,2010-06-01
17157,2009-12-04 13:00:00,2010-05-26 15:30:00,11,3164.5,5.354166666666667,178.45833333333334,287.6818181818182,4,0,2010-06-01
17165,2009-12-11 09:18:00,2010-03-24 11:38:00,3,945.9300000000001,68.51527777777778,171.6125,315.31,1,0,2010-06-01
17180,2010-01-21 17:43:00,2010-05-12 17:20:00,4,769.37,19.27777777777778,130.26180555555555,192.3425,3,0,2010-06-01
17181,2010-04-23 11:21:00,2010-04-23 11:21:00,1,69.93,38.52708333333333,38.52708333333333,69.93,1,1,2010-06-01
17184,2009-12-09 14:17:00,2010-05-19 14:24:00,2,198.41000000000003,12.4,173.4048611111111,99.20500000000001,1,1,2010-06-01
17185,2010-04-20 13:49:00,2010-04-27 12:15:00,3,229.46,34.489583333333336,41.424305555555556,76.48666666666666,3,1,2010-06-01
17189,2009-12-02 11:45:00,2010-05-27 20:11:00,3,569.88,4.159027777777778,180.51041666666666,189.96,1,1,2010-06-01
17205,2010-05-24 15:36:00,2010-05-24 15:36:00,1,274.95,7.35,7.35,274.95,1,1,2010-06-01
17217,2010-03-30 13:35:00,2010-03-30 13:35:00,1,96.6,62.43402777777778,62.43402777777778,96.6,1,1,2010-06-01
17221,2010-04-11 15:34:00,2010-04-27 10:27:00,3,642.14,34.56458333333333,50.35138888888889,214.04666666666665,3,1,2010-06-01
17222,2010-01-10 15:24:00,2010-04-29 12:19:00,4,665.61,32.486805555555556,141.35833333333332,166.4025,2,1,2010-06-01
17227,2010-01-15 15:05:00,2010-03-17 15:20:00,2,377.54999999999995,75.36111111111111,136.37152777777777,188.77499999999998,1,0,2010-06-01
17236,2010-03-07 13:00:00,2010-05-04 16:41:00,4,716.53,27.304861111111112,85.45833333333333,179.1325,4,0,2010-06-01
17238,2009-12-01 10:59:00,2010-05-28 14:30:00,7,1794.64,3.3958333333333335,181.54236111111112,256.37714285714287,4,0,2010-06-01
17240,2010-04-22 15:44:00,2010-04-22 15:44:00,1,130.6,39.34444444444444,39.34444444444444,130.6,1,1,2010-06-01
17242,2010-01-24 10:27:00,2010-05-06 13:19:00,2,1016.9399999999999,25.445138888888888,127.56458333333333,508.46999999999997,1,1,2010-06-01
17262,2009-12-15 11:26:00,2010-05-19 10:38:00,4,454.2,12.556944444444444,167.5236111111111,113.55,3,0,2010-06-01
17278,2010-05-23 13:49:00,2010-05-23 13:49:00,1,25.2,8.424305555555556,8.424305555555556,25.2,1,1,2010-06-01
17281,2010-02-04 13:00:00,2010-05-13 11:42:00,3,342.0,18.5125,116.45833333333333,114.0,2,0,2010-06-01
17285,2010-02-14 14:10:00,2010-03-21 13:38:00,2,407.94,71.43194444444444,106.40972222222223,203.97,1,1,2010-06-01
17293,2009-12-03 15:09:00,2010-05-24 12:59:00,4,674.5400000000001,7.459027777777778,179.36875,168.63500000000002,1,0,2010-06-01
17301,2010-03-25 13:16:00,2010-03-25 13:16:00,1,131.15,67.44722222222222,67.44722222222222,131.15,1,1,2010-06-01
17321,2010-05-11 12:10:00,2010-05-11 12:10:00,1,411.51,20.493055555555557,20.493055555555557,411.51,1,0,2010-06-01
17323,2010-01-10 11:58:00,2010-05-06 19:29:00,3,399.21999999999997,25.188194444444445,141.5013888888889,133.07333333333332,1,0,2010-06-01
17324,2009-12-18 15:29:00,2010-05-05 15:43:00,5,509.34000000000003,26.34513888888889,164.35486111111112,101.86800000000001,3,0,2010-06-01
17327,2010-05-26 11:20:00,2010-05-26 11:20:00,1,4.25,5.527777777777778,5.527777777777778,4.25,1,1,2010-06-01
17332,2010-02-21 14:41:00,2010-05-09 12:05:00,4,671.6700000000001,22.49652777777778,99.38819444444445,167.91750000000002,3,0,2010-06-01
17340,2010-02-14 14:54:00,2010-05-17 10:20:00,3,3042.44,14.569444444444445,106.37916666666666,1014.1466666666666,2,0,2010-06-01
17343,2009-12-03 18:30:00,2010-05-23 10:57:00,3,764.05,8.54375,179.22916666666666,254.6833333333333,1,0,2010-06-01
17345,2009-12-01 16:17:00,2010-05-05 14:34:00,3,544.28,26.393055555555556,181.3215277777778,181.42666666666665,2,0,2010-06-01
17346,2010-04-18 12:18:00,2010-05-20 12:50:00,3,549.72,11.465277777777779,43.4875,183.24,3,0,2010-06-01
17348,2010-03-10 12:13:00,2010-04-27 10:48:00,2,702.12,34.55,82.49097222222223,351.06,2,1,2010-06-01
17353,2010-03-25 12:52:00,2010-03-25 12:52:00,1,342.0,67.46388888888889,67.46388888888889,342.0,1,0,2010-06-01
17364,2009-12-07 15:28:00,2010-05-28 16:36:00,8,3618.3599999999997,3.308333333333333,175.35555555555555,452.29499999999996,3,0,2010-06-01
17365,2010-02-01 11:56:00,2010-05-10 11:55:00,3,940.95,21.50347222222222,119.50277777777778,313.65000000000003,2,0,2010-06-01
17372,2009-12-03 18:41:00,2010-05-20 12:55:00,13,1805.91,11.461805555555555,179.22152777777777,138.91615384615386,6,0,2010-06-01
17377,2009-12-02 12:39:00,2010-05-24 11:11:00,30,5549.5599999999995,7.534027777777778,180.47291666666666,184.98533333333333,14,0,2010-06-01
17382,2010-05-19 11:33:00,2010-05-19 11:34:00,2,221.4,12.518055555555556,12.51875,110.7,2,0,2010-06-01
17400,2009-12-17 15:41:00,2010-05-07 17:49:00,3,2525.44,24.257638888888888,165.34652777777777,841.8133333333334,1,1,2010-06-01
17402,2009-12-16 17:40:00,2010-03-24 15:08:00,3,210.7,68.36944444444444,166.26388888888889,70.23333333333333,1,0,2010-06-01
17406,2009-12-06 13:45:00,2010-05-25 15:46:00,8,1408.97,6.343055555555556,176.42708333333334,176.12125,6,0,2010-06-01
17409,2009-12-11 12:17:00,2010-05-24 15:33:00,5,3260.02,7.352083333333334,171.48819444444445,652.004,3,1,2010-06-01
17413,2010-05-19 11:11:00,2010-05-19 11:11:00,1,219.84,12.534027777777778,12.534027777777778,219.84,1,1,2010-06-01
17414,2009-12-03 16:49:00,2010-05-14 13:51:00,2,778.72,17.422916666666666,179.29930555555555,389.36,1,0,2010-06-01
17416,2009-12-14 16:29:00,2010-05-13 14:18:00,3,3770.5299999999997,18.404166666666665,168.31319444444443,1256.8433333333332,2,0,2010-06-01
17426,2010-02-17 13:39:00,2010-04-08 10:19:00,3,1221.05,53.57013888888889,103.43125,407.01666666666665,2,1,2010-06-01
17442,2010-02-15 15:54:00,2010-05-17 13:45:00,3,1160.15,14.427083333333334,105.3375,386.7166666666667,2,0,2010-06-01
17454,2010-01-15 15:40:00,2010-05-11 12:06:00,3,526.7,20.495833333333334,136.34722222222223,175.5666666666667,2,0,2010-06-01
17457,2009-12-07 14:52:00,2010-04-21 15:22:00,4,2236.8199999999997,40.359722222222224,175.38055555555556,559.2049999999999,2,0,2010-06-01
17460,2010-01-22 13:25:00,2010-04-29 15:00:00,5,904.51,32.375,129.44097222222223,180.902,3,0,2010-06-01
17463,2010-04-29 17:57:00,2010-05-28 10:04:00,2,659.4,3.5805555555555557,32.25208333333333,329.7,2,1,2010-06-01
17472,2010-03-21 13:27:00,2010-03-21 13:27:00,1,224.81,71.43958333333333,71.43958333333333,224.81,1,1,2010-06-01
17474,2010-04-19 10:43:00,2010-04-19 10:43:00,1,1047.0,42.553472222222226,42.553472222222226,1047.0,1,1,2010-06-01
17477,2010-03-02 11:53:00,2010-04-06 10:06:00,2,1144.3,55.579166666666666,90.50486111111111,572.15,1,1,2010-06-01
17478,2010-03-16 14:19:00,2010-03-16 14:19:00,1,706.2,76.40347222222222,76.40347222222222,706.2,1,1,2010-06-01
17482,2010-05-10 14:10:00,2010-05-10 14:10:00,1,250.29000000000002,21.40972222222222,21.40972222222222,250.29000000000002,1,0,2010-06-01
17484,2010-03-25 16:17:00,2010-05-12 15:41:00,2,209.57,19.346527777777776,67.32152777777777,104.785,2,1,2010-06-01
17490,2010-05-19 12:40:00,2010-05-19 12:40:00,1,353.14,12.472222222222221,12.472222222222221,353.14,1,1,2010-06-01
17499,2010-05-27 09:59:00,2010-05-27 09:59:00,1,718.51,4.584027777777778,4.584027777777778,718.51,1,1,2010-06-01
17505,2010-04-13 16:33:00,2010-04-13 16:33:00,1,924.1700000000001,48.31041666666667,48.31041666666667,924.1700000000001,1,0,2010-06-01
17508,2009-12-07 11:46:00,2010-05-12 12:20:00,4,2406.51,19.48611111111111,175.50972222222222,601.6275,2,0,2010-06-01
17511,2009-12-02 10:52:00,2010-05-26 11:42:00,10,36307.7,5.5125,180.54722222222222,3630.7699999999995,5,0,2010-06-01
17512,2009-12-10 19:35:00,2010-03-24 09:54:00,4,1381.39,68.5875,172.18402777777777,345.3475,3,0,2010-06-01
17518,2010-03-28 13:31:00,2010-03-28 13:31:00,1,153.55,64.43680555555555,64.43680555555555,153.55,1,1,2010-06-01
17519,2009-12-01 09:57:00,2010-05-02 10:54:00,6,1963.48,29.545833333333334,181.58541666666667,327.24666666666667,3,0,2010-06-01
17529,2010-01-11 12:29:00,2010-04-08 17:51:00,2,1240.25,53.25625,140.47986111111112,620.125,1,1,2010-06-01
17531,2010-03-31 12:57:00,2010-03-31 12:57:00,1,560.14,61.46041666666667,61.46041666666667,560.14,1,0,2010-06-01
17550,2010-02-07 15:07:00,2010-05-10 13:48:00,4,1436.26,21.425,113.37013888888889,359.065,3,0,2010-06-01
17552,2010-03-22 09:19:00,2010-05-11 16:43:00,4,974.87,20.303472222222222,70.61180555555555,243.7175,4,0,2010-06-01
17565,2010-05-02 11:54:00,2010-05-02 11:54:00,1,131.83,29.504166666666666,29.504166666666666,131.83,1,1,2010-06-01
17576,2009-12-03 16:54:00,2010-05-13 15:42:00,11,2351.91,18.345833333333335,179.29583333333332,213.80999999999997,5,0,2010-06-01
17582,2010-03-26 12:23:00,2010-05-16 12:54:00,2,452.59000000000003,15.4625,66.48402777777778,226.29500000000002,2,0,2010-06-01
17583,2010-05-28 14:24:00,2010-05-28 14:24:00,1,135.95,3.4,3.4,135.95,1,1,2010-06-01
17584,2010-01-25 08:17:00,2010-04-19 14:09:00,2,984.25,42.41041666666667,126.65486111111112,492.125,1,0,2010-06-01
17586,2010-03-30 13:12:00,2010-03-30 13:12:00,1,167.4,62.45,62.45,167.4,1,1,2010-06-01
17587,2010-03-21 14:16:00,2010-03-21 14:16:00,1,176.71,71.40555555555555,71.40555555555555,176.71,1,1,2010-06-01
17589,2010-03-07 13:48:00,2010-05-18 16:15:00,4,2741.8199999999997,13.322916666666666,85.425,685.4549999999999,4,0,2010-06-01
17594,2010-04-14 08:53:00,2010-04-14 08:53:00,1,611.7,47.62986111111111,47.62986111111111,611.7,1,1,2010-06-01
17596,2009-12-15 13:21:00,2010-05-23 13:16:00,4,984.26,8.447222222222223,167.44375,246.065,3,0,2010-06-01
17597,2010-05-05 15:33:00,2010-05-05 15:33:00,1,315.82,26.352083333333333,26.352083333333333,315.82,1,0,2010-06-01
17602,2010-03-30 17:25:00,2010-04-30 17:33:00,4,908.81,31.26875,62.27430555555556,227.2025,4,0,2010-06-01
17605,2010-04-28 14:45:00,2010-04-28 14:45:00,1,160.75,33.385416666666664,33.385416666666664,160.75,1,1,2010-06-01
17608,2010-04-11 13:37:00,2010-04-11 13:37:00,1,155.88,50.43263888888889,50.43263888888889,155.88,1,1,2010-06-01
17609,2010-04-09 16:54:00,2010-05-07 14:13:00,3,503.53999999999996,24.40763888888889,52.295833333333334,167.84666666666666,3,1,2010-06-01
17612,2009-12-17 11:59:00,2010-05-10 14:50:00,4,1127.5,21.381944444444443,165.50069444444443,281.875,2,0,2010-06-01
17618,2010-01-24 11:03:00,2010-05-30 12:55:00,2,703.6700000000001,1.4618055555555556,127.53958333333334,351.83500000000004,1,0,2010-06-01
17623,2009-12-14 14:36:00,2010-05-19 13:32:00,2,440.70000000000005,12.436111111111112,168.39166666666668,220.35000000000002,1,0,2010-06-01
17626,2010-04-16 12:15:00,2010-04-16 12:15:00,1,254.0,45.489583333333336,45.489583333333336,254.0,1,1,2010-06-01
17635,2010-04-28 10:51:00,2010-04-28 10:51:00,1,538.8,33.547916666666666,33.547916666666666,538.8,1,0,2010-06-01
17640,2010-03-23 09:15:00,2010-03-24 13:20:00,2,853.02,68.44444444444444,69.61458333333333,426.51,2,0,2010-06-01
17644,2010-02-16 08:44:00,2010-05-04 12:51:00,5,1608.0600000000002,27.464583333333334,104.6361111111111,321.612,4,0,2010-06-01
17663,2010-03-04 11:42:00,2010-04-26 10:33:00,3,1590.69,35.56041666666667,88.5125,530.23,3,0,2010-06-01
17673,2010-03-19 14:02:00,2010-04-26 11:25:00,2,762.99,35.52430555555556,73.41527777777777,381.495,2,0,2010-06-01
17675,2009-12-10 16:10:00,2010-05-21 12:28:00,19,6851.34,10.480555555555556,172.32638888888889,360.5968421052632,8,0,2010-06-01
17676,2010-03-30 10:49:00,2010-03-30 10:49:00,1,369.3,62.549305555555556,62.549305555555556,369.3,1,0,2010-06-01
17685,2010-02-11 13:44:00,2010-05-26 11:31:00,2,995.56,5.520138888888889,109.42777777777778,497.78,1,1,2010-06-01
17690,2010-02-03 14:26:00,2010-03-17 12:17:00,2,765.3700000000001,75.48819444444445,117.39861111111111,382.68500000000006,1,1,2010-06-01
17694,2010-05-26 08:27:00,2010-05-26 08:27:00,1,610.87,5.647916666666666,5.647916666666666,610.87,1,0,2010-06-01
17699,2010-05-27 11:53:00,2010-05-27 11:53:00,1,182.7,4.504861111111111,4.504861111111111,182.7,1,1,2010-06-01
17705,2010-05-12 09:47:00,2010-05-12 09:47:00,1,88.7,19.59236111111111,19.59236111111111,88.7,1,1,2010-06-01
17709,2010-04-15 14:48:00,2010-04-27 14:10:00,2,387.72,34.40972222222222,46.38333333333333,193.86,2,0,2010-06-01
17716,2009-12-02 17:18:00,2010-05-20 11:55:00,5,3949.8100000000004,11.503472222222221,180.27916666666667,789.9620000000001,4,0,2010-06-01
17720,2010-05-10 09:58:00,2010-05-10 09:58:00,1,132.62,21.584722222222222,21.584722222222222,132.62,1,0,2010-06-01
17729,2010-04-22 15:03:00,2010-04-22 15:03:00,1,438.65000000000003,39.37291666666667,39.37291666666667,438.65000000000003,1,1,2010-06-01
17739,2009-12-07 10:48:00,2010-05-06 13:21:00,6,2637.4300000000003,25.44375,175.55,439.5716666666667,2,0,2010-06-01
17742,2009-12-01 13:16:00,2010-04-20 12:10:00,4,962.9,41.49305555555556,181.44722222222222,240.725,2,0,2010-06-01
17757,2010-01-13 15:56:00,2010-05-18 14:37:00,6,718.9200000000001,13.390972222222222,138.3361111111111,119.82000000000001,4,0,2010-06-01
17758,2010-05-20 13:18:00,2010-05-20 13:18:00,1,434.96,11.445833333333333,11.445833333333333,434.96,1,1,2010-06-01
17759,2010-05-05 11:40:00,2010-05-05 11:40:00,1,132.15,26.51388888888889,26.51388888888889,132.15,1,1,2010-06-01
17760,2010-02-28 12:15:00,2010-03-22 11:24:00,3,237.89,70.525,92.48958333333333,79.29666666666667,2,1,2010-06-01
17771,2010-04-29 13:21:00,2010-04-29 13:21:00,1,16.0,32.44375,32.44375,16.0,1,1,2010-06-01
17785,2010-05-23 13:01:00,2010-05-23 13:01:00,1,115.25,8.457638888888889,8.457638888888889,115.25,1,1,2010-06-01
17797,2009-12-15 14:30:00,2010-05-20 11:56:00,4,925.06,11.502777777777778,167.39583333333334,231.265,2,1,2010-06-01
17805,2010-04-08 14:36:00,2010-04-08 14:36:00,1,414.72,53.391666666666666,53.391666666666666,414.72,1,1,2010-06-01
17807,2010-01-04 14:00:00,2010-05-09 14:07:00,2,301.62,22.411805555555556,147.41666666666666,150.81,1,1,2010-06-01
17808,2010-05-07 16:26:00,2010-05-30 14:45:00,2,135.24,1.3854166666666667,24.315277777777776,67.62,2,0,2010-06-01
17822,2010-05-28 12:15:00,2010-05-28 13:23:00,2,1074.92,3.442361111111111,3.4895833333333335,537.46,2,1,2010-06-01
17838,2010-03-19 09:53:00,2010-05-13 12:44:00,5,1617.98,18.469444444444445,73.58819444444444,323.596,5,0,2010-06-01
17842,2010-04-16 14:23:00,2010-04-16 14:23:00,1,430.69,45.40069444444445,45.40069444444445,430.69,1,1,2010-06-01
17845,2010-05-12 13:04:00,2010-05-12 13:24:00,3,451.19,19.441666666666666,19.455555555555556,150.39666666666668,3,0,2010-06-01
17848,2009-12-06 13:19:00,2010-05-25 17:17:00,12,1826.97,6.279861111111111,176.4451388888889,152.2475,7,0,2010-06-01
17850,2009-12-05 12:28:00,2010-04-20 13:24:00,61,26470.4,41.44166666666667,177.48055555555555,433.9409836065574,23,0,2010-06-01
17858,2009-12-06 15:41:00,2010-04-18 12:19:00,7,3712.2700000000004,43.486805555555556,176.34652777777777,530.3242857142858,2,0,2010-06-01
17861,2009-12-10 11:27:00,2010-04-20 13:48:00,5,1795.6799999999998,41.425,172.52291666666667,359.13599999999997,2,0,2010-06-01
17862,2010-05-25 17:22:00,2010-05-25 17:22:00,1,150.83,6.276388888888889,6.276388888888889,150.83,1,1,2010-06-01
17865,2009-12-01 10:49:00,2010-05-23 11:27:00,12,7386.57,8.522916666666667,181.54930555555555,615.5475,4,0,2010-06-01
17867,2009-12-02 13:39:00,2010-04-20 11:49:00,4,170.63,41.50763888888889,180.43125,42.6575,1,0,2010-06-01
17871,2010-01-15 14:48:00,2010-05-10 17:03:00,2,523.54,21.289583333333333,136.38333333333333,261.77,1,1,2010-06-01
17884,2009-12-04 16:23:00,2010-04-21 14:21:00,8,1101.87,40.40208333333333,178.3173611111111,137.73375,2,0,2010-06-01
17886,2010-04-29 11:10:00,2010-04-29 11:10:00,1,144.2,32.53472222222222,32.53472222222222,144.2,1,1,2010-06-01
17888,2009-12-21 16:34:00,2010-05-25 15:45:00,8,777.04,6.34375,161.30972222222223,97.13,4,0,2010-06-01
17889,2010-03-31 10:54:00,2010-03-31 10:54:00,1,16.44,61.545833333333334,61.545833333333334,16.44,1,1,2010-06-01
17897,2010-05-12 16:03:00,2010-05-19 13:16:00,2,417.92999999999995,12.447222222222223,19.33125,208.96499999999997,2,0,2010-06-01
17898,2010-05-21 17:22:00,2010-05-21 17:22:00,1,114.88,10.276388888888889,10.276388888888889,114.88,1,1,2010-06-01
17920,2009-12-06 10:37:00,2010-05-30 10:40:00,26,16618.81,1.5555555555555556,176.5576388888889,639.1850000000001,17,0,2010-06-01
17926,2010-05-09 14:07:00,2010-05-09 14:07:00,1,178.3,22.411805555555556,22.411805555555556,178.3,1,1,2010-06-01
17933,2010-03-17 15:11:00,2010-03-17 15:11:00,1,114.69,75.36736111111111,75.36736111111111,114.69,1,1,2010-06-01
17941,2010-01-06 15:37:00,2010-04-28 09:23:00,3,1128.72,33.609027777777776,145.34930555555556,376.24,1,1,2010-06-01
17949,2009-12-02 11:07:00,2010-05-21 10:08:00,47,34130.159999999996,10.577777777777778,180.53680555555556,726.1736170212765,22,0,2010-06-01
17950,2010-01-04 17:39:00,2010-05-19 16:30:00,2,305.98,12.3125,147.26458333333332,152.99,1,0,2010-06-01
17954,2009-12-09 13:22:00,2010-03-28 14:18:00,5,927.73,64.40416666666667,173.44305555555556,185.546,1,0,2010-06-01
17959,2010-04-26 14:12:00,2010-04-26 14:12:00,1,140.75,35.40833333333333,35.40833333333333,140.75,1,1,2010-06-01
17961,2009-12-01 14:48:00,2010-05-30 14:50:00,39,1183.02,1.3819444444444444,181.38333333333333,30.333846153846153,17,0,2010-06-01
17965,2009-12-14 13:19:00,2010-05-28 14:43:00,7,2700.5299999999997,3.3868055555555556,168.4451388888889,385.78999999999996,2,0,2010-06-01
17969,2009-12-06 13:53:00,2010-05-27 17:06:00,15,1740.59,4.2875,176.42152777777778,116.03933333333333,6,0,2010-06-01
17991,2010-04-27 12:46:00,2010-04-27 12:46:00,1,206.95,34.46805555555556,34.46805555555556,206.95,1,1,2010-06-01
18000,2010-05-24 17:34:00,2010-05-24 17:34:00,1,124.25,7.268055555555556,7.268055555555556,124.25,1,1,2010-06-01
18002,2009-12-08 11:07:00,2010-03-30 16:17:00,2,67.72,62.321527777777774,174.53680555555556,33.86,1,0,2010-06-01
18028,2010-05-05 13:28:00,2010-05-05 13:28:00,1,192.05,26.43888888888889,26.43888888888889,192.05,1,1,2010-06-01
18037,2009-12-01 13:48:00,2010-03-24 13:28:00,7,70.15,68.43888888888888,181.425,10.021428571428572,2,0,2010-06-01
18039,2010-03-09 11:19:00,2010-05-16 13:10:00,2,250.16,15.45138888888889,83.52847222222222,125.08,2,0,2010-06-01
18041,2010-01-14 10:04:00,2010-05-05 12:55:00,7,2360.07,26.461805555555557,137.58055555555555,337.15285714285716,3,0,2010-06-01
18049,2010-04-28 13:24:00,2010-04-28 13:24:00,1,262.35,33.44166666666667,33.44166666666667,262.35,1,1,2010-06-01
18052,2010-05-24 11:11:00,2010-05-24 11:11:00,1,10877.18,7.534027777777778,7.534027777777778,10877.18,1,1,2010-06-01
18056,2010-03-31 12:29:00,2010-03-31 12:29:00,1,190.95,61.47986111111111,61.47986111111111,190.95,1,1,2010-06-01
18060,2010-05-24 08:34:00,2010-05-24 08:34:00,1,464.40000000000003,7.643055555555556,7.643055555555556,464.40000000000003,1,1,2010-06-01
18061,2009-12-04 11:36:00,2010-05-27 12:47:00,11,2739.07,4.467361111111111,178.51666666666668,249.00636363636366,5,0,2010-06-01
18062,2010-04-21 08:55:00,2010-04-21 08:55:00,1,422.75,40.62847222222222,40.62847222222222,422.75,1,1,2010-06-01
18063,2010-03-16 13:05:00,2010-03-16 13:05:00,1,102.0,76.45486111111111,76.45486111111111,102.0,1,1,2010-06-01
18064,2010-02-01 15:01:00,2010-05-25 14:26:00,6,2482.4700000000003,6.398611111111111,119.37430555555555,413.74500000000006,5,0,2010-06-01
18065,2009-12-09 16:00:00,2010-04-25 16:02:00,6,1618.8,36.331944444444446,173.33333333333334,269.8,2,0,2010-06-01
18069,2010-02-28 16:14:00,2010-05-30 15:58:00,4,1297.87,1.3347222222222221,92.3236111111111,324.4675,2,1,2010-06-01
18077,2009-12-07 11:40:00,2010-03-19 15:27:00,5,903.5699999999999,73.35625,175.51388888888889,180.714,1,1,2010-06-01
18078,2010-03-21 15:50:00,2010-03-21 15:50:00,1,256.22,71.34027777777777,71.34027777777777,256.22,1,1,2010-06-01
18091,2010-04-25 13:18:00,2010-04-25 13:18:00,1,360.85,36.44583333333333,36.44583333333333,360.85,1,1,2010-06-01
18093,2010-03-31 10:27:00,2010-04-22 14:07:00,2,674.6300000000001,39.41180555555555,61.56458333333333,337.31500000000005,2,1,2010-06-01
18094,2010-01-07 11:16:00,2010-05-27 12:27:00,5,2172.9,4.48125,144.53055555555557,434.58000000000004,4,1,2010-06-01
18095,2010-04-19 14:09:00,2010-05-10 09:24:00,2,1427.36,21.608333333333334,42.41041666666667,713.68,2,1,2010-06-01
18108,2009-12-02 12:47:00,2010-04-22 09:38:00,2,577.81,39.59861111111111,180.4673611111111,288.905,1,1,2010-06-01
18131,2010-03-18 08:48:00,2010-03-18 08:48:00,1,222.95999999999998,74.63333333333334,74.63333333333334,222.95999999999998,1,1,2010-06-01
18134,2010-01-14 11:59:00,2010-04-20 14:02:00,2,445.0,41.415277777777774,137.50069444444443,222.5,1,1,2010-06-01
18135,2010-03-15 13:55:00,2010-04-28 11:52:00,2,288.15,33.50555555555555,77.42013888888889,144.075,2,0,2010-06-01
18151,2010-03-04 10:47:00,2010-05-30 12:03:00,3,1069.99,1.4979166666666666,88.55069444444445,356.66333333333336,3,1,2010-06-01
18163,2010-05-04 14:51:00,2010-05-04 14:51:00,1,728.84,27.38125,27.38125,728.84,1,1,2010-06-01
18166,2010-03-26 12:26:00,2010-03-26 12:26:00,1,175.5,66.48194444444445,66.48194444444445,175.5,1,1,2010-06-01
18171,2010-01-05 10:46:00,2010-03-18 15:11:00,2,607.75,74.36736111111111,146.55138888888888,303.875,1,0,2010-06-01
18172,2009-12-11 09:58:00,2010-05-20 09:27:00,10,3752.8599999999997,11.60625,171.5847222222222,375.28599999999994,7,0,2010-06-01
18173,2010-04-06 10:43:00,2010-04-06 10:43:00,1,589.52,55.553472222222226,55.553472222222226,589.52,1,1,2010-06-01
18177,2009-12-15 18:57:00,2010-05-28 12:38:00,3,875.45,3.473611111111111,167.21041666666667,291.81666666666666,2,1,2010-06-01
18181,2009-12-04 15:30:00,2010-05-27 13:34:00,3,493.12,4.434722222222222,178.35416666666666,164.37333333333333,2,1,2010-06-01
18187,2010-03-18 09:49:00,2010-03-18 09:49:00,1,724.89,74.59097222222222,74.59097222222222,724.89,1,1,2010-06-01
18188,2010-03-26 11:37:00,2010-04-22 10:11:00,2,337.55,39.575694444444444,66.51597222222222,168.775,2,1,2010-06-01
18190,2009-12-22 12:05:00,2010-04-15 09:45:00,3,461.16,46.59375,160.49652777777777,153.72,1,1,2010-06-01
18194,2010-01-28 15:30:00,2010-05-19 10:51:00,3,1564.3200000000002,12.547916666666667,123.35416666666667,521.44,2,0,2010-06-01
18196,2010-03-17 14:55:00,2010-03-17 14:55:00,1,292.93,75.37847222222223,75.37847222222223,292.93,1,1,2010-06-01
18197,2010-05-13 10:46:00,2010-05-13 10:46:00,1,230.1,18.551388888888887,18.551388888888887,230.1,1,1,2010-06-01
18208,2010-05-23 11:54:00,2010-05-23 11:54:00,1,360.08,8.504166666666666,8.504166666666666,360.08,1,1,2010-06-01
18215,2010-03-26 13:03:00,2010-03-26 13:03:00,1,783.5500000000001,66.45625,66.45625,783.5500000000001,1,0,2010-06-01
18218,2010-02-17 15:11:00,2010-04-22 12:38:00,2,479.91999999999996,39.47361111111111,103.36736111111111,239.95999999999998,1,1,2010-06-01
18223,2009-12-04 12:20:00,2010-03-18 17:26:00,6,3854.34,74.27361111111111,178.48611111111111,642.39,1,0,2010-06-01
18225,2009-12-04 16:52:00,2010-05-13 15:41:00,4,2054.86,18.346527777777776,178.29722222222222,513.715,2,0,2010-06-01
18229,2009-12-03 14:42:00,2010-05-18 12:44:00,4,980.4,13.469444444444445,179.3875,245.1,2,0,2010-06-01
18231,2010-01-10 12:13:00,2010-05-12 14:01:00,14,2937.58,19.415972222222223,141.4909722222222,209.82714285714286,9,0,2010-06-01
18236,2010-04-15 13:39:00,2010-04-15 13:39:00,1,236.64000000000001,46.43125,46.43125,236.64000000000001,1,0,2010-06-01
18241,2010-04-01 11:55:00,2010-04-01 11:55:00,1,216.3,60.50347222222222,60.50347222222222,216.3,1,1,2010-06-01
18245,2010-03-08 15:26:00,2010-05-14 16:01:00,5,1693.91,17.332638888888887,84.35694444444445,338.78200000000004,5,0,2010-06-01
18246,2010-04-09 10:19:00,2010-04-09 10:19:00,1,162.72,52.57013888888889,52.57013888888889,162.72,1,1,2010-06-01
18247,2010-03-18 15:52:00,2010-03-18 15:52:00,1,186.0,74.33888888888889,74.33888888888889,186.0,1,0,2010-06-01
18251,2009-12-22 12:01:00,2010-04-08 12:23:00,4,10724.67,53.484027777777776,160.49930555555557,2681.1675,3,1,2010-06-01
18252,2009-12-18 16:13:00,2010-03-26 13:28:00,4,836.92,66.43888888888888,164.32430555555555,209.23,1,0,2010-06-01
18254,2010-05-07 14:37:00,2010-05-07 14:37:00,1,267.9,24.39097222222222,24.39097222222222,267.9,1,1,2010-06-01
18257,2010-02-18 16:20:00,2010-05-27 14:40:00,2,1364.75,4.388888888888889,102.31944444444444,682.375,1,0,2010-06-01
18258,2010-05-16 11:35:00,2010-05-16 11:37:00,2,874.79,15.515972222222222,15.51736111111111,437.395,2,0,2010-06-01
18262,2010-04-16 09:05:00,2010-04-16 09:05:00,1,202.06,45.62152777777778,45.62152777777778,202.06,1,1,2010-06-01
18268,2009-12-11 10:27:00,2010-04-27 15:47:00,5,1464.73,34.34236111111111,171.56458333333333,292.946,1,1,2010-06-01
18275,2009-12-08 16:23:00,2010-05-10 15:46:00,2,741.85,21.343055555555555,174.3173611111111,370.925,1,1,2010-06-01
18283,2010-02-19 17:16:00,2010-03-28 13:21:00,3,332.02,64.44375,101.28055555555555,110.67333333333333,1,1,2010-06-01
