customer,recency_days,frequency,monetary,average_order_value
12346,325,12,77556.46,6463.038333333334
12347,2,8,4921.53,615.19125
12365,291,2,641.38,320.69
12369,413,3,1791.1499999999999,597.05
12370,51,7,4316.5599999999995,616.6514285714285
12371,44,5,4067.38,813.476
12375,10,2,457.5,228.75
12386,337,2,401.9,200.95
12389,402,3,1433.33,477.77666666666664
12394,63,2,1272.48,636.24
12397,35,2,2409.8999999999996,1204.9499999999998
12402,323,6,1256.8999999999999,209.48333333333332
12404,682,1,63.24,63.24
12415,24,28,144458.37,5159.2275
12418,112,4,2021.1999999999998,505.29999999999995
12427,21,3,825.8,275.26666666666665
12429,9,8,6204.41,775.55125
12430,43,1,256.4,256.4
12434,84,3,1103.4299999999998,367.80999999999995
12436,99,1,509.01,509.01
12442,3,1,172.06,172.06
12445,22,2,434.98,217.49
12449,22,6,4835.89,805.9816666666667
12456,44,3,3181.04,1060.3466666666666
12468,187,5,3670.74,734.1479999999999
12480,28,7,5464.85,780.6928571428572
12486,431,1,1037.28,1037.28
12487,730,1,285.29999999999995,285.29999999999995
12489,336,1,334.93,334.93
12490,5,21,9823.64,467.79238095238094
12492,63,3,715.21,238.40333333333334
12500,23,19,5955.21,313.4321052631579
12502,95,5,3723.87,744.774
12509,284,1,176.5,176.5
12523,19,23,4352.349999999999,189.23260869565215
12528,9,6,1933.48,322.24666666666667
12534,130,1,1089.18,1089.18
12538,29,2,640.45,320.225
12539,22,7,11214.75,1602.107142857143
12542,484,2,481.88,240.94
12543,448,1,980.25,980.25
12549,575,6,1575.68,262.61333333333334
12555,682,1,129.23,129.23
12562,8,9,4966.919999999999,551.8799999999999
12563,408,1,249.24,249.24
12565,288,1,145.92,145.92
12566,86,1,351.65,351.65
12569,2,32,4124.6900000000005,128.89656250000002
12570,682,1,77.52,77.52
12572,8,2,1020.4200000000001,510.21000000000004
12574,315,1,218.45,218.45
12575,457,2,622.8199999999999,311.40999999999997
12576,35,8,2142.7200000000003,267.84000000000003
12577,35,8,1617.0999999999997,202.13749999999996
12578,21,4,4642.450000000001,1160.6125000000002
12585,234,2,2040.1,1020.05
12588,39,4,958.78,239.695
12591,317,3,1338.95,446.31666666666666
12600,28,21,4967.42,236.54380952380953
12603,21,1,739.1999999999999,739.1999999999999
12606,682,1,21.0,21.0
12609,78,9,3435.8599999999997,381.7622222222222
12611,52,1,1193.32,1193.32
12617,29,1,352.98,352.98
12624,106,2,641.13,320.565
12627,10,7,4478.530000000001,639.7900000000001
12634,535,2,490.0,245.0
12636,738,1,141.0,141.0
12640,23,3,1174.5800000000002,391.5266666666667
12642,25,3,1013.2600000000001,337.7533333333334
12646,4,2,1346.9699999999998,673.4849999999999
12647,22,36,16955.55,470.98749999999995
12659,29,1,91.68,91.68
12663,624,2,239.4,119.7
12669,150,3,2744.0299999999997,914.6766666666666
12671,606,1,2622.481,2622.481
12672,329,2,437.04999999999995,218.52499999999998
12677,555,2,395.1,197.55
12678,42,21,34281.18,1632.4371428571428
12679,58,4,1113.02,278.255
12681,14,45,29834.760000000002,662.9946666666667
12684,7,7,2283.63,326.23285714285714
12692,637,1,110.95,110.95
12709,15,34,30291.76,890.9341176470588
12713,0,1,848.55,848.55
12720,2,30,7787.28,259.57599999999996
12722,85,4,997.6300000000001,249.40750000000003
12724,5,7,2317.5200000000004,331.0742857142858
12729,113,1,453.01,453.01
12730,521,1,829.25,829.25
12732,179,1,236.26000000000002,236.26000000000002
12741,529,2,406.07,203.035
12742,625,1,1201.52,1201.52
12747,2,26,8898.48,342.24923076923073
12754,235,3,3010.74,1003.5799999999999
12759,52,8,5020.740000000001,627.5925000000001
12762,7,2,1898.52,949.26
12763,138,2,494.08,247.04
12769,238,1,1143.6,1143.6
12770,210,2,3246.45,1623.225
12778,19,9,1775.6800000000003,197.2977777777778
12779,37,14,6474.11,462.43642857142856
12782,4,11,4618.24,419.84
12788,463,4,444.9,111.225
12792,256,2,827.01,413.505
12794,53,2,860.41,430.205
12795,18,1,430.48,430.48
12796,628,1,381.0,381.0
12808,36,5,776.7,155.34
12811,260,5,1033.9,206.78000000000003
12814,101,1,125.92,125.92
12818,261,1,1542.08,1542.08
12822,70,2,948.88,474.44
12825,521,2,518.63,259.315
12836,59,15,6559.7300000000005,437.31533333333334
12840,143,7,4041.9700000000003,577.4242857142857
12842,70,4,1917.99,479.4975
12843,65,30,6583.359999999999,219.44533333333328
12855,372,4,612.84,153.21
12856,7,6,2170.7799999999997,361.7966666666666
12858,383,1,147.27,147.27
12865,26,4,3323.4700000000003,830.8675000000001
12866,283,3,1227.35,409.1166666666666
12874,385,2,948.42,474.21
12878,236,2,854.99,427.495
12883,24,4,703.47,175.8675
12889,381,4,385.46000000000004,96.36500000000001
12891,185,11,840.5,76.4090909090909
12893,30,1,176.55,176.55
12895,42,2,372.8,186.4
12900,422,1,340.33,340.33
12906,11,5,2919.8100000000004,583.9620000000001
12910,23,13,5796.5199999999995,445.88615384615383
12911,551,1,1651.72,1651.72
12915,148,4,975.1,243.775
12919,8,6,1335.19,222.53166666666667
12922,161,1,405.38,405.38
12928,35,12,4304.89,358.74083333333334
12929,311,1,117.85,117.85
12932,539,8,1698.56,212.32
12933,24,8,1636.63,204.57875
12935,2,15,4243.86,282.924
12937,15,9,3097.61,344.1788888888889
12954,638,1,162.45,162.45
12956,306,4,521.89,130.4725
12957,9,13,8706.970000000001,669.7669230769231
12963,8,12,3235.7900000000004,269.6491666666667
12971,3,116,15704.600000000004,135.38448275862072
12975,436,6,2100.09,350.01500000000004
12981,29,2,372.22,186.11
12983,598,1,490.08000000000004,490.08000000000004
12985,0,2,1239.38,619.69
12999,196,3,455.88,151.96
13000,106,4,1032.5,258.125
13003,105,3,149.05,49.68333333333334
13012,9,11,2957.8300000000004,268.8936363636364
13022,429,1,65.3,65.3
13023,64,3,1449.03,483.01
13032,52,9,2815.96,312.88444444444445
13036,684,1,307.1,307.1
13038,80,3,908.46,302.82
13045,99,3,808.9200000000001,269.64000000000004
13050,14,35,11986.52,342.47200000000004
13051,578,2,155.8,77.9
13056,551,1,209.48,209.48
13058,24,3,271.4,90.46666666666665
13061,72,1,248.61,248.61
13067,82,3,508.51,169.50333333333333
13073,411,2,418.08,209.04
13079,4,6,419.18,69.86333333333333
13085,157,8,2433.28,304.16
13086,382,1,439.33000000000004,439.33000000000004
13089,2,203,113416.91,558.7039901477833
13092,70,12,2140.28,178.35666666666668
13095,70,1,74.39999999999999,74.39999999999999
13096,394,1,419.70000000000005,419.70000000000005
13099,99,1,207.35999999999999,207.35999999999999
13104,3,9,1709.1000000000001,189.9
13105,436,1,72.0,72.0
13107,44,9,5253.07,583.6744444444444
13116,138,1,501.14,501.14
13132,261,1,77.3,77.3
13137,10,16,7586.9400000000005,474.18375000000003
13140,108,5,1054.9199999999998,210.98399999999998
13143,584,1,405.1,405.1
13145,39,7,1128.52,161.21714285714285
13146,26,1,228.91,228.91
13147,10,4,712.8000000000001,178.20000000000002
13149,14,4,1676.06,419.015
13160,22,1,91.8,91.8
13161,313,2,472.13,236.065
13162,122,16,9275.490000000002,579.7181250000001
13168,36,5,1840.73,368.146
13169,63,3,840.0799999999999,280.02666666666664
13172,400,1,69.6,69.6
13174,16,12,7995.360000000001,666.2800000000001
13180,607,1,86.10000000000001,86.10000000000001
13181,381,1,359.69,359.69
13192,95,6,2558.5799999999995,426.4299999999999
13193,61,1,112.08,112.08
13194,135,2,472.78,236.39
13201,502,4,1233.06,308.265
13202,394,7,1580.3,225.75714285714284
13204,731,1,966.6600000000001,966.6600000000001
13206,400,13,8308.19,639.0915384615384
13213,56,11,3851.5200000000004,350.13818181818186
13216,267,1,333.74,333.74
13217,122,4,666.48,166.62
13219,618,1,76.23,76.23
13230,4,30,6120.01,204.00033333333334
13240,96,8,1475.79,184.47375
13243,203,5,1220.38,244.07600000000002
13245,50,2,989.22,494.61
13246,18,11,3351.75,304.70454545454544
13250,460,2,253.09,126.545
13251,402,1,252.68,252.68
13254,376,1,51.410000000000004,51.410000000000004
13255,9,3,678.76,226.25333333333333
13261,268,2,944.1,472.05
13265,53,5,2092.6600000000003,418.53200000000004
13267,2,36,9429.809999999998,261.9391666666666
13270,366,1,590.0,590.0
13272,31,2,276.56,138.28
13273,113,1,138.98,138.98
13275,383,2,238.86,119.43
13276,63,5,1891.91,378.382
13277,15,7,523.3,74.75714285714285
13278,40,4,1435.85,358.9625
13288,443,5,927.61,185.522
13302,155,2,159.2,79.6
13304,351,4,1217.9900000000002,304.49750000000006
13306,430,1,53.65,53.65
13307,120,3,273.34000000000003,91.11333333333334
13309,7,6,1706.37,284.395
13311,4,2,598.57,299.285
13319,5,58,21323.220000000005,367.64172413793113
13321,72,2,567.36,283.68
13322,17,1,199.48000000000002,199.48000000000002
13331,401,1,262.4,262.4
13334,82,5,6201.799999999999,1240.36
13338,157,4,2445.62,611.405
13339,200,1,860.12,860.12
13341,260,1,775.85,775.85
13344,67,3,2511.69,837.23
13345,287,1,389.5,389.5
13348,64,1,233.76,233.76
13359,63,2,1043.31,521.655
13365,33,2,2225.37,1112.685
13372,89,1,378.64,378.64
13381,31,12,8224.369999999999,685.3641666666666
13382,280,5,1387.58,277.51599999999996
13384,30,11,6680.83,607.3481818181818
13388,131,3,1185.6499999999999,395.21666666666664
13394,1,19,6621.699999999999,348.51052631578943
13395,185,3,1180.23,393.41
13398,192,2,670.3399999999999,335.16999999999996
13406,427,2,568.92,284.46
13407,578,3,2244.7,748.2333333333332
13410,24,9,2201.9600000000005,244.66222222222228
13416,43,3,940.8,313.59999999999997
13418,11,31,11559.660000000002,372.89225806451617
13423,428,1,217.03,217.03
13425,108,5,3390.43,678.086
13437,14,7,3408.06,486.86571428571426
13438,547,1,46.5,46.5
13442,667,3,419.87,139.95666666666668
13444,374,2,619.08,309.54
13447,23,3,1129.1399999999999,376.37999999999994
13448,16,13,8745.93,672.7638461538462
13450,26,13,4120.04,316.92615384615385
13451,26,11,7090.0599999999995,644.550909090909
13455,24,6,2212.9900000000002,368.8316666666667
13461,38,6,4160.0,693.3333333333334
13462,252,5,1153.85,230.76999999999998
13466,184,5,1013.35,202.67000000000002
13480,416,2,627.8199999999999,313.90999999999997
13481,45,11,3830.8400000000006,348.25818181818187
13483,65,1,140.34,140.34
13485,233,11,3019.2200000000003,274.4745454545455
13487,57,5,846.87,169.374
13489,105,4,449.52,112.38
13491,51,27,4467.659999999999,165.46888888888884
13499,17,5,1159.1100000000001,231.82200000000003
13501,288,3,2885.1099999999997,961.7033333333333
13503,71,6,1859.24,309.87333333333333
13504,64,1,295.93,295.93
13505,72,4,4393.63,1098.4075
13508,243,2,287.04999999999995,143.52499999999998
13509,8,8,1114.72,139.34
13511,676,1,282.76,282.76
13514,73,4,815.9000000000001,203.97500000000002
13516,21,4,1685.26,421.315
13518,85,1,627.16,627.16
13530,634,1,402.97999999999996,402.97999999999996
13531,205,6,1433.07,238.845
13540,467,3,632.39,210.79666666666665
13546,12,5,1086.24,217.248
13547,408,1,167.08,167.08
13555,73,13,8891.84,683.9876923076923
13556,429,2,200.82,100.41
13561,215,11,1803.4,163.94545454545457
13565,19,3,414.79999999999995,138.26666666666665
13566,40,5,1688.6,337.71999999999997
13574,411,1,404.45,404.45
13577,25,11,3489.28,317.20727272727277
13579,14,5,1374.34,274.868
13583,155,2,1445.031,722.5155
13589,14,6,1120.74,186.79
13597,400,2,396.71,198.355
13601,45,4,1159.99,289.9975
13602,64,4,1025.17,256.2925
13618,173,1,177.34,177.34
13619,544,2,224.94,112.47
13620,528,1,112.34,112.34
13628,676,1,310.14,310.14
13631,99,11,3070.42,279.1290909090909
13634,33,16,5033.7699999999995,314.61062499999997
13648,400,8,1764.02,220.5025
13653,487,1,152.2,152.2
13654,43,11,6308.000000000001,573.4545454545455
13658,9,9,6025.5,669.5
13662,85,11,2233.61,203.05545454545455
13674,432,1,240.68,240.68
13675,151,2,486.82000000000005,243.41000000000003
13677,404,2,551.24,275.62
13678,151,1,232.6,232.6
13680,1,12,11419.670000000002,951.6391666666668
13682,187,1,59.5,59.5
13683,457,1,258.6,258.6
13686,182,3,409.04,136.34666666666666
13697,38,1,151.29999999999998,151.29999999999998
13700,26,13,2596.97,199.76692307692306
13702,445,1,135.18,135.18
13707,267,5,3365.8599999999997,673.1719999999999
13710,31,3,509.52,169.84
13715,281,17,8153.039999999999,479.59058823529404
13720,116,4,799.9000000000001,199.97500000000002
13722,131,10,5635.41,563.5409999999999
13731,219,2,610.59,305.295
13732,28,1,491.86,491.86
13734,508,4,6695.690000000001,1673.9225000000004
13750,53,11,3602.1800000000003,327.4709090909091
13752,124,7,1579.83,225.69
13753,287,4,2094.5699999999997,523.6424999999999
13754,151,3,447.05000000000007,149.01666666666668
13755,3,9,2108.06,234.2288888888889
13762,218,5,2472.4800000000005,494.4960000000001
13765,653,1,352.821,352.821
13769,2,20,5478.120000000001,273.90600000000006
13781,250,3,778.83,259.61
13790,4,1,348.8,348.8
13793,646,1,96.0,96.0
13798,1,110,75428.87000000001,685.7170000000001
13803,255,3,1338.9099999999999,446.3033333333333
13806,63,1,256.38,256.38
13807,367,3,422.20000000000005,140.73333333333335
13815,22,8,7475.74,934.4675
13819,301,6,2642.3500000000004,440.3916666666667
13820,418,3,652.75,217.58333333333334
13822,5,2,632.0,316.0
13824,32,12,3314.76,276.23
13827,57,3,409.8,136.6
13828,22,1,209.49,209.49
13829,421,1,102.0,102.0
13831,16,18,6585.539999999998,365.86333333333323
13832,19,2,609.89,304.945
13834,576,2,324.19,162.095
13835,25,7,1095.27,156.46714285714285
13836,399,2,620.37,310.185
13839,486,1,139.95000000000002,139.95000000000002
13840,416,1,651.4,651.4
13841,252,1,85.0,85.0
13842,58,18,5319.34,295.5188888888889
13854,8,39,11944.560000000003,306.2707692307693
13856,168,11,1142.0300000000002,103.82090909090911
13857,393,6,1001.01,166.835
13858,57,1,216.17,216.17
13860,1,5,1245.8999999999999,249.17999999999998
13864,386,1,662.4000000000001,662.4000000000001
13865,58,4,501.55999999999995,125.38999999999999
13866,74,1,145.67000000000002,145.67000000000002
13868,7,2,3192.54,1596.27
13869,123,10,7996.87,799.687
13873,119,8,1038.92,129.865
13877,86,3,449.68000000000006,149.89333333333335
13891,378,3,859.21,286.40333333333336
13893,297,1,821.1,821.1
13895,28,6,4008.52,668.0866666666667
13903,400,1,165.45000000000002,165.45000000000002
13905,732,1,312.65,312.65
13907,691,1,136.8,136.8
13913,506,1,42.22,42.22
13915,394,1,70.80000000000001,70.80000000000001
13917,49,2,272.03999999999996,136.01999999999998
13918,49,2,1212.84,606.42
13933,109,2,608.79,304.395
13934,263,1,922.1,922.1
13940,17,4,839.14,209.785
13943,577,1,246.54,246.54
13946,79,6,1876.23,312.705
13948,360,4,548.76,137.19
13957,417,3,458.25,152.75
13958,379,8,4709.2300000000005,588.6537500000001
13963,308,17,2860.57,168.26882352941178
13966,435,1,384.26,384.26
13968,423,1,123.66,123.66
13970,386,2,846.55,423.275
13971,18,14,4667.57,333.3978571428571
13977,411,1,519.8100000000001,519.8100000000001
13978,14,2,196.79000000000002,98.39500000000001
13979,73,7,3379.93,482.84714285714284
13980,60,5,768.82,153.764
13981,415,1,331.14,331.14
13983,29,21,6753.89,321.61380952380955
13987,379,2,682.54,341.27
13989,65,5,2026.06,405.212
13992,30,3,219.5,73.16666666666667
13996,386,2,895.76,447.88
14006,115,7,2196.67,313.81
14007,512,1,79.48,79.48
14009,198,3,1099.91,366.6366666666667
14016,161,11,11403.409999999998,1036.6736363636362
14022,225,2,792.1500000000001,396.07500000000005
14023,7,2,584.0699999999999,292.03499999999997
14030,18,20,7521.8,376.09000000000003
14033,555,1,109.44,109.44
14046,284,1,154.99,154.99
14047,8,14,3968.1099999999997,283.43642857142856
14048,305,3,748.69,249.56333333333336
14050,31,2,746.36,373.18
14052,19,2,466.66,233.33
14054,65,1,92.46,92.46
14058,462,2,469.19000000000005,234.59500000000003
14059,266,1,183.6,183.6
14060,4,30,8898.24,296.608
14063,438,9,22710.2,2523.355555555556
14065,389,3,891.02,297.00666666666666
14070,684,1,321.6,321.6
14073,32,1,151.04,151.04
14076,129,1,118.67,118.67
14080,32,5,1115.6799999999998,223.13599999999997
14086,462,1,39.95,39.95
14097,481,2,422.86,211.43
14101,73,13,9961.93,766.3023076923077
14102,5,5,1105.88,221.17600000000002
14106,737,1,214.79999999999998,214.79999999999998
14112,22,13,5834.59,448.8146153846154
14115,501,2,622.6700000000001,311.33500000000004
14130,319,4,1858.7700000000002,464.69250000000005
14137,695,1,332.7,332.7
14140,3,2,935.05,467.525
14160,610,7,8421.47,1203.0671428571427
14161,215,7,2996.93,428.1328571428571
14164,70,2,1631.77,815.885
14173,10,6,586.0,97.66666666666667
14180,10,33,6117.499999999999,185.37878787878785
14185,331,1,197.65,197.65
14186,427,5,1550.63,310.12600000000003
14191,1,15,4817.66,321.1773333333333
14194,4,36,18670.59,518.6275
14195,201,6,2615.6,435.93333333333334
14198,18,9,1569.73,174.41444444444446
14206,239,3,1185.0099999999998,395.0033333333333
14207,687,1,157.8,157.8
14210,105,16,5556.569999999999,347.2856249999999
14214,30,5,1004.38,200.876
14215,11,9,3250.33,361.1477777777778
14216,3,5,2150.04,430.008
14218,42,1,169.48000000000002,169.48000000000002
14221,42,17,6517.49,383.38176470588235
14227,26,15,6368.709999999999,424.5806666666666
14234,22,4,754.12,188.53
14236,80,5,1555.34,311.068
14238,326,3,434.23,144.74333333333334
14245,219,2,1693.45,846.725
14246,110,3,1474.06,491.3533333333333
14247,278,5,753.56,150.712
14253,493,2,363.40000000000003,181.70000000000002
14254,432,1,601.03,601.03
14265,109,4,1373.35,343.3375
14271,225,2,214.18,107.09
14278,409,1,205.83,205.83
14279,520,2,191.86,95.93
14281,408,1,245.15,245.15
14283,463,4,628.44,157.11
14296,421,2,456.4,228.2
14300,18,1,43.2,43.2
14307,88,10,4287.92,428.79200000000003
14315,44,8,3197.82,399.7275
14333,67,1,415.2,415.2
14342,21,6,918.4399999999999,153.07333333333332
14353,215,3,376.5,125.5
14357,43,1,225.12,225.12
14362,22,1,151.5,151.5
14365,394,2,634.6800000000001,317.34000000000003
14369,642,2,469.13,234.565
14373,358,1,76.55,76.55
14380,682,1,48.96,48.96
14390,10,13,6150.030000000001,473.07923076923083
14391,576,1,135.6,135.6
14396,65,7,1969.38,281.34000000000003
14400,149,3,1732.47,577.49
14405,386,1,195.0,195.0
14414,91,8,2399.33,299.91625
14427,50,4,1263.52,315.88
14451,60,12,3258.68,271.5566666666667
14454,376,5,977.3,195.45999999999998
14457,310,1,113.64,113.64
14459,155,2,5375.741,2687.8705
14464,568,2,111.0,55.5
14466,29,13,4267.15,328.2423076923077
14476,257,1,193.0,193.0
14479,253,4,1124.71,281.1775
14489,207,4,1574.9299999999998,393.73249999999996
14490,406,2,1273.47,636.735
14492,430,7,1921.9099999999999,274.5585714285714
14493,7,10,5087.86,508.78599999999994
14495,50,3,174.8,58.26666666666667
14497,309,2,697.06,348.53
14507,23,11,3216.7400000000002,292.4309090909091
14509,534,1,110.95,110.95
14512,187,7,1215.97,173.71
14528,37,1,364.21999999999997,364.21999999999997
14529,60,3,578.61,192.87
14535,60,9,5973.229999999999,663.6922222222221
14543,28,39,14587.869999999999,374.0479487179487
14544,24,3,2938.5299999999997,979.5099999999999
14552,151,3,507.93000000000006,169.31000000000003
14553,19,9,1818.6000000000001,202.0666666666667
14556,596,3,815.69,271.8966666666667
14564,434,2,2605.62,1302.81
14571,425,1,160.0,160.0
14572,3,11,5526.879999999999,502.4436363636363
14573,179,13,2163.12,166.39384615384614
14578,3,1,168.63,168.63
14583,5,8,1660.29,207.53625
14584,169,8,1738.16,217.27
14591,15,4,1320.21,330.0525
14592,35,3,557.9399999999999,185.98
14598,44,2,384.03999999999996,192.01999999999998
14603,274,1,660.0,660.0
14613,680,1,76.32000000000001,76.32000000000001
14616,242,5,527.78,105.556
14618,9,7,1342.32,191.76
14619,245,2,1291.24,645.62
14621,1,9,3000.57,333.3966666666667
14622,184,1,320.58000000000004,320.58000000000004
14624,57,6,814.07,135.67833333333334
14625,196,11,4497.88,408.89818181818185
14631,50,6,2025.69,337.615
14634,437,4,2124.46,531.115
14638,50,1,443.6,443.6
14641,21,1,110.46,110.46
14642,58,1,96.12,96.12
14644,67,7,2247.7200000000003,321.1028571428572
14645,156,3,876.8900000000001,292.2966666666667
14655,8,7,3878.51,554.0728571428572
14656,169,5,790.0,158.0
14659,8,9,2529.9300000000003,281.10333333333335
14660,86,2,285.74,142.87
14666,24,1,195.25,195.25
14670,280,3,583.3299999999999,194.4433333333333
14676,31,12,8356.789999999999,696.3991666666666
14679,381,3,1289.44,429.81333333333333
14681,71,6,875.1500000000001,145.85833333333335
14683,588,1,146.56,146.56
14689,208,1,112.8,112.8
14708,2,5,1793.2199999999998,358.64399999999995
14710,14,13,1899.79,146.1376923076923
14714,24,4,906.24,226.56
14715,24,8,1825.4499999999998,228.18124999999998
14729,373,3,586.24,195.41333333333333
14730,1,8,1897.5700000000002,237.19625000000002
14735,3,56,12240.160000000007,218.57428571428585
14737,3,4,3554.17,888.5425
14745,112,12,2551.41,212.61749999999998
14746,406,4,593.5,148.375
14748,29,10,2681.9,268.19
14749,479,1,310.15,310.15
14751,684,2,126.45,63.225
14752,43,1,389.64,389.64
14757,75,1,420.5,420.5
14765,29,3,254.11,84.70333333333333
14768,17,2,192.60000000000002,96.30000000000001
14770,232,8,3637.6399999999994,454.7049999999999
14771,621,2,594.62,297.31
14773,592,1,140.55,140.55
14776,51,15,3708.2999999999997,247.21999999999997
14778,127,2,730.86,365.43
14782,319,1,200.10000000000002,200.10000000000002
14787,471,1,110.65,110.65
14789,28,1,197.64,197.64
14792,63,1,6.2,6.2
14793,21,2,625.9000000000001,312.95000000000005
14794,2,10,1953.9,195.39000000000001
14796,1,27,10169.330000000002,376.6418518518519
14803,162,3,845.55,281.84999999999997
14804,8,1,353.27,353.27
14808,39,8,2718.6,339.825
14812,598,1,178.85,178.85
14817,200,7,3959.86,565.6942857142857
14822,485,1,157.70000000000002,157.70000000000002
14824,10,10,4022.91,402.291
14838,423,2,769.9200000000001,384.96000000000004
14839,418,3,915.28,305.0933333333333
14844,63,10,6702.43,670.243
14846,427,1,437.4,437.4
14847,148,3,1348.9499999999998,449.6499999999999
14849,21,43,15407.609999999999,358.31651162790695
14850,311,7,1770.9599999999998,252.9942857142857
14852,58,18,6132.43,340.6905555555556
14853,24,5,1376.87,275.37399999999997
14857,59,7,3651.851,521.693
14858,505,1,180.75,180.75
14861,52,10,1380.73,138.073
14862,25,2,841.2,420.6
14866,10,19,20746.539999999997,1091.9231578947367
14867,185,16,2952.0600000000004,184.50375000000003
14871,3,9,1228.17,136.46333333333334
14882,26,14,3546.65,253.33214285714286
14885,131,3,1598.12,532.7066666666666
14886,252,1,364.8,364.8
14890,253,3,817.2499999999999,272.41666666666663
14892,690,1,202.35000000000002,202.35000000000002
14898,23,14,3365.95,240.42499999999998
14902,25,3,1035.6200000000001,345.2066666666667
14904,2,4,1630.49,407.6225
14905,157,8,1971.3899999999999,246.42374999999998
14907,3,16,5547.72,346.7325
14909,437,3,1404.6799999999998,468.22666666666663
14910,2,4,434.35,108.5875
14911,1,398,291420.81000000006,732.2130904522614
14915,91,11,1811.25,164.6590909090909
14918,115,9,5955.8099999999995,661.7566666666667
14923,50,1,749.1,749.1
14930,108,6,5236.7300000000005,872.7883333333334
14933,443,4,1770.0,442.5
14934,81,5,3503.5,700.7
14936,33,12,12410.81,1034.2341666666666
14938,562,2,2322.43,1161.215
14940,417,2,531.49,265.745
14946,14,1,100.9,100.9
14949,469,4,515.0,128.75
14952,59,32,17629.349999999995,550.9171874999998
14956,421,1,1325.0,1325.0
14957,253,2,261.69,130.845
14958,147,6,941.99,156.99833333333333
14961,10,22,16410.15,745.9159090909092
14963,9,12,3123.5699999999997,260.29749999999996
14965,96,2,596.0899999999999,298.04499999999996
14969,703,1,906.23,906.23
14979,735,1,429.66,429.66
14985,198,2,292.01,146.005
14991,430,1,314.67,314.67
15003,473,6,1027.03,171.17166666666665
15014,43,2,257.66999999999996,128.83499999999998
15015,501,13,2354.9700000000003,181.15153846153848
15017,33,1,125.58,125.58
15022,11,5,1133.44,226.68800000000002
15032,256,8,11010.050000000001,1376.2562500000001
15057,275,5,3255.96,651.192
15066,53,1,893.59,893.59
15068,46,4,1174.9,293.725
15081,22,12,1854.5700000000002,154.5475
15087,281,1,306.94,306.94
15088,21,2,1160.0700000000002,580.0350000000001
15089,10,6,2420.8399999999997,403.4733333333333
15091,67,3,1046.61,348.86999999999995
15099,84,1,410.48,410.48
15103,31,2,703.36,351.68
15104,196,2,993.54,496.77
15107,311,9,824.3499999999999,91.59444444444443
15108,141,4,1300.25,325.0625
15116,17,4,1352.75,338.1875
15117,14,8,2485.9700000000003,310.74625000000003
15119,245,1,266.4,266.4
15130,169,1,330.11,330.11
15134,14,10,1596.29,159.629
15140,52,8,3243.69,405.46125
15142,46,6,2619.92,436.65333333333336
15143,225,2,563.63,281.815
15149,133,5,1554.6100000000001,310.922
15154,75,3,1343.72,447.9066666666667
15158,45,2,606.02,303.01
15164,68,9,2028.1100000000001,225.34555555555556
15166,467,1,167.16,167.16
15168,25,1,106.56,106.56
15171,331,1,1289.5,1289.5
15178,260,1,40.5,40.5
15180,367,3,816.9300000000001,272.31
15187,1,16,4777.18,298.57375
15189,1,46,17524.380000000005,380.96478260869577
15192,119,5,1666.3899999999999,333.27799999999996
15194,3,28,12021.529999999999,429.3403571428571
15201,87,7,1842.95,263.2785714285714
15205,85,2,653.24,326.62
15209,730,1,178.98000000000002,178.98000000000002
15222,318,11,3550.91,322.81
15243,74,2,927.28,463.64
15246,238,3,780.4000000000001,260.1333333333334
15247,122,3,976.06,325.3533333333333
15254,127,3,1088.35,362.7833333333333
15256,148,2,170.4,85.2
15259,512,4,1182.3799999999999,295.59499999999997
15271,7,24,4528.54,188.68916666666667
15280,172,3,397.52,132.50666666666666
15284,500,1,24.75,24.75
15291,25,40,13517.760000000002,337.9440000000001
15299,67,10,6156.530000000001,615.653
15305,555,1,93.6,93.6
15306,64,9,3484.7299999999996,387.1922222222222
15316,326,1,165.0,165.0
15323,562,3,434.6,144.86666666666667
15324,701,1,140.22000000000003,140.22000000000003
15332,366,6,4892.68,815.4466666666667
15334,156,3,350.82000000000005,116.94000000000001
15337,411,1,373.02,373.02
15340,561,1,105.5,105.5
15350,373,2,547.6,273.8
15362,448,2,613.0799999999999,306.53999999999996
15364,95,2,913.19,456.595
15368,21,2,722.74,361.37
15371,662,1,59.400000000000006,59.400000000000006
15374,128,2,307.32,153.66
15375,690,1,60.959999999999994,60.959999999999994
15380,8,11,3248.9600000000005,295.36000000000007
15385,40,3,942.08,314.0266666666667
15388,270,1,140.54,140.54
15390,396,2,1216.66,608.33
15392,4,7,2911.62,415.94571428571425
15405,189,2,659.84,329.92
15411,26,4,1348.93,337.2325
15418,425,2,449.42,224.71
15421,58,10,3805.3399999999992,380.53399999999993
15423,38,3,266.89,88.96333333333332
15429,26,2,397.35,198.675
15430,467,2,954.75,477.375
15440,54,3,383.68,127.89333333333333
15454,362,2,305.99,152.995
15459,417,2,202.82999999999998,101.41499999999999
15465,19,32,12100.4,378.1375
15470,575,1,63.419999999999995,63.419999999999995
15474,595,1,150.35,150.35
15475,77,1,454.10999999999996,454.10999999999996
15481,401,1,1993.34,1993.34
15483,161,10,817.82,81.78200000000001
15486,527,1,102.0,102.0
15487,679,1,231.32,231.32
15493,32,9,4121.68,457.9644444444445
15496,631,1,146.14000000000001,146.14000000000001
15499,723,1,158.65,158.65
15503,362,2,257.3,128.65
15508,189,6,1000.27,166.71166666666667
15510,330,1,250.0,250.0
15516,44,3,62.43,20.81
15517,233,1,267.03,267.03
15521,40,16,7098.239999999998,443.6399999999999
15524,24,2,591.4,295.7
15544,9,20,7807.890000000001,390.39450000000005
15545,54,2,288.97,144.485
15547,7,26,10057.050000000001,386.8096153846154
15548,595,1,158.09,158.09
15550,4,12,2211.0499999999997,184.25416666666663
15557,28,1,468.91,468.91
15563,22,7,2859.46,408.4942857142857
15564,463,2,70.74000000000001,35.370000000000005
15566,392,2,227.87,113.935
15571,11,14,3892.3500000000004,278.02500000000003
15573,31,5,1188.4199999999998,237.68399999999997
15574,177,6,1101.4399999999998,183.5733333333333
15580,376,8,1375.3900000000003,171.92375000000004
15588,677,1,579.6,579.6
15591,582,3,217.9,72.63333333333334
15592,46,1,388.58,388.58
15596,100,9,2727.7200000000003,303.08000000000004
15598,53,2,548.02,274.01
15599,26,3,1250.06,416.68666666666667
15600,428,4,1199.31,299.8275
15602,8,16,3137.96,196.1225
15604,52,1,216.39,216.39
15609,184,1,298.48,298.48
15621,4,4,1293.03,323.2575
15623,141,8,2437.05,304.63125
15625,103,9,3236.3999999999996,359.59999999999997
15629,450,4,2240.9,560.225
15630,45,3,1481.4,493.8
15634,17,2,554.6500000000001,277.32500000000005
15640,4,29,23494.309999999998,810.1486206896551
15643,191,3,664.0,221.33333333333334
15646,157,5,784.8100000000001,156.96200000000002
15647,415,1,169.0,169.0
15653,92,2,877.4399999999999,438.71999999999997
15656,45,4,748.5,187.125
15658,190,8,2117.27,264.65875
15659,43,3,532.49,177.49666666666667
15662,661,2,283.73,141.865
15666,472,2,632.94,316.47
15671,18,7,2657.13,379.59000000000003
15676,18,3,3435.76,1145.2533333333333
15680,9,10,4028.6900000000005,402.869
15681,25,14,2989.7000000000003,213.55
15689,119,3,521.03,173.67666666666665
15698,624,1,46.2,46.2
15710,417,1,898.87,898.87
15713,143,4,839.6400000000001,209.91000000000003
15718,540,1,293.79,293.79
15721,11,1,471.40000000000003,471.40000000000003
15732,212,10,1543.9699999999998,154.397
15733,282,1,162.3,162.3
15734,114,4,2263.3,565.825
15745,19,4,1094.59,273.6475
15749,235,3,44534.3,14844.766666666668
15764,88,8,4503.08,562.885
15769,7,46,88612.52000000002,1926.359130434783
15776,133,1,241.62,241.62
15778,431,1,307.95,307.95
15781,25,3,345.46000000000004,115.15333333333335
15782,9,4,4014.1,1003.525
15783,10,1,246.3,246.3
15788,508,1,221.82999999999998,221.82999999999998
15789,358,6,1962.01,327.00166666666667
15791,43,5,3608.34,721.668
15794,736,2,777.0,388.5
15799,75,4,1421.34,355.335
15800,107,7,1227.07,175.29571428571427
15808,306,21,17180.25,818.1071428571429
15815,63,5,2100.6,420.12
15820,319,1,206.98,206.98
15823,372,3,3882.17,1294.0566666666666
15824,453,2,890.94,445.47
15825,172,1,532.94,532.94
15827,73,28,3603.1399999999994,128.6835714285714
15830,37,1,576.0,576.0
15833,737,1,80.4,80.4
15838,11,34,73205.5,2153.1029411764707
15839,33,3,1048.49,349.49666666666667
15843,303,1,118.95000000000002,118.95000000000002
15847,38,5,822.57,164.514
15851,526,1,109.73,109.73
15852,186,3,257.26,85.75333333333333
15853,51,1,110.8,110.8
15855,136,6,1052.72,175.45333333333335
15856,4,52,32275.950000000004,620.6913461538462
15860,40,17,2361.3000000000006,138.90000000000003
15862,8,13,2512.29,193.25307692307692
15863,25,5,355.09999999999997,71.02
15865,40,5,2241.42,448.284
15867,5,31,8923.3,287.84838709677416
15873,499,4,313.92,78.48
15875,646,1,108.52,108.52
15876,409,2,1449.1399999999999,724.5699999999999
15878,561,2,330.77,165.385
15880,369,1,329.03000000000003,329.03000000000003
15881,312,5,501.39,100.27799999999999
15883,2,2,396.48,198.24
15886,60,4,1052.87,263.2175
15887,406,3,1027.15,342.3833333333334
15892,669,1,128.2,128.2
15908,490,2,758.62,379.31
15912,178,9,1074.6999999999998,119.4111111111111
15915,401,1,364.45,364.45
15923,372,1,127.08,127.08
15924,731,1,102.82,102.82
15933,21,3,1107.46,369.15333333333336
15937,64,1,145.35,145.35
15938,112,9,734.81,81.64555555555555
15941,637,1,405.0,405.0
15948,8,3,1509.0900000000001,503.03000000000003
15949,16,2,364.72,182.36
15951,8,3,1013.1699999999998,337.7233333333333
15956,551,2,617.5999999999999,308.79999999999995
15957,31,3,921.25,307.0833333333333
15959,682,3,542.8900000000001,180.96333333333337
15960,374,4,410.95,102.7375
15968,388,1,404.55,404.55
15971,17,18,5902.830000000001,327.93500000000006
15975,84,1,371.01,371.01
15980,88,7,6543.68,934.8114285714286
15989,375,2,368.31,184.155
15990,44,7,1997.7500000000002,285.39285714285717
15991,534,1,150.55,150.55
15992,3,3,896.6,298.8666666666667
15994,54,3,1175.68,391.8933333333334
15996,88,7,1386.3999999999999,198.05714285714285
15998,36,16,8274.14,517.13375
16005,12,10,2365.4900000000002,236.54900000000004
16006,211,2,332.82,166.41
16010,245,11,1694.86,154.0781818181818
16014,37,5,1100.28,220.05599999999998
16018,39,4,698.13,174.5325
16023,46,3,719.8100000000001,239.9366666666667
16025,29,1,439.65999999999997,439.65999999999997
16033,5,27,10608.810000000001,392.91888888888894
16044,435,1,340.84000000000003,340.84000000000003
16049,40,6,1852.1499999999999,308.69166666666666
16050,173,3,300.70000000000005,100.23333333333335
16051,681,1,188.44,188.44
16052,54,1,362.06,362.06
16055,220,1,134.8,134.8
16058,406,1,62.7,62.7
16061,431,1,89.65,89.65
16062,9,8,2863.45,357.93125
16063,260,1,335.32,335.32
16065,365,8,1992.13,249.01625
16068,593,1,115.73,115.73
16070,22,2,852.1500000000001,426.07500000000005
16072,288,4,4180.09,1045.0225
16075,502,2,736.9300000000001,368.46500000000003
16078,283,2,362.99,181.495
16079,16,3,1352.0,450.6666666666667
16083,100,4,2351.42,587.855
16085,23,12,2341.03,195.08583333333334
16086,59,10,2687.73,268.773
16087,389,5,1739.92,347.98400000000004
16093,106,1,17.0,17.0
16095,456,1,447.05,447.05
16096,264,4,1584.9699999999998,396.24249999999995
16098,87,14,4010.7,286.4785714285714
16101,70,4,3229.16,807.29
16104,61,9,2774.46,308.2733333333333
16106,65,1,108.38,108.38
16107,17,7,3204.1600000000003,457.7371428571429
16111,428,1,549.33,549.33
16114,170,1,135.75000000000003,135.75000000000003
16123,51,1,307.78,307.78
16126,29,15,14644.6,976.3066666666667
16128,17,11,3801.05,345.55
16132,544,2,664.2,332.1
16137,680,1,422.7,422.7
16140,65,3,1433.46,477.82
16149,4,3,422.22,140.74
16157,15,3,656.69,218.89666666666668
16163,232,6,2407.98,401.33
16164,17,3,822.48,274.16
16168,10,66,10360.670000000002,156.9798484848485
16177,50,8,2247.31,280.91375
16184,64,6,1158.79,193.13166666666666
16193,236,2,630.4300000000001,315.21500000000003
16198,75,2,1030.0410000000002,515.0205000000001
16205,30,7,1820.11,260.0157142857143
16206,54,13,2589.87,199.22076923076924
16207,25,1,394.38,394.38
16216,267,1,914.9300000000001,914.9300000000001
16218,29,13,3968.67,305.2823076923077
16224,57,5,1616.5400000000002,323.30800000000005
16227,225,3,1027.22,342.4066666666667
16232,43,7,2712.9700000000003,387.56714285714287
16235,40,9,2053.71,228.19
16237,437,1,136.65,136.65
16238,422,1,63.66,63.66
16241,9,16,3992.860000000001,249.55375000000006
16247,170,1,114.56,114.56
16252,382,1,295.09000000000003,295.09000000000003
16259,410,3,340.94,113.64666666666666
16260,50,1,1035.45,1035.45
16262,378,1,755.15,755.15
16266,73,14,1757.9499999999998,125.56785714285714
16275,196,3,2151.11,717.0366666666667
16278,100,3,1117.8400000000001,372.6133333333334
16294,476,1,126.05000000000001,126.05000000000001
16297,268,1,301.9,301.9
16299,477,1,193.65,193.65
16300,430,3,1367.3200000000002,455.77333333333337
16309,106,2,706.5699999999999,353.28499999999997
16312,432,1,171.15,171.15
16317,119,5,2192.5099999999998,438.50199999999995
16320,172,6,5628.990000000001,938.1650000000001
16322,1,2,326.75,163.375
16323,196,2,353.66,176.83
16328,563,1,310.83,310.83
16329,427,4,1664.92,416.23
16338,157,1,214.79999999999998,214.79999999999998
16339,284,1,94.05,94.05
16341,24,7,3850.7900000000004,550.1128571428573
16352,17,2,494.44,247.22
16353,3,38,9795.460000000001,257.77526315789476
16358,1,5,2919.65,583.9300000000001
16360,4,6,3450.4100000000003,575.0683333333334
16367,37,3,1350.48,450.16
16368,2,3,621.44,207.14666666666668
16372,33,5,1290.31,258.062
16373,382,2,309.49,154.745
16378,247,3,362.94999999999993,120.9833333333333
16386,28,3,1068.16,356.05333333333334
16395,60,14,3518.4100000000008,251.31500000000005
16399,19,3,630.22,210.07333333333335
16400,94,9,3059.8500000000004,339.98333333333335
16404,70,1,443.05,443.05
16406,18,3,528.36,176.12
16410,734,1,130.32,130.32
16418,44,5,1028.74,205.748
16419,112,8,1463.6999999999998,182.96249999999998
16424,191,2,443.06,221.53
16425,302,1,302.7,302.7
16426,2,10,1863.76,186.376
16427,263,2,241.06,120.53
16429,106,1,284.55,284.55
16438,5,5,798.3499999999999,159.67
16442,1,5,891.98,178.39600000000002
16447,135,3,727.1,242.36666666666667
16449,197,2,707.69,353.845
16453,530,2,251.71,125.855
16455,63,11,3995.5699999999997,363.2336363636363
16458,2,30,5690.89,189.69633333333334
16464,19,3,1298.6599999999999,432.8866666666666
16473,164,4,470.83,117.7075
16481,682,1,453.38,453.38
16489,380,2,303.7,151.85
16491,46,2,1533.1599999999999,766.5799999999999
16492,540,1,385.56,385.56
16495,3,3,648.26,216.08666666666667
16496,8,6,2330.77,388.46166666666664
16498,161,2,100.97,50.485
16502,620,2,258.55,129.275
16508,630,1,240.95,240.95
16509,296,1,363.7,363.7
16516,30,1,101.69999999999999,101.69999999999999
16517,277,1,162.7,162.7
16518,61,4,959.37,239.8425
16522,435,2,433.36,216.68
16524,446,2,306.19,153.095
16534,642,1,635.9,635.9
16535,5,3,972.04,324.0133333333333
16536,110,1,548.12,548.12
16537,641,1,23.35,23.35
16538,541,3,395.07,131.69
16541,735,1,424.03,424.03
16542,53,2,257.32,128.66
16550,108,18,8813.579999999998,489.6433333333332
16557,24,2,281.85,140.925
16563,53,6,4412.56,735.4266666666667
16567,194,2,865.6,432.8
16578,626,1,156.6,156.6
16584,80,5,3156.17,631.234
16589,71,4,612.36,153.09
16594,75,1,181.09,181.09
16601,40,3,677.0,225.66666666666666
16602,36,2,763.33,381.665
16609,15,7,5493.46,784.78
16611,186,6,1785.1299999999999,297.52166666666665
16616,15,2,500.42,250.21
16617,235,1,151.85,151.85
16623,245,4,1015.24,253.81
16626,0,17,4413.1,259.59411764705885
16627,79,1,322.8,322.8
16635,406,1,473.0,473.0
16646,449,1,678.8,678.8
16647,169,4,541.9000000000001,135.47500000000002
16650,71,7,1916.1100000000001,273.73
16653,16,2,1212.6599999999999,606.3299999999999
16655,17,13,6423.260000000001,494.0969230769232
16659,189,1,39.12,39.12
16661,540,4,932.7600000000001,233.19000000000003
16664,569,1,109.2,109.2
16669,23,3,1348.88,449.6266666666667
16675,441,2,608.8599999999999,304.42999999999995
16680,43,3,821.45,273.81666666666666
16686,47,16,4881.07,305.066875
16699,380,7,994.6000000000001,142.08571428571432
16709,84,14,9056.009999999998,646.857857142857
16710,19,22,5921.35,269.15227272727276
16711,3,9,2868.48,318.72
16712,9,13,4232.870000000001,325.60538461538465
16713,18,32,14115.560000000001,441.11125000000004
16715,78,2,625.52,312.76
16718,369,5,3006.0800000000004,601.2160000000001
16721,262,1,292.47,292.47
16722,17,22,8189.559999999999,372.2527272727272
16725,302,14,1688.26,120.59
16736,505,5,2956.5600000000004,591.3120000000001
16738,297,1,3.75,3.75
16744,11,7,1291.91,184.55857142857144
16745,86,17,7180.699999999999,422.39411764705875
16746,4,42,18046.749999999996,429.68452380952374
16749,591,2,4157.88,2078.94
16752,372,1,207.5,207.5
16753,58,1,223.92000000000002,223.92000000000002
16761,96,1,316.62,316.62
16763,198,2,964.7,482.35
16764,3,13,2790.9499999999994,214.6884615384615
16766,273,2,1145.6,572.8
16771,33,10,3949.6,394.96
16774,67,8,1567.48,195.935
16775,10,16,2820.8400000000006,176.30250000000004
16784,19,5,892.33,178.466
16789,8,1,80.8,80.8
16790,3,6,1545.6200000000001,257.60333333333335
16794,1,15,2052.7000000000003,136.8466666666667
16797,393,5,1802.02,360.404
16801,163,4,1594.2299999999998,398.55749999999995
16819,465,2,182.59,91.295
16820,95,1,497.61,497.61
16821,381,1,113.35,113.35
16823,227,7,2243.0899999999997,320.4414285714285
16828,93,2,128.5,64.25
16832,184,5,417.61,83.522
16835,128,6,1456.6599999999999,242.77666666666664
16844,562,2,614.34,307.17
16847,43,2,614.8900000000001,307.44500000000005
16849,186,1,124.57,124.57
16852,10,2,144.91,72.455
16857,442,1,352.8,352.8
16862,547,4,662.33,165.5825
16872,77,6,1213.13,202.18833333333336
16873,4,12,14617.39,1218.1158333333333
16874,379,1,209.89000000000001,209.89000000000001
16877,12,6,846.6200000000001,141.10333333333335
16881,66,1,432.0,432.0
16882,66,3,705.12,235.04
16885,15,4,684.5999999999999,171.14999999999998
16887,35,3,658.17,219.39
16891,1,11,1727.94,157.08545454545455
16894,502,3,1306.96,435.65333333333336
16898,26,5,885.2099999999999,177.04199999999997
16906,81,7,1410.9199999999998,201.55999999999997
16907,29,9,1470.8899999999999,163.4322222222222
16908,722,1,252.59,252.59
16909,72,1,379.14,379.14
16920,411,1,355.45,355.45
16924,21,3,829.89,276.63
16927,115,3,543.05,181.01666666666665
16931,5,23,5032.22,218.79217391304348
16932,53,3,412.55,137.51666666666668
16937,499,1,196.25,196.25
16939,488,3,433.85,144.61666666666667
16942,12,9,1904.99,211.66555555555556
16943,211,5,1299.4899999999998,259.89799999999997
16946,383,5,1222.04,244.408
16951,134,3,1277.75,425.9166666666667
16956,17,1,308.74,308.74
16958,435,1,778.49,778.49
16968,4,2,439.43,219.715
16977,395,4,496.0,124.0
16986,29,11,4888.75,444.4318181818182
16987,3,11,2521.3999999999996,229.2181818181818
16989,7,6,1133.25,188.875
16991,421,1,1041.21,1041.21
16996,30,9,2123.61,235.95666666666668
16998,149,5,402.0,80.4
17004,46,4,2324.36,581.09
17008,429,1,81.36,81.36
17017,2,29,12576.990000000002,433.6893103448276
17023,417,3,800.18,266.72666666666663
17030,63,1,146.87,146.87
17033,86,4,1332.79,333.1975
17034,16,5,1276.42,255.28400000000002
17036,383,1,176.9,176.9
17039,604,1,1954.99,1954.99
17040,137,2,463.25,231.625
17044,25,12,11962.300000000001,996.8583333333335
17047,85,6,2289.2299999999996,381.53833333333324
17049,2,19,9942.53,523.291052631579
17052,28,1,399.09,399.09
17054,28,5,1356.33,271.26599999999996
17056,738,1,128.60000000000002,128.60000000000002
17057,596,1,294.74,294.74
17058,81,3,1179.89,393.2966666666667
17062,313,6,889.7499999999999,148.29166666666666
17064,58,3,855.45,285.15000000000003
17069,28,14,5517.23,394.0878571428571
17071,28,13,3793.71,291.82384615384615
17073,17,4,1446.0900000000001,361.52250000000004
17078,36,2,378.2,189.1
17087,737,1,221.53,221.53
17088,28,4,1991.01,497.7525
17091,2,19,7495.75,394.5131578947368
17094,322,2,402.2,201.1
17096,15,11,3697.93,336.17545454545456
17097,2,9,1143.3600000000001,127.04000000000002
17102,261,1,25.5,25.5
17106,389,1,481.58,481.58
17110,165,3,499.9,166.63333333333333
17111,47,2,459.58000000000004,229.79000000000002
17114,5,8,801.12,100.14
17120,233,1,307.46,307.46
17122,119,4,570.5,142.625
17125,50,1,230.5,230.5
17132,452,2,1220.9099999999999,610.4549999999999
17136,662,1,231.68,231.68
17145,512,4,3120.91,780.2275
17146,105,13,5852.64,450.20307692307694
17150,376,6,1357.95,226.32500000000002
17152,194,4,2016.5,504.125
17157,7,19,5151.9,271.15263157894736
17159,21,5,2099.59,419.918
17162,28,10,1715.4599999999998,171.546
17169,57,3,1156.73,385.57666666666665
17173,5,8,3766.6000000000004,470.82500000000005
17177,505,1,119.5,119.5
17180,56,11,2236.77,203.34272727272727
17184,569,2,198.41000000000003,99.20500000000001
17185,591,3,229.46,76.48666666666666
17187,226,2,467.71,233.855
17193,35,9,2310.04,256.6711111111111
17203,35,10,5564.09,556.409
17208,395,1,111.15,111.15
17217,234,2,210.1,105.05
17224,501,1,100.86,100.86
17237,11,4,994.13,248.5325
17242,108,5,2889.2799999999997,577.856
17247,15,1,280.09000000000003,280.09000000000003
17252,116,2,348.90999999999997,174.45499999999998
17257,436,2,189.78,94.89
17258,396,2,417.30000000000007,208.65000000000003
17262,52,11,2488.76,226.25090909090912
17265,138,2,550.01,275.005
17270,469,2,601.45,300.725
17282,130,5,2308.54,461.70799999999997
17287,26,21,3826.8600000000006,182.2314285714286
17291,308,1,550.8000000000001,550.8000000000001
17292,472,2,271.75,135.875
17295,28,3,547.0,182.33333333333334
17296,730,1,338.13,338.13
17299,11,6,993.23,165.53833333333333
17301,21,2,294.39,147.195
17303,361,1,250.04,250.04
17304,534,1,111.5,111.5
17314,24,17,4904.43,288.4958823529412
17316,420,1,124.45,124.45
17317,46,3,2600.34,866.7800000000001
17319,669,1,29.1,29.1
17320,100,6,2444.85,407.47499999999997
17324,17,12,2171.0699999999997,180.92249999999999
17325,280,3,609.5699999999999,203.18999999999997
17328,673,1,104.7,104.7
17332,528,5,838.2700000000001,167.65400000000002
17343,355,6,1259.94,209.99
17344,46,2,457.36,228.68
17347,86,1,228.96,228.96
17352,696,1,36.25,36.25
17354,50,4,3133.96,783.49
17373,40,7,1167.5,166.78571428571428
17381,8,38,36398.649999999994,957.8592105263157
17382,65,8,902.28,112.785
17395,508,1,97.5,97.5
17396,39,14,8409.599999999999,600.6857142857142
17398,114,3,653.38,217.79333333333332
17410,16,5,1214.7199999999998,242.94399999999996
17413,404,2,560.14,280.07
17416,29,22,17298.449999999997,786.2931818181817
17422,16,11,3594.76,326.79636363636365
17423,46,3,1118.95,372.98333333333335
17428,0,45,31466.76,699.2613333333333
17432,18,9,1728.9899999999998,192.10999999999999
17435,411,1,331.35,331.35
17439,655,1,325.74,325.74
17447,40,2,541.53,270.765
17449,2,13,4868.15,374.4730769230769
17451,1,7,1721.4,245.91428571428574
17457,126,14,5984.810000000001,427.4864285714287
17465,425,7,2542.79,363.2557142857143
17467,395,1,102.6,102.6
17468,10,3,194.8,64.93333333333334
17474,599,1,1047.0,1047.0
17479,632,1,389.26000000000005,389.26000000000005
17487,728,1,160.55,160.55
17493,385,1,100.91000000000001,100.91000000000001
17501,220,2,288.6,144.3
17505,161,5,2435.48,487.096
17506,75,1,302.2,302.2
17507,261,2,605.5799999999999,302.78999999999996
17511,2,60,172132.86999999994,2868.8811666666656
17515,31,9,1602.5100000000002,178.0566666666667
17518,425,2,329.42,164.71
17519,17,15,4774.17,318.278
17524,361,3,539.14,179.71333333333334
17526,4,12,3939.2400000000002,328.27000000000004
17529,610,2,1240.25,620.125
17531,190,3,1266.82,422.2733333333333
17537,29,2,887.6700000000001,443.83500000000004
17542,269,3,340.85,113.61666666666667
17544,390,3,944.82,314.94
17551,359,1,290.34,290.34
17556,205,2,300.67,150.335
17559,512,1,167.62,167.62
17563,578,2,392.38,196.19
17566,8,2,869.77,434.885
17567,7,9,4838.08,537.5644444444445
17571,50,5,1630.9099999999999,326.18199999999996
17573,29,3,380.6,126.86666666666667
17577,645,2,348.75,174.375
17580,252,5,541.02,108.204
17587,628,1,176.71,176.71
17589,60,18,13837.939999999997,768.7744444444443
17601,239,2,413.08,206.54
17602,2,14,7354.43,525.3164285714286
17605,590,1,160.75,160.75
17608,33,4,488.06,122.015
17618,5,11,4001.64,363.7854545454545
17624,14,4,1568.63,392.1575
17625,18,8,5978.900000000001,747.3625000000001
17633,31,7,2057.3900000000003,293.9128571428572
17642,119,5,1824.49,364.898
17650,21,1,166.08,166.08
17667,66,9,3950.7,438.96666666666664
17670,227,1,205.7,205.7
17671,15,5,2009.1599999999999,401.832
17676,4,10,2448.64,244.86399999999998
17683,385,3,819.01,273.00333333333333
17685,16,12,5454.95,454.57916666666665
17699,476,2,442.0,221.0
17711,10,2,385.1,192.55
17716,22,24,15956.970000000001,664.8737500000001
17724,71,3,1033.0,344.3333333333333
17725,16,11,3439.0800000000004,312.6436363636364
17726,395,7,1092.06,156.00857142857143
17728,3,5,4238.76,847.7520000000001
17738,19,13,4183.5599999999995,321.8123076923076
17740,389,6,426.90000000000003,71.15
17741,406,2,101.10000000000001,50.550000000000004
17756,375,3,728.75,242.91666666666666
17760,21,6,746.3899999999999,124.39833333333331
17762,456,1,129.75,129.75
17772,10,3,360.75000000000006,120.25000000000001
17776,386,2,330.56,165.28
17781,159,2,188.01999999999998,94.00999999999999
17782,382,2,679.02,339.51
17783,72,3,376.96,125.65333333333332
17785,53,3,403.38,134.46
17797,22,8,1971.8700000000001,246.48375000000001
17802,82,10,4946.22,494.622
17807,395,3,437.87,145.95666666666668
17810,668,2,373.15999999999997,186.57999999999998
17813,14,5,1698.07,339.614
17817,4,6,788.1500000000001,131.35833333333335
17819,71,12,6021.049999999999,501.7541666666666
17822,420,5,2162.9300000000003,432.58600000000007
17825,598,4,701.96,175.49
17828,22,4,1820.0899999999997,455.0224999999999
17834,414,2,689.6700000000001,344.83500000000004
17840,443,1,175.9,175.9
17848,81,30,3559.1099999999997,118.63699999999999
17852,11,5,657.8100000000001,131.562
17869,107,7,813.64,116.23428571428572
17871,204,5,1068.95,213.79000000000002
17875,688,1,167.1,167.1
17876,399,3,3424.02,1141.34
17878,43,3,1378.93,459.6433333333334
17881,304,1,133.35000000000002,133.35000000000002
17887,129,1,111.35,111.35
17893,225,1,107.21,107.21
17894,71,18,2304.58,128.03222222222223
17902,546,1,216.39999999999998,216.39999999999998
17905,71,13,2178.87,167.6053846153846
17906,247,1,72.9,72.9
17909,737,1,110.05,110.05
17926,133,5,1035.49,207.098
17927,721,1,294.0,294.0
17930,35,13,4275.22,328.86307692307696
17937,8,7,4301.22,614.46
17938,420,1,144.29,144.29
17942,7,1,77.50000000000001,77.50000000000001
17951,39,4,1340.58,335.145
17955,198,6,949.8999999999999,158.31666666666663
17956,249,1,12.75,12.75
17962,142,4,666.9599999999999,166.73999999999998
17964,31,2,463.21,231.605
17971,548,1,161.94,161.94
17978,365,4,1159.9899999999998,289.99749999999995
17979,35,4,732.4100000000001,183.10250000000002
17983,395,1,171.71,171.71
17990,236,6,1527.6100000000001,254.6016666666667
17995,281,3,495.48,165.16
17999,37,3,528.46,176.15333333333334
18008,70,23,19759.079999999998,859.0904347826087
18017,81,4,688.0,172.0
18018,108,4,297.99,74.4975
18019,51,1,38.45,38.45
18025,379,6,1177.72,196.28666666666666
18026,500,2,2074.07,1037.035
18033,65,1,93.82000000000001,93.82000000000001
18037,154,15,167.42000000000002,11.161333333333335
18038,556,1,141.48,141.48
18039,374,4,548.22,137.055
18041,11,38,8018.769999999999,211.0202631578947
18042,53,2,281.15,140.575
18050,359,2,412.06000000000006,206.03000000000003
18051,634,7,2282.2799999999997,326.03999999999996
18053,70,3,571.0699999999999,190.35666666666665
18056,288,2,554.5999999999999,277.29999999999995
18060,408,2,1185.46,592.73
18061,21,28,6083.809999999999,217.2789285714285
18063,390,2,186.60000000000002,93.30000000000001
18065,5,29,5866.63,202.29758620689657
18069,26,11,4464.92,405.9018181818182
18070,669,1,314.1,314.1
18072,185,1,247.44,247.44
18086,274,1,101.34,101.34
18087,98,17,14761.52,868.324705882353
18095,312,5,2303.09,460.61800000000005
18100,550,1,451.56,451.56
18103,549,1,105.8,105.8
18115,697,1,9.700000000000001,9.700000000000001
18118,10,29,6221.02,214.51793103448279
18120,214,1,111.15,111.15
18122,8,6,1793.06,298.8433333333333
18133,212,1,931.4999999999999,931.4999999999999
18134,598,2,445.0,222.5
18136,63,5,1631.3600000000001,326.27200000000005
18138,295,1,152.65,152.65
18141,401,2,882.47,441.235
18151,134,6,1879.4399999999998,313.23999999999995
18156,12,2,675.64,337.82
18169,60,1,202.65,202.65
18172,14,52,17467.24,335.90846153846155
18179,9,8,2547.55,318.44375
18184,15,1,49.8,49.8
18185,249,1,304.25,304.25
18188,15,6,3280.59,546.765
18190,192,5,745.6200000000001,149.12400000000002
18191,261,2,529.4,264.7
18192,71,1,957.97,957.97
18196,95,4,1457.1899999999998,364.29749999999996
18201,722,1,447.53000000000003,447.53000000000003
18211,25,5,600.07,120.01400000000001
18212,326,2,514.37,257.185
18223,4,26,14000.849999999999,538.4942307692307
18224,263,1,158.95000000000002,158.95000000000002
18228,56,2,779.9,389.95
18230,9,9,4291.06,476.7844444444445
18231,192,28,6854.17,244.7917857142857
18235,71,3,1796.48,598.8266666666667
18239,218,6,1712.2599999999998,285.3766666666666
18247,414,3,839.73,279.91
18248,122,2,804.02,402.01
18266,434,1,251.1,251.1
18273,2,4,357.0,89.25
18276,43,6,1656.5200000000004,276.08666666666676
18280,277,2,488.15000000000003,244.07500000000002
18283,3,22,2664.9,121.13181818181819
18285,660,1,427.0,427.0
18287,42,7,4182.99,597.5699999999999
12351,375,1,300.93,300.93
12356,22,6,6371.7300000000005,1061.9550000000002
12360,52,8,4252.889999999999,531.6112499999999
12362,3,11,5356.23,486.92999999999995
12367,4,1,168.9,168.9
12368,628,1,917.6999999999999,917.6999999999999
12374,25,4,2989.2200000000003,747.3050000000001
12376,389,2,503.15,251.575
12378,129,2,5416.32,2708.16
12385,379,1,1938.4,1938.4
12398,45,1,1635.6599999999999,1635.6599999999999
12408,32,8,4340.7699999999995,542.5962499999999
12413,66,4,999.45,249.8625
12414,217,6,952.41,158.73499999999999
12419,385,2,503.01,251.505
12420,63,1,600.39,600.39
12422,95,17,5231.8,307.7529411764706
12425,78,2,1741.41,870.705
12426,194,2,1345.21,672.605
12432,42,5,5059.320000000001,1011.8640000000001
12433,0,10,16794.14,1679.414
12437,1,39,12683.4,325.2153846153846
12438,14,2,2906.85,1453.425
12440,462,2,859.2,429.6
12441,366,1,173.55,173.55
12451,10,8,12669.88,1583.735
12455,73,10,5879.95,587.995
12460,456,1,326.65,326.65
12467,423,1,132.8,132.8
12473,29,5,3928.05,785.61
12475,53,2,1149.6399999999999,574.8199999999999
12479,11,1,527.2,527.2
12481,22,15,12185.509999999997,812.3673333333331
12483,17,19,5097.179999999999,268.2726315789473
12485,529,1,708.1,708.1
12497,81,3,6248.5,2082.8333333333335
12498,21,3,403.7,134.56666666666666
12499,560,1,393.72,393.72
12507,134,4,1844.06,461.015
12515,353,1,383.7,383.7
12517,28,5,2481.6,496.32
12521,142,1,599.68,599.68
12531,14,2,1933.2,966.6
12532,30,1,349.83000000000004,349.83000000000004
12537,408,1,732.94,732.94
12540,19,33,22254.490000000005,674.378484848485
12546,46,2,1161.5,580.75
12547,197,3,383.58,127.86
12548,166,1,95.19999999999999,95.19999999999999
12551,357,1,168.0,168.0
12554,448,1,468.5,468.5
12558,7,1,269.96,269.96
12561,302,1,238.85,238.85
12580,246,2,1052.9,526.45
12584,3,9,2338.1499999999996,259.7944444444444
12590,211,2,9864.26,4932.13
12593,108,3,418.1,139.36666666666667
12596,51,2,618.27,309.135
12598,9,11,4534.09,412.19
12607,60,1,1579.51,1579.51
12610,22,5,2099.54,419.908
12612,74,1,704.0400000000001,704.0400000000001
12616,95,3,1131.1,377.0333333333333
12619,16,10,3781.3799999999997,378.138
12622,232,1,180.1,180.1
12629,385,2,1558.22,779.11
12635,89,4,2930.41,732.6025
12639,238,3,1312.37,437.45666666666665
12643,128,12,8304.82,692.0683333333333
12651,334,4,377.75,94.4375
12652,331,2,1017.03,508.515
12656,17,8,6407.829999999999,800.9787499999999
12657,11,4,1643.1799999999998,410.79499999999996
12662,0,20,6726.54,336.327
12664,8,11,6070.04,551.8218181818182
12666,394,1,1248.42,1248.42
12675,553,2,957.25,478.625
12680,0,4,880.81,220.2025
12686,371,1,89.14,89.14
12687,480,2,2138.91,1069.455
12691,28,7,1170.4,167.20000000000002
12695,7,7,1407.12,201.01714285714283
12697,28,3,957.5899999999999,319.19666666666666
12703,71,4,1006.53,251.6325
12707,291,1,603.42,603.42
12708,29,18,5117.66,284.31444444444446
12719,5,2,644.95,322.475
12721,31,8,4013.08,501.635
12726,28,11,4014.6000000000004,364.9636363636364
12728,71,5,1070.17,214.03400000000002
12734,352,3,639.65,213.21666666666667
12735,315,2,779.5699999999999,389.78499999999997
12738,372,1,155.35,155.35
12749,3,9,6897.36,766.3733333333333
12750,128,1,275.88,275.88
12752,81,1,4366.78,4366.78
12761,457,2,782.95,391.475
12764,316,1,1693.88,1693.88
12767,375,1,949.82,949.82
12768,450,1,168.69000000000003,168.69000000000003
12773,564,1,124.25,124.25
12776,667,1,55.5,55.5
12780,598,1,337.4,337.4
12785,364,3,1100.4,366.8
12790,192,2,591.85,295.925
12802,186,7,2416.42,345.20285714285717
12807,383,1,330.35,330.35
12810,534,2,534.99,267.495
12813,501,3,1687.8,562.6
12819,458,1,540.52,540.52
12823,74,18,6501.5,361.19444444444446
12826,2,12,2800.75,233.39583333333334
12827,5,3,430.15,143.38333333333333
12829,336,3,385.3,128.43333333333334
12833,145,1,417.38,417.38
12837,173,2,662.6600000000001,331.33000000000004
12838,33,10,2975.91,297.591
12839,2,26,9669.12,371.8892307692308
12841,4,40,6958.199999999998,173.95499999999996
12844,29,4,648.6,162.15
12849,31,6,3042.47,507.0783333333333
12853,134,11,3907.4999999999995,355.2272727272727
12857,210,6,3688.0,614.6666666666666
12876,57,4,4081.79,1020.4475
12877,3,20,2942.1399999999994,147.10699999999997
12879,44,3,573.22,191.07333333333335
12880,381,2,640.13,320.065
12885,63,3,1175.2200000000003,391.74000000000007
12892,396,1,263.38,263.38
12894,575,1,157.35,157.35
12898,463,2,296.21000000000004,148.10500000000002
12902,264,1,138.68,138.68
12904,18,2,496.06,248.03
12907,395,2,508.90999999999997,254.45499999999998
12908,176,5,1776.0,355.2
12909,39,8,3103.19,387.89875
12913,4,13,6283.240000000001,483.3261538461539
12923,64,3,770.4200000000001,256.8066666666667
12925,4,3,729.33,243.11
12936,17,4,1063.9,265.975
12938,25,1,114.14,114.14
12942,131,3,675.5999999999999,225.19999999999996
12943,558,2,496.5,248.25
12944,35,2,604.51,302.255
12945,288,2,900.11,450.055
12947,143,6,1603.9899999999998,267.33166666666665
12952,5,4,1387.79,346.9475
12959,484,1,150.95,150.95
12960,413,4,1322.0700000000002,330.51750000000004
12962,7,2,266.39000000000004,133.19500000000002
12973,413,1,385.55,385.55
12987,73,5,1312.21,262.442
12988,292,1,505.82,505.82
12995,85,1,211.32,211.32
12998,492,3,920.08,306.6933333333333
13001,4,33,24042.65,728.5651515151516
13002,318,3,414.13,138.04333333333332
13007,579,1,175.25,175.25
13010,374,2,330.12,165.06
13018,16,35,9763.159999999996,278.9474285714285
13019,379,6,1229.9500000000003,204.9916666666667
13020,562,2,618.96,309.48
13024,470,2,555.87,277.935
13025,731,1,323.39,323.39
13026,1,9,1733.08,192.56444444444443
13027,113,19,17239.2,907.3263157894737
13029,30,5,1927.3,385.46
13031,407,5,3292.84,658.568
13035,73,3,1364.1999999999998,454.7333333333333
13037,138,12,3914.9500000000007,326.2458333333334
13042,598,3,1488.5900000000001,496.1966666666667
13043,273,1,516.42,516.42
13046,30,3,949.25,316.4166666666667
13048,14,9,4049.13,449.90333333333336
13060,253,1,307.53,307.53
13064,12,6,1666.84,277.8066666666667
13091,28,3,2321.82,773.94
13094,21,13,2209.44,169.9569230769231
13101,234,4,695.3999999999999,173.84999999999997
13102,1,37,11380.1,307.57027027027027
13106,133,2,603.46,301.73
13108,372,2,748.46,374.23
13112,541,1,20.6,20.6
13113,0,37,18230.07,492.7045945945946
13115,11,10,5494.700000000001,549.47
13119,668,1,134.9,134.9
13130,94,1,64.0,64.0
13131,23,7,3313.77,473.3957142857143
13133,273,3,200.45,66.81666666666666
13134,85,6,2475.23,412.53833333333336
13144,332,2,135.35,67.675
13151,295,3,2465.21,821.7366666666667
13152,417,7,2146.38,306.6257142857143
13153,5,1,486.22,486.22
13155,33,6,1370.48,228.41333333333333
13157,49,9,5687.360000000001,631.928888888889
13158,94,5,1508.1799999999998,301.63599999999997
13164,569,2,372.20000000000005,186.10000000000002
13165,46,3,1451.1599999999999,483.71999999999997
13178,26,21,14059.189999999999,669.4852380952381
13179,618,1,572.3100000000001,572.3100000000001
13182,45,1,121.18,121.18
13185,267,1,71.4,71.4
13186,39,3,1575.89,525.2966666666667
13189,18,2,260.68,130.34
13195,414,1,136.73,136.73
13198,10,8,4974.2300000000005,621.7787500000001
13199,3,67,15964.209999999997,238.27179104477608
13207,15,4,535.86,133.965
13208,58,9,1976.3000000000002,219.5888888888889
13212,19,3,786.83,262.2766666666667
13221,240,2,847.4100000000001,423.70500000000004
13233,74,4,1176.46,294.115
13234,672,2,346.5,173.25
13236,24,2,744.85,372.425
13238,17,6,1006.63,167.77166666666668
13239,261,5,1594.69,318.938
13244,92,1,121.74000000000001,121.74000000000001
13249,92,9,1608.9300000000003,178.77000000000004
13253,156,4,2951.11,737.7775
13257,436,1,149.75,149.75
13259,61,9,1402.5400000000002,155.8377777777778
13260,61,1,557.62,557.62
13264,442,1,722.5600000000001,722.5600000000001
13266,11,19,6135.04,322.89684210526315
13280,122,7,2293.33,327.61857142857144
13292,38,5,994.5100000000001,198.90200000000002
13299,268,3,1218.7,406.23333333333335
13305,4,16,3616.41,226.025625
13310,28,5,1541.2000000000003,308.24000000000007
13312,451,1,124.75,124.75
13313,22,12,3445.32,287.11
13314,1,3,775.94,258.6466666666667
13317,66,19,6486.091,341.3732105263158
13320,78,6,2211.6,368.59999999999997
13323,3,5,787.8499999999999,157.57
13328,316,1,1308.48,1308.48
13333,411,3,1015.7400000000001,338.58000000000004
13336,77,1,795.12,795.12
13340,45,12,22100.56,1841.7133333333334
13343,177,1,353.43,353.43
13349,10,1,247.32,247.32
13350,16,2,979.1200000000001,489.56000000000006
13354,71,1,743.53,743.53
13355,122,1,674.7,674.7
13362,9,7,5394.07,770.5814285714285
13364,71,1,134.95999999999998,134.95999999999998
13370,371,1,754.87,754.87
13371,505,2,2297.66,1148.83
13376,99,3,1019.76,339.92
13377,396,2,1552.88,776.44
13380,432,1,62.4,62.4
13383,543,1,305.28000000000003,305.28000000000003
13391,203,1,59.8,59.8
13392,677,1,91.14,91.14
13400,582,1,310.83,310.83
13402,127,4,1226.8500000000001,306.71250000000003
13403,17,3,229.5,76.5
13405,74,6,1213.8110000000001,202.30183333333335
13415,472,4,784.1700000000001,196.04250000000002
13417,4,6,1669.49,278.24833333333333
13420,149,2,159.85,79.925
13421,40,8,4058.75,507.34375
13424,449,1,572.77,572.77
13426,0,22,8167.379999999998,371.2445454545454
13428,10,3,478.53999999999996,159.51333333333332
13433,501,4,658.3199999999999,164.57999999999998
13434,74,5,1666.8600000000001,333.372
13435,5,9,4447.33,494.1477777777778
13436,1,1,196.89,196.89
13445,626,1,241.89999999999998,241.89999999999998
13449,23,1,291.88,291.88
13452,259,3,729.8,243.26666666666665
13453,165,3,781.69,260.56333333333333
13454,641,1,219.87,219.87
13456,17,6,1766.7200000000003,294.4533333333334
13467,10,2,1071.9099999999999,535.9549999999999
13468,1,72,12793.279999999997,177.6844444444444
13476,178,5,2061.4700000000003,412.29400000000004
13478,469,5,2215.7799999999997,443.15599999999995
13482,232,2,336.09,168.045
13486,78,3,1122.4099999999999,374.1366666666666
13488,17,23,14205.960000000001,617.6504347826087
13490,654,1,154.25,154.25
13496,10,2,653.3299999999999,326.66499999999996
13497,282,6,1166.83,194.47166666666666
13506,316,5,1338.08,267.616
13507,3,4,2479.16,619.79
13517,59,3,2128.42,709.4733333333334
13519,78,2,343.21000000000004,171.60500000000002
13520,58,11,6606.0,600.5454545454545
13521,1,3,1071.73,357.24333333333334
13525,14,2,628.78,314.39
13526,738,2,1182.0,591.0
13541,427,2,785.25,392.625
13543,634,2,1439.6100000000001,719.8050000000001
13548,96,3,901.4399999999999,300.47999999999996
13549,25,8,1005.8000000000001,125.72500000000001
13550,383,1,342.55,342.55
13551,319,2,244.2,122.1
13559,512,2,990.0,495.0
13562,81,8,4838.18,604.7725
13564,144,37,16498.969999999998,445.918108108108
13568,173,1,187.05,187.05
13570,243,1,239.49,239.49
13573,50,6,904.52,150.75333333333333
13584,306,3,385.70000000000005,128.5666666666667
13585,530,3,684.54,228.17999999999998
13588,15,9,2478.9499999999994,275.4388888888888
13593,108,14,5493.29,392.3778571428571
13599,1,33,9811.04,297.30424242424243
13600,312,2,518.42,259.21
13603,26,1,164.34,164.34
13605,387,2,522.6700000000001,261.33500000000004
13609,593,1,167.35,167.35
13612,632,1,818.29,818.29
13613,452,5,1039.85,207.96999999999997
13616,568,2,283.85,141.925
13617,40,8,1278.75,159.84375
13622,696,1,658.95,658.95
13624,388,1,462.08,462.08
13630,5,7,2031.78,290.2542857142857
13636,36,5,949.1200000000001,189.824
13638,15,1,122.64,122.64
13639,74,2,1346.27,673.135
13650,16,10,3288.0,328.8
13656,164,4,1078.8500000000001,269.71250000000003
13663,179,5,2047.51,409.502
13672,301,3,419.92,139.97333333333333
13673,18,2,387.44,193.72
13687,438,1,11880.84,11880.84
13701,446,1,161.0,161.0
13708,271,1,285.33,285.33
13713,408,3,740.76,246.92
13723,217,6,1194.08,199.01333333333332
13725,49,8,1980.56,247.57
13726,38,2,1079.66,539.83
13727,28,8,1074.15,134.26875
13730,135,2,752.5999999999999,376.29999999999995
13733,410,2,487.03000000000003,243.51500000000001
13738,396,1,434.78000000000003,434.78000000000003
13739,18,2,292.2,146.1
13741,71,3,668.4300000000001,222.81000000000003
13746,413,1,176.69,176.69
13756,2,23,8655.949999999999,376.345652173913
13758,11,15,8698.13,579.8753333333333
13759,33,2,659.4100000000001,329.70500000000004
13760,54,5,1363.6399999999999,272.72799999999995
13767,2,73,33903.57,464.43246575342465
13768,726,2,875.97,437.985
13770,422,4,785.37,196.3425
13771,64,9,5728.819999999999,636.5355555555554
13776,428,2,623.98,311.99
13777,0,61,49638.26000000001,813.7419672131149
13782,12,13,1786.0799999999997,137.3907692307692
13787,75,6,1222.5,203.75
13795,388,4,836.3000000000001,209.07500000000002
13801,66,1,324.8,324.8
13805,52,2,924.6,462.3
13811,183,3,814.5,271.5
13812,42,3,539.0,179.66666666666666
13816,23,2,571.6700000000001,285.83500000000004
13818,429,1,61.28,61.28
13823,18,7,3403.45,486.20714285714286
13825,621,2,255.59000000000003,127.79500000000002
13837,211,2,266.59000000000003,133.29500000000002
13844,11,1,361.62,361.62
13848,92,8,3015.0,376.875
13850,129,1,1595.48,1595.48
13855,500,4,1310.34,327.585
13863,247,4,1239.5500000000002,309.88750000000005
13867,31,3,1005.09,335.03000000000003
13879,645,1,395.5,395.5
13881,3,43,45179.100000000006,1050.6767441860466
13884,7,10,1825.0300000000002,182.50300000000001
13887,204,1,349.55,349.55
13889,92,6,1991.2300000000002,331.8716666666667
13890,1,14,2927.3799999999997,209.0985714285714
13901,72,15,5676.340000000001,378.4226666666667
13909,423,2,282.84999999999997,141.42499999999998
13911,57,20,4234.99,211.74949999999998
13916,463,4,1275.81,318.9525
13920,431,4,1774.6799999999998,443.66999999999996
13924,1,6,1838.85,306.47499999999997
13925,92,4,678.25,169.5625
13929,169,11,3494.0999999999995,317.64545454545447
13939,23,7,1560.9599999999998,222.9942857142857
13942,534,1,320.0,320.0
13945,394,2,854.15,427.075
13947,65,1,90.6,90.6
13949,2,6,2427.32,404.55333333333334
13952,217,14,12823.520999999999,915.9657857142856
13961,392,1,538.4,538.4
13962,21,3,362.8,120.93333333333334
13964,387,2,438.9,219.45
13967,145,2,166.3,83.15
13986,17,1,320.46,320.46
13990,213,1,311.3,311.3
13993,42,19,6775.71,356.6163157894737
13994,3,6,2274.14,379.0233333333333
14001,45,9,4228.85,469.87222222222226
14005,9,5,2874.7200000000003,574.9440000000001
14008,432,1,509.04,509.04
14011,480,2,457.82,228.91
14015,52,1,917.34,917.34
14020,16,4,1249.01,312.2525
14025,464,8,4057.9,507.2375
14027,60,1,104.82,104.82
14028,550,3,10396.5,3465.5
14031,7,44,39019.51,886.8070454545455
14035,28,9,2794.75,310.52777777777777
14037,176,6,836.9499999999999,139.49166666666665
14039,33,2,267.28,133.64
14040,40,35,12523.810000000001,357.8231428571429
14045,109,16,10986.63,686.664375
14057,23,22,8346.660000000002,379.39363636363646
14061,507,3,917.4300000000001,305.81
14062,9,24,25585.65,1066.0687500000001
14077,40,6,615.0799999999999,102.51333333333332
14079,124,2,618.73,309.365
14081,302,10,4867.57,486.75699999999995
14087,2,3,829.47,276.49
14095,722,1,2.95,2.95
14096,4,17,65164.78999999999,3833.22294117647
14105,239,5,5988.83,1197.766
14107,51,11,4877.3,443.39090909090913
14109,72,1,144.2,144.2
14110,3,33,12987.95,393.57424242424247
14113,3,16,7092.610000000001,443.28812500000004
14114,273,7,1364.0900000000001,194.87000000000003
14116,19,5,1382.74,276.548
14118,428,1,458.45,458.45
14121,3,4,2780.15,695.0375
14122,406,3,362.41999999999996,120.80666666666666
14124,84,1,419.58000000000004,419.58000000000004
14125,10,3,2720.63,906.8766666666667
14126,7,4,1172.46,293.115
14127,122,6,1900.08,316.68
14129,1,9,2591.34,287.9266666666667
14132,2,11,3586.0299999999997,326.00272727272727
14133,129,4,911.14,227.785
14138,1,2,965.8800000000001,482.94000000000005
14144,486,1,30.599999999999998,30.599999999999998
14145,46,7,7600.049999999999,1085.7214285714285
14149,220,1,446.62,446.62
14152,75,7,1997.3400000000001,285.3342857142857
14153,483,1,233.4,233.4
14155,266,1,118.75,118.75
14159,19,20,7860.8,393.04
14165,275,1,120.44,120.44
14168,420,2,370.45,185.225
14172,605,3,369.02,123.00666666666666
14175,59,8,7678.879999999999,959.8599999999999
14179,40,2,701.57,350.785
14187,473,1,123.5,123.5
14188,30,6,2054.36,342.3933333333334
14189,2,16,5503.15,343.946875
14193,67,3,1210.19,403.3966666666667
14203,397,1,339.34,339.34
14204,2,4,1024.83,256.2075
14208,94,2,567.05,283.525
14209,10,15,4993.27,332.8846666666667
14212,89,2,2190.14,1095.07
14219,4,3,633.8299999999999,211.27666666666664
14220,247,4,1515.0,378.75
14222,177,1,683.17,683.17
14223,92,3,991.1299999999999,330.3766666666666
14224,110,9,1841.71,204.63444444444445
14225,434,4,2031.07,507.7675
14228,437,3,745.5,248.5
14235,75,9,4717.990000000001,524.2211111111112
14243,8,17,7217.749999999999,424.57352941176464
14259,141,1,120.0,120.0
14262,8,8,2618.2299999999996,327.27874999999995
14268,470,1,354.85,354.85
14270,331,1,492.65000000000003,492.65000000000003
14273,51,4,559.9699999999999,139.99249999999998
14282,3,25,7250.76,290.0304
14286,23,7,8479.759999999998,1211.3942857142854
14288,213,1,426.6,426.6
14290,11,8,4516.5599999999995,564.5699999999999
14292,7,16,9226.249999999998,576.6406249999999
14294,407,1,375.34,375.34
14297,17,4,1305.33,326.3325
14298,8,82,91194.48999999999,1112.1279268292683
14299,8,27,14070.250000000002,521.1203703703704
14301,117,4,1992.1799999999998,498.04499999999996
14305,71,3,1858.96,619.6533333333333
14306,51,6,3151.4000000000005,525.2333333333335
14309,8,11,3780.8099999999995,343.71
14314,106,2,229.8,114.9
14316,422,5,1370.34,274.068
14317,64,1,508.58000000000004,508.58000000000004
14320,206,5,1346.75,269.35
14323,114,2,605.06,302.53
14328,438,1,445.05,445.05
14329,17,15,9887.620000000003,659.1746666666669
14334,16,12,4318.48,359.8733333333333
14338,161,3,928.1,309.3666666666667
14340,218,1,134.7,134.7
14343,421,4,1079.66,269.915
14344,127,20,2993.05,149.6525
14345,38,1,108.97999999999999,108.97999999999999
14347,736,1,82.6,82.6
14355,365,3,840.0500000000001,280.0166666666667
14358,389,2,400.05999999999995,200.02999999999997
14359,19,3,912.1800000000001,304.06
14361,578,1,214.70999999999998,214.70999999999998
14366,525,1,136.0,136.0
14367,8,16,9227.82,576.73875
14370,450,6,1175.7800000000002,195.96333333333337
14371,295,1,100.5,100.5
14374,541,1,108.0,108.0
14375,185,3,1106.82,368.94
14381,52,2,625.94,312.97
14382,26,2,1193.63,596.815
14385,9,3,202.10999999999999,67.36999999999999
14387,32,3,1727.6,575.8666666666667
14394,564,1,93.8,93.8
14395,2,20,7801.93,390.0965
14404,33,13,2724.13,209.54846153846154
14406,119,1,156.75,156.75
14407,107,6,2157.73,359.62166666666667
14408,10,11,4102.27,372.9336363636364
14417,387,1,524.65,524.65
14421,57,6,2469.37,411.56166666666667
14423,218,3,916.6099999999999,305.53666666666663
14426,23,17,11727.94,689.8788235294118
14430,511,3,1220.9,406.9666666666667
14431,302,4,2614.2000000000003,653.5500000000001
14442,204,7,5367.0199999999995,766.7171428571428
14443,53,5,2082.97,416.59399999999994
14450,180,7,1128.44,161.2057142857143
14452,10,4,658.95,164.7375
14460,110,9,1093.5,121.5
14463,98,4,786.5699999999999,196.64249999999998
14467,17,12,2203.24,183.60333333333332
14471,591,2,400.95,200.475
14472,103,9,2118.7200000000003,235.41333333333336
14477,19,7,1969.6,281.37142857142857
14481,164,5,2284.69,456.938
14485,38,1,162.8,162.8
14487,26,7,1266.27,180.8957142857143
14488,67,1,1064.28,1064.28
14506,17,7,2960.25,422.89285714285717
14508,22,5,822.9199999999998,164.58399999999997
14511,11,5,1314.81,262.962
14520,1,2,270.6,135.3
14521,491,1,199.45000000000002,199.45000000000002
14523,108,1,241.09,241.09
14524,31,13,2909.8600000000006,223.83538461538467
14526,389,1,258.65,258.65
14532,236,11,3845.7800000000007,349.6163636363637
14536,259,1,170.95,170.95
14541,58,14,2491.38,177.9557142857143
14542,185,1,103.25,103.25
14550,10,4,1345.06,336.265
14551,18,7,878.0899999999999,125.44142857142856
14554,10,4,2279.4900000000002,569.8725000000001
14555,57,6,2304.0299999999997,384.00499999999994
14559,390,1,75.6,75.6
14565,95,5,3859.2200000000003,771.844
14567,56,2,1530.3600000000001,765.1800000000001
14570,280,3,613.75,204.58333333333334
14575,488,1,420.22,420.22
14576,372,1,35.400000000000006,35.400000000000006
14580,518,1,14.850000000000001,14.850000000000001
14582,40,1,114.11,114.11
14585,50,5,1143.27,228.654
14590,424,20,2993.3699999999994,149.66849999999997
14593,21,12,3665.53,305.46083333333337
14597,11,6,2184.6299999999997,364.10499999999996
14599,390,2,457.89,228.945
14601,10,1,213.96,213.96
14605,374,4,921.5600000000001,230.39000000000001
14608,4,11,3352.94,304.8127272727273
14611,443,2,604.3299999999999,302.16499999999996
14612,415,1,877.7,877.7
14614,386,1,295.13,295.13
14617,402,2,190.47000000000003,95.23500000000001
14623,32,10,2016.98,201.698
14628,91,5,1998.0,399.6
14632,262,1,114.56,114.56
14643,170,5,1679.8899999999999,335.97799999999995
14651,67,9,2025.52,225.05777777777777
14667,10,54,20395.339999999997,377.6914814814814
14671,549,2,1127.45,563.725
14675,16,2,1015.58,507.79
14684,25,6,1430.0300000000002,238.33833333333337
14690,44,4,777.6800000000001,194.42000000000002
14691,30,5,2114.33,422.866
14692,137,12,1715.14,142.92833333333334
14696,4,8,2473.28,309.16
14697,218,2,188.60999999999999,94.30499999999999
14699,214,4,702.6,175.65
14700,32,5,3076.06,615.212
14701,10,15,4487.11,299.1406666666666
14702,1,29,6368.78,219.61310344827587
14703,14,1,318.17,318.17
14705,198,1,179.0,179.0
14711,10,11,2839.6200000000003,258.14727272727276
14716,43,3,543.28,181.09333333333333
14718,410,1,226.42,226.42
14722,147,3,489.52000000000004,163.17333333333335
14723,10,11,1803.06,163.91454545454545
14724,590,1,341.9,341.9
14726,654,1,116.5,116.5
14727,274,3,463.73,154.57666666666668
14736,485,2,374.04999999999995,187.02499999999998
14739,4,25,11573.619999999999,462.9448
14744,16,14,3660.08,261.4342857142857
14750,736,1,112.03,112.03
14753,87,2,869.51,434.755
14754,44,6,1547.93,257.98833333333334
14761,58,3,447.91999999999996,149.30666666666664
14764,46,1,278.3,278.3
14774,528,1,241.45,241.45
14775,58,3,1011.9000000000001,337.3
14783,659,1,307.3,307.3
14784,26,3,449.93,149.97666666666666
14786,550,1,90.96,90.96
14790,16,10,2526.6200000000003,252.66200000000003
14799,51,2,338.15,169.075
14801,61,1,189.34,189.34
14825,3,24,4735.08,197.295
14826,581,2,385.20000000000005,192.60000000000002
14828,196,13,9839.46,756.8815384615384
14830,53,1,188.88,188.88
14842,43,4,2824.69,706.1725
14845,599,1,150.0,150.0
14863,29,1,266.76,266.76
14868,3,12,4184.009999999999,348.66749999999996
14869,8,6,2778.14,463.0233333333333
14870,261,6,1838.9499999999998,306.4916666666666
14873,210,2,854.1299999999999,427.06499999999994
14874,535,1,116.18,116.18
14876,521,2,256.7,128.35
14877,418,2,425.85,212.925
14878,12,25,4076.5,163.06
14880,77,3,690.5899999999999,230.19666666666663
14881,19,1,255.4,255.4
14883,18,6,761.59,126.93166666666667
14884,669,1,120.6,120.6
14888,207,1,369.2,369.2
14889,336,1,135.9,135.9
14891,148,4,1106.73,276.6825
14894,85,3,1492.81,497.6033333333333
14908,74,2,381.90000000000003,190.95000000000002
14917,596,2,1123.75,561.875
14924,245,3,931.01,310.33666666666664
14927,396,1,308.2,308.2
14943,663,1,107.62,107.62
14948,23,6,1101.97,183.66166666666666
14953,25,4,971.3199999999999,242.82999999999998
14959,64,4,695.42,173.855
14960,8,2,221.26999999999998,110.63499999999999
14964,247,1,206.21,206.21
14968,30,2,501.24,250.62
14970,68,12,4919.35,409.9458333333334
14980,737,1,150.68,150.68
14981,246,2,372.92,186.46
14993,563,1,36.13,36.13
14997,46,4,776.5999999999999,194.14999999999998
15000,47,1,490.52,490.52
15001,394,2,199.10999999999999,99.55499999999999
15002,115,9,4138.08,459.78666666666663
15009,12,3,1259.4299999999998,419.80999999999995
15024,9,16,3559.3899999999994,222.46187499999996
15025,33,2,979.79,489.895
15026,80,5,1048.89,209.77800000000002
15030,71,8,1979.91,247.48875
15034,15,14,8231.2,587.9428571428572
15036,72,3,429.56,143.18666666666667
15038,58,9,1146.53,127.39222222222222
15039,9,93,39141.48000000001,420.8761290322582
15044,19,35,16024.149999999998,457.8328571428571
15047,269,1,343.62,343.62
15048,65,4,381.0,95.25
15053,4,3,693.95,231.3166666666667
15059,40,19,3491.1999999999994,183.74736842105258
15060,8,4,294.25,73.5625
15062,71,8,2585.6200000000003,323.20250000000004
15065,37,5,3326.86,665.3720000000001
15069,179,1,1109.53,1109.53
15071,93,4,1455.5600000000002,363.89000000000004
15072,479,1,187.51999999999998,187.51999999999998
15074,105,3,1553.1299999999999,517.7099999999999
15075,77,1,773.03,773.03
15076,172,3,1447.7400000000002,482.5800000000001
15077,494,2,2428.08,1214.04
15078,7,53,17286.730000000007,326.1647169811322
15084,379,2,965.1999999999999,482.59999999999997
15085,729,1,347.54,347.54
15092,215,3,776.4599999999999,258.82
15094,463,2,83.0,41.5
15096,42,1,219.39000000000001,219.39000000000001
15098,182,3,39916.5,13305.5
15101,8,6,1477.9399999999998,246.3233333333333
15102,530,2,554.67,277.335
15112,611,1,209.4,209.4
15113,9,3,3509.43,1169.81
15114,30,12,3400.12,283.3433333333333
15120,133,1,358.82,358.82
15124,22,4,450.82,112.705
15126,536,2,449.49,224.745
15128,60,5,1783.68,356.736
15131,394,1,80.28,80.28
15133,127,5,1806.9,361.38
15135,239,2,305.68,152.84
15136,2,4,1286.7,321.675
15151,423,2,2085.61,1042.805
15152,9,14,5263.830000000001,375.9878571428572
15153,31,1,329.25,329.25
15155,383,1,383.96999999999997,383.96999999999997
15170,406,1,81.15,81.15
15176,667,1,988.04,988.04
15179,18,13,7491.92,576.3015384615385
15196,432,2,313.7,156.85
15197,10,6,1877.5100000000002,312.91833333333335
15198,92,5,571.35,114.27000000000001
15214,1,8,1661.4400000000003,207.68000000000004
15219,176,2,685.45,342.725
15220,51,6,1778.9600000000003,296.4933333333334
15223,225,5,1417.95,283.59000000000003
15232,113,2,612.06,306.03
15237,1,4,1412.32,353.08
15238,29,3,1071.99,357.33
15240,44,12,4459.98,371.66499999999996
15241,66,11,3050.16,277.2872727272727
15242,422,1,302.04,302.04
15252,36,5,2103.41,420.68199999999996
15253,16,8,2055.0899999999997,256.88624999999996
15260,100,25,8767.729999999998,350.7091999999999
15263,106,1,156.51,156.51
15264,64,2,848.4000000000001,424.20000000000005
15267,22,5,1717.36,343.472
15275,37,1,615.14,615.14
15290,4,26,10496.28,403.70307692307694
15295,654,1,207.04,207.04
15297,10,3,641.94,213.98000000000002
15300,64,1,496.44,496.44
15301,50,17,6909.670000000001,406.4511764705883
15310,478,1,1634.64,1634.64
15311,0,208,114966.41999999998,552.723173076923
15312,75,12,2930.1900000000005,244.18250000000003
15317,677,1,129.75,129.75
15318,3,1,312.62,312.62
15319,283,1,204.5,204.5
15321,70,12,6709.7300000000005,559.1441666666667
15325,103,8,1601.4600000000003,200.18250000000003
15330,32,2,714.96,357.48
15333,208,1,1028.56,1028.56
15344,0,3,563.9399999999999,187.98
15346,332,3,596.1200000000001,198.7066666666667
15354,603,3,284.4,94.8
15359,662,8,181.35,22.66875
15361,361,4,689.07,172.2675
15369,492,11,6251.26,568.2963636363637
15373,8,17,3084.54,181.4435294117647
15376,40,3,1221.56,407.18666666666667
15386,186,1,394.14,394.14
15387,492,1,468.65,468.65
15389,172,5,2733.8,546.76
15391,584,1,289.87,289.87
15393,16,5,891.34,178.268
15395,325,1,107.45,107.45
15398,16,2,1345.5300000000002,672.7650000000001
15403,491,2,170.88,85.44
15404,375,1,257.06,257.06
15409,721,1,131.25,131.25
15410,84,10,4685.72,468.572
15412,171,1,190.53,190.53
15413,691,5,6798.72,1359.7440000000001
15417,85,1,508.8,508.8
15431,502,1,153.24,153.24
15436,12,3,1067.75,355.9166666666667
15442,248,1,594.0,594.0
15448,312,2,788.81,394.405
15453,1,7,1371.77,195.96714285714285
15455,597,1,38.25,38.25
15458,25,2,370.43999999999994,185.21999999999997
15463,29,1,126.14,126.14
15464,338,1,1044.65,1044.65
15466,85,4,1560.46,390.115
15467,9,3,524.88,174.96
15476,380,4,2209.9799999999996,552.4949999999999
15482,15,19,14417.359999999999,758.8084210526315
15491,95,6,3100.0899999999997,516.6816666666666
15498,2,44,24972.859999999997,567.5649999999999
15502,15,14,13003.869999999999,928.847857142857
15504,81,4,402.7,100.675
15507,171,1,475.86,475.86
15509,380,1,152.41,152.41
15511,11,5,900.53,180.106
15514,12,18,6392.0599999999995,355.1144444444444
15518,64,15,4189.989999999999,279.33266666666657
15523,84,16,17259.19,1078.699375
15527,18,23,5554.890000000001,241.5169565217392
15531,8,2,1972.3899999999999,986.1949999999999
15533,19,3,807.5699999999999,269.19
15535,173,6,1044.3700000000001,174.0616666666667
15542,512,3,855.71,285.2366666666667
15543,288,2,242.26,121.13
15549,77,8,2334.16,291.77
15551,36,7,1679.81,239.97285714285712
15556,24,1,279.77,279.77
15558,639,1,202.68,202.68
15565,50,2,173.16000000000003,86.58000000000001
15567,18,1,186.01,186.01
15569,103,10,3583.4500000000003,358.345
15570,7,25,8736.49,349.45959999999997
15577,151,5,396.03,79.20599999999999
15582,24,3,682.91,227.63666666666666
15584,23,6,1268.1999999999998,211.36666666666665
15589,255,3,478.53,159.51
15590,382,5,1496.6,299.32
15595,487,1,357.6,357.6
15601,11,30,14191.739999999998,473.05799999999994
15607,336,9,1708.9700000000003,189.88555555555558
15611,9,26,2997.2799999999997,115.27999999999999
15613,610,1,433.71999999999997,433.71999999999997
15614,437,4,3147.36,786.84
15616,438,1,317.11,317.11
15620,56,4,1942.3600000000001,485.59000000000003
15624,116,4,588.13,147.0325
15626,74,3,1067.52,355.84
15633,509,13,4335.959999999999,333.53538461538454
15636,89,4,1444.58,361.145
15637,52,5,797.59,159.518
15641,105,12,5345.55,445.46250000000003
15642,729,1,105.78000000000002,105.78000000000002
15644,166,4,803.54,200.885
15650,521,2,553.88,276.94
15654,9,2,922.53,461.265
15660,25,15,2603.69,173.57933333333332
15668,217,1,76.32000000000001,76.32000000000001
15669,40,4,684.3399999999999,171.08499999999998
15672,725,1,45.300000000000004,45.300000000000004
15674,73,13,6948.23,534.4792307692308
15678,52,3,1825.94,608.6466666666666
15682,599,2,318.24,159.12
15686,420,1,90.0,90.0
15693,659,1,37.5,37.5
15696,33,13,3881.2200000000003,298.55538461538464
15699,17,1,309.65,309.65
15703,264,1,211.5,211.5
15704,140,6,3734.6599999999994,622.4433333333333
15707,35,4,916.98,229.245
15711,556,2,420.25,210.125
15719,32,31,10195.970000000001,328.90225806451616
15720,24,2,739.22,369.61
15728,379,2,544.6,272.3
15735,421,1,327.68,327.68
15739,66,1,449.12,449.12
15741,458,2,208.62,104.31
15752,39,9,3924.9100000000003,436.10111111111115
15754,51,9,3037.6100000000006,337.5122222222223
15758,24,1,205.25,205.25
15761,442,1,143.05,143.05
15763,31,2,1086.92,543.46
15771,604,3,1006.54,335.5133333333333
15772,418,1,280.88,280.88
15774,68,6,1288.3400000000001,214.72333333333336
15784,467,2,848.3299999999999,424.16499999999996
15785,32,16,5969.929999999999,373.12062499999996
15790,10,1,218.75,218.75
15811,22,7,3486.15,498.0214285714286
15813,207,2,1303.9099999999999,651.9549999999999
15818,588,1,340.5,340.5
15822,3,6,1840.06,306.6766666666667
15826,56,4,2598.28,649.57
15835,44,4,954.0899999999999,238.52249999999998
15836,50,1,137.37,137.37
15837,64,2,777.01,388.505
15842,393,2,548.8,274.4
15844,46,1,130.73999999999998,130.73999999999998
15845,17,11,4426.28,402.3890909090909
15846,385,1,107.01,107.01
15864,22,7,2180.76,311.5371428571429
15866,101,1,211.89,211.89
15871,437,1,33.099999999999994,33.099999999999994
15874,63,21,11284.760000000002,537.3695238095239
15879,404,4,1137.8,284.45
15882,198,8,1124.66,140.5825
15884,432,2,244.60000000000002,122.30000000000001
15885,92,15,1951.8200000000002,130.12133333333335
15891,226,1,511.68,511.68
15894,253,2,258.25,129.125
15895,149,1,179.17,179.17
15907,3,3,882.72,294.24
15910,0,15,2661.1699999999996,177.41133333333332
15921,172,4,775.26,193.815
15928,656,1,293.53,293.53
15932,4,8,2495.8699999999994,311.98374999999993
15936,379,2,282.79,141.395
15939,89,16,9060.39,566.274375
15943,649,2,271.28999999999996,135.64499999999998
15950,31,10,7120.909999999999,712.0909999999999
15958,74,4,462.12,115.53
15961,379,1,451.28999999999996,451.28999999999996
15964,663,1,269.21000000000004,269.21000000000004
15969,2,5,1127.05,225.41
15970,303,2,1017.32,508.66
15972,456,5,1769.3300000000002,353.86600000000004
15973,366,3,680.6200000000001,226.87333333333336
15976,165,6,1694.41,282.4016666666667
15977,17,2,1054.73,527.365
15978,77,3,3279.42,1093.14
15984,2,30,8393.019999999999,279.7673333333333
15993,8,7,2777.67,396.81
16002,625,1,169.21,169.21
16007,47,7,3053.06,436.15142857142854
16012,35,5,2978.59,595.7180000000001
16016,3,11,2083.4,189.4
16020,16,3,851.01,283.67
16037,269,5,1509.34,301.868
16038,7,3,471.78,157.26
16042,22,8,2245.3199999999997,280.66499999999996
16043,37,8,1856.5900000000001,232.07375000000002
16045,119,8,3434.9300000000007,429.3662500000001
16057,16,10,3854.8500000000004,385.485
16059,65,12,3053.5699999999997,254.46416666666664
16071,44,4,1076.8000000000002,269.20000000000005
16074,390,1,252.5,252.5
16077,625,1,2300.4,2300.4
16088,575,2,1437.4299999999998,718.7149999999999
16091,154,2,315.06,157.53
16092,114,6,1587.94,264.6566666666667
16094,11,11,3695.5599999999995,335.96
16100,462,1,582.64,582.64
16108,84,4,2235.92,558.98
16109,218,3,939.4799999999999,313.15999999999997
16110,45,4,1781.59,445.3975
16113,183,1,161.38,161.38
16119,8,8,1720.8100000000004,215.10125000000005
16127,39,2,801.31,400.655
16133,3,56,22992.260000000013,410.57607142857165
16138,378,3,910.35,303.45
16141,88,2,955.94,477.97
16152,268,1,1829.04,1829.04
16160,65,2,1025.44,512.72
16162,252,1,37.4,37.4
16165,505,1,79.9,79.9
16166,428,2,435.83000000000004,217.91500000000002
16171,59,1,73.2,73.2
16174,126,7,2246.75,320.9642857142857
16175,94,7,1836.4399999999998,262.3485714285714
16179,60,1,215.83,215.83
16185,16,3,644.72,214.90666666666667
16188,44,5,1087.66,217.532
16191,2,24,15677.820000000003,653.2425000000002
16195,723,1,323.25,323.25
16197,469,9,2016.71,224.07888888888888
16200,4,12,5608.099999999999,467.34166666666664
16203,58,6,943.84,157.30666666666667
16204,23,3,918.71,306.2366666666667
16210,1,35,33750.97,964.3134285714286
16214,170,4,2038.25,509.5625
16221,36,9,2019.9199999999998,224.43555555555554
16225,44,15,2859.3099999999995,190.62066666666664
16228,385,3,885.71,295.2366666666667
16229,87,6,2867.8599999999997,477.97666666666663
16230,189,2,542.03,271.015
16231,379,4,1074.47,268.6175
16233,71,9,1818.3100000000002,202.03444444444446
16245,23,3,1413.66,471.22
16250,261,3,565.24,188.41333333333333
16253,66,7,7272.2,1038.8857142857144
16254,378,3,967.44,322.48
16257,176,1,46.95,46.95
16261,17,6,1041.16,173.52666666666667
16269,437,1,717.57,717.57
16272,116,1,411.7,411.7
16274,373,1,351.75,351.75
16281,72,3,3424.02,1141.34
16283,5,8,4350.32,543.79
16286,477,2,328.95,164.475
16289,462,1,136.31,136.31
16295,9,4,1328.55,332.1375
16298,22,7,1085.7,155.1
16301,736,1,107.33,107.33
16303,25,7,7928.270000000001,1132.6100000000001
16305,138,1,361.21999999999997,361.21999999999997
16306,213,7,1124.7199999999998,160.67428571428567
16308,37,7,5120.0,731.4285714285714
16311,17,2,616.26,308.13
16314,389,3,1491.4,497.1333333333334
16318,35,1,328.15,328.15
16330,17,7,625.3800000000001,89.34000000000002
16331,432,6,2037.7,339.6166666666667
16333,7,22,26626.800000000003,1210.309090909091
16342,75,4,322.40999999999997,80.60249999999999
16343,16,3,614.1200000000001,204.7066666666667
16347,11,11,3442.96,312.99636363636364
16364,11,2,705.79,352.895
16365,17,15,3167.34,211.156
16380,61,1,1743.1499999999999,1743.1499999999999
16382,408,2,353.1,176.55
16384,89,4,1358.9500000000003,339.73750000000007
16388,653,1,186.05,186.05
16391,400,4,1052.26,263.065
16393,2,23,5297.7699999999995,230.3378260869565
16397,628,1,123.13,123.13
16401,1,23,6849.149999999999,297.7891304347826
16402,264,2,293.45,146.725
16408,591,1,231.93,231.93
16414,21,5,551.21,110.242
16415,44,3,696.76,232.25333333333333
16420,396,1,75.0,75.0
16421,376,3,526.27,175.42333333333332
16423,24,1,346.12,346.12
16431,213,3,623.28,207.76
16433,28,2,384.52,192.26
16435,512,3,1003.07,334.3566666666667
16436,668,3,319.14,106.38
16439,722,1,310.70000000000005,310.70000000000005
16445,33,4,583.16,145.79
16456,99,13,6000.9400000000005,461.6107692307693
16457,218,1,208.36,208.36
16462,73,3,136.0,45.333333333333336
16466,33,15,3767.0900000000006,251.13933333333338
16469,23,5,803.9000000000001,160.78000000000003
16470,51,11,2416.85,219.71363636363637
16472,434,2,789.5999999999999,394.79999999999995
16475,88,4,544.3,136.075
16480,75,1,769.29,769.29
16484,173,2,404.3,202.15
16485,77,5,2287.19,457.438
16488,33,3,498.8,166.26666666666668
16501,383,1,1191.23,1191.23
16505,31,1,777.6,777.6
16511,21,6,1760.4900000000002,293.415
16515,52,10,3179.06,317.906
16520,186,6,2148.38,358.06333333333333
16525,2,48,24151.3,503.15208333333334
16527,81,2,1232.94,616.47
16528,3,1,244.41,244.41
16540,414,1,205.75,205.75
16546,290,5,5307.07,1061.414
16554,42,8,2841.7199999999993,355.2149999999999
16556,66,17,8012.580000000001,471.3282352941177
16558,0,38,13304.109999999999,350.1081578947368
16562,476,1,223.85999999999999,223.85999999999999
16568,427,2,1020.9000000000001,510.45000000000005
16570,15,20,7434.3099999999995,371.71549999999996
16572,127,3,1009.5999999999999,336.5333333333333
16573,84,2,663.61,331.805
16579,425,1,295.05,295.05
16581,182,1,105.84,105.84
16582,113,1,313.62,313.62
16583,373,2,297.95,148.975
16588,386,4,1361.28,340.32
16595,61,5,1757.7500000000002,351.55000000000007
16596,15,4,458.98,114.745
16603,74,2,482.47,241.235
16605,724,1,60.48,60.48
16606,404,2,357.66,178.83
16610,219,1,75.66,75.66
16615,626,1,291.5,291.5
16618,31,5,2647.59,529.518
16620,3,6,1758.93,293.15500000000003
16633,17,6,2883.1,480.51666666666665
16637,32,4,1154.47,288.6175
16641,105,2,554.5,277.25
16642,4,3,1077.45,359.15000000000003
16643,245,2,923.11,461.555
16645,735,1,160.39,160.39
16651,586,1,136.2,136.2
16657,9,4,874.4300000000001,218.60750000000002
16658,368,6,690.8300000000002,115.13833333333336
16665,362,1,135.39999999999998,135.39999999999998
16667,68,2,567.18,283.59
16677,411,2,880.62,440.31
16681,72,7,1921.84,274.5485714285714
16683,533,1,320.25,320.25
16684,4,55,147142.77000000002,2675.323090909091
16692,256,4,1914.6999999999998,478.67499999999995
16694,723,1,98.30000000000001,98.30000000000001
16700,8,25,8830.77,353.23080000000004
16701,8,26,9916.73,381.4126923076923
16702,415,4,1110.83,277.7075
16705,0,42,43515.05100000002,1036.0726428571434
16707,400,4,533.41,133.3525
16714,218,4,1497.33,374.3325
16727,364,4,1377.77,344.4425
16730,52,3,743.11,247.70333333333335
16735,78,14,6217.410000000002,444.1007142857144
16737,53,2,835.1999999999999,417.59999999999997
16754,372,29,65500.07,2258.6231034482757
16756,214,7,1312.3700000000001,187.48142857142858
16759,7,3,789.79,263.2633333333333
16760,430,1,228.0,228.0
16765,294,2,454.75,227.375
16769,260,4,1117.05,279.2625
16772,423,3,3698.05,1232.6833333333334
16781,372,2,623.0,311.5
16783,436,1,391.95,391.95
16785,409,1,533.78,533.78
16787,397,4,1017.53,254.3825
16791,29,15,3957.63,263.842
16792,282,5,623.46,124.69200000000001
16793,57,1,243.84,243.84
16795,365,3,2062.4100000000003,687.4700000000001
16796,89,1,305.62,305.62
16800,11,1,1162.65,1162.65
16803,65,1,332.3,332.3
16804,23,3,536.99,178.99666666666667
16805,173,5,1091.34,218.26799999999997
16807,142,6,2123.88,353.98
16808,99,2,288.42,144.21
16813,8,10,1652.1799999999998,165.218
16814,14,36,11924.85,331.24583333333334
16816,103,4,417.06000000000006,104.26500000000001
16826,51,1,341.7,341.7
16827,393,5,392.13000000000005,78.42600000000002
16829,156,2,513.32,256.66
16834,227,2,898.96,449.48
16838,197,4,1159.6100000000001,289.90250000000003
16839,8,44,21758.250000000004,494.5056818181819
16841,36,12,4006.0599999999995,333.8383333333333
16843,42,35,19571.43,559.1837142857142
16846,50,3,842.4100000000001,280.80333333333334
16859,144,7,1932.4099999999999,276.0585714285714
16869,22,4,817.12,204.28
16875,67,11,4234.530000000001,384.95727272727277
16883,187,19,2246.06,118.21368421052631
16884,37,4,1070.97,267.7425
16888,400,3,434.2,144.73333333333332
16893,366,2,249.89000000000001,124.94500000000001
16895,64,5,1102.9,220.58
16896,555,1,103.95,103.95
16901,729,1,204.26,204.26
16902,116,1,1706.88,1706.88
16903,29,3,1041.75,347.25
16904,4,21,4675.360000000001,222.6361904761905
16911,635,2,255.25000000000003,127.62500000000001
16913,290,3,423.91,141.30333333333334
16915,9,11,1543.18,140.2890909090909
16922,572,1,611.08,611.08
16925,540,1,125.65,125.65
16929,3,7,1295.39,185.0557142857143
16930,26,3,378.89,126.29666666666667
16933,1,9,3099.3,344.3666666666667
16934,54,6,2083.14,347.19
16935,381,3,530.86,176.95333333333335
16945,21,33,8548.160000000002,259.03515151515154
16953,30,1,20.8,20.8
16955,184,6,1120.31,186.71833333333333
16959,87,1,117.35000000000001,117.35000000000001
16964,733,2,207.85,103.925
16965,226,1,201.19,201.19
16970,626,1,71.4,71.4
16973,386,1,127.0,127.0
16974,522,2,365.5,182.75
16975,423,3,926.12,308.70666666666665
16982,60,1,384.06,384.06
16985,17,23,10923.16,474.92
16992,10,13,5476.500000000001,421.26923076923083
16993,463,2,1950.95,975.475
16997,288,3,702.0,234.0
17002,85,7,2571.55,367.36428571428576
17005,470,2,622.36,311.18
17007,50,7,1120.1,160.0142857142857
17011,30,3,671.6999999999999,223.89999999999998
17012,725,1,360.61,360.61
17018,40,6,2287.7,381.2833333333333
17020,542,2,935.62,467.81
17022,31,2,260.0,130.0
17028,581,3,1593.83,531.2766666666666
17031,11,6,2773.85,462.30833333333334
17032,547,8,2984.32,373.04
17042,2,5,1036.58,207.31599999999997
17046,157,5,1906.0700000000002,381.21400000000006
17050,96,11,4648.59,422.59909090909093
17065,637,2,194.7,97.35
17066,726,1,228.34,228.34
17068,12,47,8987.680000000002,191.22723404255325
17075,17,10,2236.63,223.663
17076,36,6,1242.75,207.125
17077,578,1,306.0,306.0
17080,22,7,957.5300000000001,136.79000000000002
17083,109,9,4049.79,449.9766666666667
17086,7,6,2050.08,341.68
17089,386,1,128.45,128.45
17090,4,13,3080.18,236.93692307692305
17099,533,1,582.17,582.17
17100,18,2,971.74,485.87
17108,663,1,174.95,174.95
17113,574,6,2305.59,384.26500000000004
17115,8,7,2761.4900000000002,394.49857142857144
17117,288,1,116.19999999999999,116.19999999999999
17118,317,1,157.02,157.02
17121,402,1,314.74,314.74
17124,185,1,294.24,294.24
17127,428,5,1155.03,231.006
17128,334,1,157.09,157.09
17133,15,12,14622.330000000002,1218.5275000000001
17134,106,3,625.3,208.4333333333333
17135,16,10,1722.18,172.21800000000002
17139,15,25,19566.76,782.6704
17140,247,1,454.12,454.12
17143,417,2,880.97,440.485
17154,75,1,329.34,329.34
17156,491,1,591.87,591.87
17170,374,2,178.68,89.34
17171,289,2,384.59000000000003,192.29500000000002
17176,201,3,902.3199999999999,300.7733333333333
17178,731,1,432.96,432.96
17182,422,2,321.3,160.65
17188,11,13,4592.929999999999,353.30230769230764
17190,58,7,1726.57,246.65285714285713
17192,536,1,75.28,75.28
17197,29,1,1013.01,1013.01
17201,53,4,1143.1,285.775
17204,175,9,5504.69,611.6322222222221
17210,392,1,251.72,251.72
17211,26,13,3773.35,290.2576923076923
17219,31,2,259.13,129.565
17226,308,3,895.47,298.49
17227,18,12,1878.9299999999998,156.5775
17230,264,18,9388.49,521.5827777777778
17231,12,25,7064.799999999999,282.592
17236,12,12,1929.2600000000002,160.77166666666668
17241,385,12,2736.6400000000003,228.05333333333337
17243,1,69,20203.579999999994,292.80550724637675
17246,546,2,38.92,19.46
17250,3,2,381.97,190.985
17253,18,1,178.26,178.26
17254,4,3,469.48,156.49333333333334
17255,40,4,781.7,195.425
17256,107,5,498.93,99.786
17259,148,6,1452.3899999999999,242.06499999999997
17260,411,1,120.95,120.95
17264,424,1,268.28,268.28
17266,2,5,501.71999999999997,100.344
17267,127,2,317.20000000000005,158.60000000000002
17272,42,4,2148.63,537.1575
17273,424,1,141.12,141.12
17274,35,2,573.22,286.61
17277,227,2,1065.35,532.675
17278,241,2,271.24,135.62
17298,101,5,954.26,190.852
17302,14,5,1135.63,227.12600000000003
17310,387,2,1025.1,512.55
17321,8,6,1665.21,277.535
17327,409,2,152.35,76.175
17331,123,1,175.2,175.2
17336,472,1,81.12,81.12
17338,17,17,11889.33,699.3723529411765
17340,29,18,19617.95,1089.8861111111112
17345,15,10,1586.6299999999999,158.66299999999998
17349,179,5,772.4100000000001,154.48200000000003
17355,386,1,273.31,273.31
17356,311,5,946.47,189.294
17358,303,5,861.01,172.202
17362,239,7,1024.04,146.29142857142855
17364,0,28,11972.920000000002,427.60428571428577
17366,432,2,1077.24,538.62
17367,238,1,167.55,167.55
17372,40,28,4347.31,155.26107142857146
17374,218,3,727.1099999999999,242.36999999999998
17377,23,78,17644.27,226.20858974358976
17388,77,11,2675.37,243.21545454545455
17390,420,1,149.3,149.3
17394,219,1,203.86999999999998,203.86999999999998
17403,36,2,382.87,191.435
17414,43,6,2249.52,374.92
17417,548,1,164.18,164.18
17418,42,3,670.06,223.35333333333332
17421,386,3,1059.41,353.1366666666667
17426,8,13,8077.7699999999995,621.3669230769231
17427,71,1,100.8,100.8
17430,32,4,622.5699999999999,155.64249999999998
17440,156,4,323.58,80.895
17450,8,51,244784.24999999994,4799.691176470587
17453,17,2,486.7199999999999,243.35999999999996
17456,365,2,975.5600000000001,487.78000000000003
17460,94,16,2157.9700000000003,134.87312500000002
17461,22,3,735.82,245.27333333333334
17462,60,2,675.6899999999999,337.84499999999997
17466,10,2,763.28,381.64
17478,408,2,1272.8000000000002,636.4000000000001
17480,77,2,882.23,441.115
17481,3,4,1255.5900000000001,313.89750000000004
17482,487,2,775.6400000000001,387.82000000000005
17483,65,4,591.73,147.9325
17491,1,17,5653.67,332.56882352941176
17498,75,1,272.22,272.22
17500,17,3,1138.0,379.3333333333333
17503,2,2,558.96,279.48
17504,206,18,9490.17,527.2316666666667
17509,57,8,6083.64,760.455
17510,24,2,514.56,257.28
17513,72,3,1158.8000000000002,386.2666666666667
17514,128,2,522.0,261.0
17527,53,4,939.37,234.8425
17530,1,12,2791.69,232.64083333333335
17533,434,1,34.8,34.8
17540,24,6,1590.6000000000004,265.1000000000001
17541,509,1,119.86,119.86
17554,1,5,1952.4499999999996,390.4899999999999
17555,19,5,1045.7399999999998,209.14799999999997
17565,586,1,131.83,131.83
17568,633,1,374.45,374.45
17569,332,1,344.14,344.14
17592,738,1,148.3,148.3
17594,85,4,2497.88,624.47
17595,12,2,386.69,193.345
17597,213,5,3484.09,696.818
17603,78,4,1788.3800000000003,447.0950000000001
17604,217,6,942.3800000000001,157.06333333333336
17607,376,1,333.81,333.81
17612,53,18,5394.860000000001,299.7144444444445
17616,173,4,734.3999999999999,183.59999999999997
17639,276,6,615.1700000000001,102.52833333333335
17640,86,6,3168.94,528.1566666666666
17644,1,20,6028.600000000001,301.43000000000006
17647,65,3,331.65999999999997,110.55333333333333
17649,138,3,1578.8899999999999,526.2966666666666
17655,10,9,2976.38,330.7088888888889
17656,73,5,1674.69,334.938
17657,430,1,126.0,126.0
17665,493,1,563.1,563.1
17673,1,13,4173.88,321.0676923076923
17680,23,3,497.45000000000005,165.8166666666667
17690,30,20,6963.799999999998,348.18999999999994
17691,358,4,637.55,159.3875
17693,137,1,200.47,200.47
17701,252,1,417.95,417.95
17702,30,6,3144.04,524.0066666666667
17706,4,31,20272.15,653.9403225806452
17707,185,8,609.3000000000001,76.16250000000001
17720,26,10,2666.91,266.691
17721,659,1,307.21000000000004,307.21000000000004
17727,15,1,1060.25,1060.25
17734,53,6,1442.3200000000002,240.38666666666668
17736,9,3,377.44,125.81333333333333
17737,9,2,168.24,84.12
17742,113,11,2098.48,190.7709090909091
17743,448,1,229.2,229.2
17745,477,2,600.34,300.17
17754,0,13,4451.22,342.4015384615385
17763,263,4,86.15,21.5375
17765,158,4,524.0,131.0
17769,12,17,7053.379999999999,414.9047058823529
17779,21,3,650.3199999999999,216.7733333333333
17787,152,4,1817.54,454.385
17790,26,20,2779.41,138.9705
17796,40,7,1236.39,176.62714285714287
17798,581,1,178.07,178.07
17801,451,3,770.03,256.6766666666667
17805,73,2,927.03,463.515
17806,11,1,546.04,546.04
17812,12,7,911.99,130.28428571428572
17814,375,2,1609.37,804.685
17821,406,1,334.62,334.62
17824,51,1,298.4,298.4
17826,374,1,133.34,133.34
17827,5,6,2376.17,396.02833333333336
17835,2,3,342.24,114.08
17836,47,1,110.21000000000001,110.21000000000001
17845,555,4,596.09,149.0225
17850,372,155,51208.869999999966,330.3798064516127
17851,422,6,1552.3499999999997,258.72499999999997
17855,372,1,208.97,208.97
17858,5,30,12518.649999999998,417.28833333333324
17860,368,4,717.39,179.3475
17861,3,18,5088.29,282.6827777777778
17862,323,4,1254.89,313.7225
17863,59,12,5360.48,446.70666666666665
17865,30,46,26312.190000000006,572.0041304347827
17866,142,3,1134.95,378.31666666666666
17872,381,1,235.87,235.87
17877,170,1,237.61,237.61
17882,379,2,291.56,145.78
17884,3,20,2698.4700000000003,134.92350000000002
17889,212,7,746.42,106.63142857142857
17890,322,2,586.89,293.445
17891,162,1,203.85999999999999,203.85999999999999
17895,44,1,95.45,95.45
17899,159,1,154.55,154.55
17900,190,2,112.19999999999999,56.099999999999994
17907,640,1,291.76,291.76
17910,726,1,261.7,261.7
17911,9,1,366.23,366.23
17912,310,6,374.55,62.425000000000004
17913,58,14,3429.29,244.9492857142857
17917,45,3,335.03,111.67666666666666
17921,64,10,2394.3600000000006,239.43600000000006
17924,11,8,3257.7000000000003,407.21250000000003
17925,372,1,244.08,244.08
17929,11,12,3082.1,256.84166666666664
17936,5,1,380.13,380.13
17944,423,1,74.99,74.99
17949,1,118,117314.07999999997,994.1871186440676
17952,378,4,788.46,197.115
17954,5,19,3804.3800000000006,200.2305263157895
17965,37,29,7006.6500000000015,241.60862068965523
17966,37,10,1963.92,196.392
17967,371,2,223.42,111.71
17968,373,4,590.44,147.61
17975,15,24,6696.329999999999,279.01374999999996
17980,165,4,1012.72,253.18
17986,56,1,20.8,20.8
17991,225,3,300.3,100.10000000000001
17993,617,1,225.99,225.99
17996,379,3,482.33,160.77666666666667
18000,564,1,124.25,124.25
18005,3,2,226.47,113.235
18006,23,4,969.51,242.3775
18007,392,1,215.22,215.22
18009,235,8,2144.23,268.02875
18010,256,1,174.8,174.8
18013,155,2,187.29000000000002,93.64500000000001
18020,543,1,190.48000000000002,190.48000000000002
18021,509,2,216.41,108.205
18024,152,2,389.78,194.89
18027,98,1,115.31,115.31
18035,35,5,1260.2299999999998,252.04599999999996
18036,32,11,1545.4900000000002,140.49909090909094
18040,19,2,357.2,178.6
18043,24,3,529.2900000000001,176.43000000000004
18044,4,18,3505.61,194.75611111111112
18057,393,3,1188.46,396.15333333333336
18058,9,3,774.06,258.02
18064,133,11,4481.83,407.4390909090909
18066,75,3,1440.4,480.1333333333334
18076,380,1,151.49,151.49
18078,217,4,725.53,181.3825
18079,45,5,4203.929999999999,840.7859999999998
18080,18,2,1231.5,615.75
18083,397,1,463.53,463.53
18085,330,4,1341.8500000000001,335.46250000000003
18090,421,1,321.9,321.9
18091,593,1,360.85,360.85
18097,7,11,4627.92,420.72
18101,11,5,622.01,124.402
18102,0,145,580987.0399999999,4006.8071724137926
18104,37,1,754.64,754.64
18105,37,1,113.48000000000002,113.48000000000002
18110,19,2,392.28000000000003,196.14000000000001
18121,149,2,653.3,326.65
18124,472,1,102.65,102.65
18126,60,1,200.92000000000002,200.92000000000002
18131,631,1,222.95999999999998,222.95999999999998
18132,504,1,220.13,220.13
18140,473,1,536.41,536.41
18144,7,19,4892.95,257.5236842105263
18146,140,2,160.35000000000002,80.17500000000001
18152,646,1,426.69,426.69
18160,57,3,1003.88,334.62666666666667
18164,37,1,399.65000000000003,399.65000000000003
18171,58,9,2437.31,270.8122222222222
18173,86,5,2696.36,539.272
18174,7,2,162.5,81.25
18175,675,1,176.1,176.1
18177,31,9,2216.32,246.2577777777778
18178,128,11,6103.74,554.8854545454545
18181,24,5,1188.3400000000001,237.66800000000003
18183,227,2,632.07,316.035
18187,631,1,724.89,724.89
18189,77,3,1403.73,467.91
18195,387,1,101.16,101.16
18197,575,1,230.1,230.1
18200,106,1,150.35,150.35
18206,553,1,314.65999999999997,314.65999999999997
18214,530,4,1780.3400000000001,445.08500000000004
18215,89,5,2232.4900000000002,446.49800000000005
18236,29,12,1795.3500000000001,149.6125
18238,515,1,270.92,270.92
18251,87,9,26278.86,2919.8733333333334
18252,50,7,1533.69,219.09857142857143
18254,581,1,267.9,267.9
18257,39,12,4600.150000000001,383.34583333333336
18260,172,23,9947.259999999998,432.48956521739126
18264,498,1,603.25,603.25
18265,72,2,801.51,400.755
18268,134,6,1490.23,248.37166666666667
18275,578,2,741.85,370.925
18281,180,2,201.14,100.57
18284,431,1,461.68,461.68
18286,476,2,1296.43,648.215
12350,310,1,334.4,334.4
12354,232,1,1079.4,1079.4
12358,1,5,3887.0699999999997,777.414
12359,57,10,8873.39,887.3389999999999
12363,109,2,552.0,276.0
12364,7,4,1313.1,328.275
12366,633,1,500.24,500.24
12373,311,3,1127.65,375.8833333333334
12377,315,4,3426.32,856.58
12379,81,4,1620.22,405.055
12380,21,11,9676.3,879.6636363636363
12381,4,5,1845.31,369.062
12383,184,5,1850.5600000000002,370.112
12392,591,1,234.75000000000003,234.75000000000003
12393,72,6,2399.45,399.9083333333333
12399,119,7,1962.3000000000002,280.3285714285715
12400,414,1,205.25,205.25
12405,148,1,1710.39,1710.39
12406,22,5,6390.360000000001,1278.0720000000001
12409,78,7,23419.289999999997,3345.6128571428567
12410,308,3,1013.7099999999999,337.9033333333333
12411,409,1,346.9,346.9
12412,74,6,2596.93,432.82166666666666
12417,3,20,6797.41,339.8705
12428,25,9,7956.46,884.0511111111111
12431,35,27,10432.220000000003,386.3785185185186
12435,79,6,13925.93,2320.9883333333332
12439,682,2,1142.88,571.44
12444,21,5,5005.46,1001.092
12446,57,1,1002.3100000000001,1002.3100000000001
12448,44,1,449.45,449.45
12450,156,5,688.2,137.64000000000001
12452,16,2,430.57,215.285
12453,134,1,707.09,707.09
12454,56,5,16679.78,3335.9559999999997
12457,66,8,2995.91,374.48875
12458,71,4,1777.49,444.3725
12459,605,1,454.36,454.36
12461,94,2,826.88,413.44
12463,53,4,1344.7800000000002,336.19500000000005
12465,17,2,742.19,371.095
12466,682,1,56.73,56.73
12482,576,29,23691.399999999998,816.9448275862068
12488,9,3,1298.66,432.8866666666667
12493,165,2,433.74,216.87
12495,640,1,357.4,357.4
12496,620,2,45.34,22.67
12503,584,1,1126.0,1126.0
12508,26,2,397.88,198.94
12511,428,1,3084.02,3084.02
12513,112,1,612.29,612.29
12514,267,2,1597.76,798.88
12524,9,17,11126.109999999999,654.4770588235293
12525,498,3,973.73,324.57666666666665
12526,0,3,1316.6599999999999,438.8866666666666
12527,81,5,735.51,147.102
12529,528,1,316.48,316.48
12545,75,2,1000.39,500.195
12550,79,1,964.83,964.83
12553,8,12,4608.75,384.0625
12560,5,3,2134.01,711.3366666666667
12567,22,15,11767.479999999998,784.4986666666665
12583,2,27,13591.58,503.39185185185187
12586,17,4,2062.67,515.6675
12587,7,1,144.0,144.0
12597,19,4,3811.22,952.805
12601,189,6,681.26,113.54333333333334
12608,404,1,415.79,415.79
12613,57,10,6817.369999999999,681.7369999999999
12614,277,1,315.6,315.6
12615,2,8,5740.9800000000005,717.6225000000001
12623,276,7,3747.84,535.4057142857143
12625,211,4,5164.88,1291.22
12628,4,3,786.46,262.15333333333336
12631,57,6,3481.57,580.2616666666667
12632,520,2,804.88,402.44
12633,58,7,5678.16,811.1657142857142
12637,67,12,8283.810000000001,690.3175000000001
12645,33,8,3539.3,442.4125
12648,154,4,1112.0,278.0
12655,423,1,261.35,261.35
12658,18,1,686.05,686.05
12660,11,1,245.1,245.1
12661,436,1,162.0,162.0
12665,324,3,313.6,104.53333333333335
12668,11,10,11383.029999999999,1138.3029999999999
12670,10,7,3760.29,537.1842857142857
12674,38,4,1970.6,492.65
12682,3,52,22950.220000000005,441.3503846153847
12683,4,21,11633.699999999999,553.9857142857143
12688,113,1,4873.8099999999995,4873.8099999999995
12689,25,2,1247.61,623.805
12690,205,1,389.01,389.01
12698,590,1,339.75,339.75
12700,7,4,4939.99,1234.9975
12701,79,6,2446.41,407.73499999999996
12705,15,14,11762.100000000002,840.1500000000002
12710,96,3,1149.02,383.00666666666666
12714,9,12,14093.710000000001,1174.4758333333334
12716,3,2,1053.49,526.745
12717,151,3,1308.91,436.30333333333334
12723,3,5,725.0699999999999,145.01399999999998
12725,371,4,2266.7599999999998,566.6899999999999
12727,10,10,5679.530000000001,567.9530000000001
12731,23,17,25775.710000000003,1516.218235294118
12736,332,1,234.0,234.0
12740,63,1,427.6,427.6
12743,134,2,540.13,270.065
12745,486,3,925.4100000000001,308.47
12746,540,1,254.55,254.55
12751,444,1,268.27,268.27
12755,280,11,5236.26,476.0236363636364
12760,455,1,347.8,347.8
12765,472,6,1404.58,234.09666666666666
12766,3,9,8918.990000000002,990.998888888889
12774,535,1,98.7,98.7
12775,17,7,1686.12,240.8742857142857
12781,63,2,826.74,413.37
12783,2,6,2225.91,370.98499999999996
12784,9,3,1763.1499999999999,587.7166666666666
12786,609,1,728.5,728.5
12787,9,4,862.1800000000001,215.54500000000002
12797,365,2,552.08,276.04
12799,529,1,219.35,219.35
12800,470,3,584.25,194.75
12801,500,1,1071.82,1071.82
12803,393,1,1092.81,1092.81
12805,381,4,1434.9500000000003,358.73750000000007
12806,435,4,2878.96,719.74
12812,44,1,229.64000000000001,229.64000000000001
12817,281,3,690.98,230.32666666666668
12821,214,2,220.79999999999998,110.39999999999999
12824,59,1,397.12,397.12
12832,32,2,383.03000000000003,191.51500000000001
12845,267,4,354.09,88.5225
12848,675,1,208.0,208.0
12859,458,1,575.1,575.1
12860,693,1,54.22,54.22
12861,619,1,68.25,68.25
12862,425,2,984.62,492.31
12864,138,2,299.57,149.785
12868,185,8,2043.76,255.47
12872,326,12,3283.9600000000005,273.66333333333336
12875,143,5,1356.99,271.398
12882,9,2,1463.04,731.52
12884,88,1,309.05,309.05
12886,67,2,1378.4,689.2
12887,383,1,222.4,222.4
12888,214,2,354.12,177.06
12897,204,4,514.25,128.5625
12899,413,1,366.4,366.4
12901,8,28,17654.54,630.5192857142857
12905,576,2,1018.42,509.21
12912,2,5,1662.3000000000002,332.46000000000004
12914,400,1,223.98,223.98
12916,138,7,4479.73,639.9614285714285
12917,128,6,4359.2,726.5333333333333
12924,88,12,2469.4,205.78333333333333
12926,411,4,1523.97,380.9925
12927,394,1,197.31,197.31
12934,736,1,181.65,181.65
12939,64,20,25264.8,1263.24
12940,54,2,899.6899999999999,449.84499999999997
12941,724,1,377.49,377.49
12948,16,9,2317.43,257.4922222222222
12949,30,22,15526.699999999999,705.7590909090909
12953,9,2,828.8100000000001,414.40500000000003
12955,1,11,4757.16,432.4690909090909
12964,437,1,132.24,132.24
12967,358,3,2938.5200000000004,979.5066666666668
12972,413,4,1161.2,290.3
12976,211,8,3156.3799999999997,394.54749999999996
12979,729,1,517.7,517.7
12982,242,8,2744.81,343.10125
12986,428,10,2729.8400000000006,272.98400000000004
12989,3,33,13551.75,410.65909090909093
12991,23,3,764.8199999999999,254.93999999999997
12994,4,3,974.4200000000001,324.8066666666667
13005,173,4,999.6800000000001,249.92000000000002
13006,56,1,81.57,81.57
13008,323,3,612.1299999999999,204.0433333333333
13011,372,1,50.550000000000004,50.550000000000004
13014,10,11,5381.079999999999,489.1890909090908
13015,53,11,6579.780000000001,598.1618181818183
13030,11,2,752.44,376.22
13039,584,4,1010.73,252.6825
13041,450,4,799.1300000000001,199.78250000000003
13044,291,11,4848.05,440.7318181818182
13047,31,24,8428.53,351.18875
13049,64,4,1408.24,352.06
13053,621,1,127.65,127.65
13057,530,3,709.59,236.53
13062,191,1,346.98,346.98
13063,480,1,188.4,188.4
13065,373,5,1055.0500000000002,211.01000000000005
13068,10,2,344.0,172.0
13070,192,4,751.7,187.925
13071,612,1,129.22,129.22
13072,266,1,177.15,177.15
13074,511,4,1378.74,344.685
13076,457,1,135.4,135.4
13077,1,11,2740.6499999999996,249.14999999999998
13084,491,1,122.39999999999999,122.39999999999999
13087,726,1,313.64,313.64
13088,417,1,236.11,236.11
13093,275,55,54144.25000000001,984.4409090909093
13097,32,28,13324.099999999999,475.8607142857142
13103,39,3,709.6400000000001,236.5466666666667
13110,31,12,2957.4700000000003,246.45583333333335
13111,718,1,321.88000000000005,321.88000000000005
13118,19,9,2415.4100000000003,268.3788888888889
13123,472,2,506.75,253.375
13135,196,2,3371.45,1685.725
13139,16,8,8202.98,1025.3725
13141,84,17,7656.080000000001,450.3576470588236
13142,19,1,307.09,307.09
13150,484,3,449.9699999999999,149.98999999999998
13154,399,3,1624.8400000000001,541.6133333333333
13159,8,4,1429.35,357.3375
13163,610,1,17.65,17.65
13167,18,5,1125.15,225.03000000000003
13171,21,3,468.40999999999997,156.13666666666666
13173,4,11,2399.82,218.16545454545457
13176,46,1,481.49,481.49
13177,64,2,512.2,256.1
13187,337,4,341.36,85.34
13200,19,4,870.09,217.5225
13203,9,10,2648.25,264.825
13205,443,1,2803.2,2803.2
13209,30,13,8509.51,654.5776923076924
13211,10,10,2618.7699999999995,261.87699999999995
13214,417,7,3264.23,466.31857142857143
13215,402,1,81.6,81.6
13218,127,1,62.63999999999999,62.63999999999999
13224,60,2,2155.95,1077.975
13226,273,2,312.46000000000004,156.23000000000002
13228,81,1,358.0,358.0
13242,112,7,699.4,99.91428571428571
13252,394,2,399.29999999999995,199.64999999999998
13262,263,3,573.4499999999999,191.14999999999998
13263,1,39,8676.2,222.4666666666667
13269,1,28,8537.32,304.9042857142857
13271,37,1,211.49,211.49
13274,409,1,360.85,360.85
13279,78,1,137.75,137.75
13281,439,1,350.85,350.85
13282,18,4,1313.19,328.2975
13285,23,6,3364.59,560.765
13287,603,3,781.5899999999999,260.53
13291,155,11,3270.79,297.3445454545454
13296,137,6,792.51,132.085
13298,1,1,360.0,360.0
13300,169,3,1285.51,428.50333333333333
13301,103,4,618.0899999999999,154.52249999999998
13308,22,4,1670.37,417.5925
13318,1,3,640.76,213.58666666666667
13325,81,1,675.3,675.3
13330,92,6,2796.1,466.01666666666665
13337,546,1,1575.26,1575.26
13346,462,6,299.40000000000003,49.900000000000006
13352,60,1,397.97999999999996,397.97999999999996
13356,80,1,768.24,768.24
13357,257,5,3805.5099999999998,761.102
13358,268,1,439.03,439.03
13363,17,3,1723.8600000000001,574.62
13366,50,1,56.160000000000004,56.160000000000004
13367,431,1,510.20000000000005,510.20000000000005
13368,256,4,1121.5,280.375
13374,414,2,422.8,211.4
13390,74,1,544.08,544.08
13393,583,4,1131.45,282.8625
13404,1,2,252.49,126.245
13408,1,106,50174.78199999999,473.3469999999999
13412,620,1,487.34999999999997,487.34999999999997
13414,133,6,2494.1400000000003,415.69000000000005
13427,19,6,1006.5300000000001,167.75500000000002
13429,10,4,1006.8,251.7
13430,18,2,679.45,339.725
13440,423,7,1295.2500000000002,185.0357142857143
13441,91,2,720.9,360.45
13443,448,6,1273.16,212.19333333333336
13446,430,11,3881.89,352.8990909090909
13458,7,16,11959.27,747.454375
13470,99,2,165.0,82.5
13473,60,8,2657.76,332.22
13475,191,4,1431.78,357.945
13477,37,11,2819.1700000000005,256.28818181818184
13493,275,2,618.63,309.315
13498,730,1,327.38,327.38
13502,16,5,780.5000000000001,156.10000000000002
13515,72,6,1265.82,210.97
13523,33,6,4534.570000000001,755.7616666666668
13533,182,3,269.09,89.69666666666666
13534,2,35,7720.900000000001,220.59714285714287
13542,376,17,3959.49,232.91117647058823
13544,39,6,790.2,131.70000000000002
13557,28,13,3032.26,233.25076923076924
13560,7,1,171.42000000000002,171.42000000000002
13567,428,4,1079.29,269.8225
13571,12,26,4537.26,174.51000000000002
13572,205,1,1384.25,1384.25
13575,23,5,732.07,146.41400000000002
13576,10,28,11202.589999999998,400.0924999999999
13578,409,1,147.66,147.66
13580,406,1,107.75,107.75
13581,309,2,280.53,140.265
13582,389,2,241.68,120.84
13586,541,1,127.28,127.28
13591,64,7,2093.94,299.13428571428574
13594,52,2,533.32,266.66
13596,5,2,664.11,332.055
13598,47,5,761.9599999999999,152.392
13606,29,3,276.75,92.25
13607,40,2,1075.81,537.905
13608,540,1,232.05,232.05
13610,12,14,2103.71,150.26500000000001
13614,24,6,2332.74,388.78999999999996
13623,30,10,2533.06,253.30599999999998
13627,59,7,2245.9,320.84285714285716
13629,23,19,13370.86,703.7294736842106
13632,24,8,3645.81,455.72625
13637,52,3,804.3,268.09999999999997
13643,31,10,2156.7700000000004,215.67700000000005
13644,16,4,2624.26,656.065
13646,399,2,326.25,163.125
13647,9,8,3041.6800000000003,380.21000000000004
13649,256,6,1453.6799999999998,242.27999999999997
13657,10,2,382.14,191.07
13659,205,12,4884.68,407.0566666666667
13669,50,3,413.54999999999995,137.85
13670,75,1,349.7,349.7
13679,493,3,281.26,93.75333333333333
13681,17,4,827.83,206.9575
13685,2,7,3119.4400000000005,445.6342857142858
13689,63,2,1259.5,629.75
13690,59,1,172.25,172.25
13692,24,5,3114.3999999999996,622.8799999999999
13694,3,143,195640.69000000012,1368.1167132867142
13696,421,3,2020.4,673.4666666666667
13703,318,2,425.56,212.78
13704,5,9,2308.0599999999995,256.45111111111106
13705,7,7,1717.1899999999998,245.31285714285713
13706,302,2,631.1700000000001,315.58500000000004
13711,218,9,1792.26,199.14
13712,246,2,766.4200000000001,383.21000000000004
13717,32,8,1763.2999999999997,220.41249999999997
13721,36,2,741.54,370.77
13724,637,1,213.01,213.01
13728,36,16,2855.17,178.448125
13736,5,7,2752.47,393.21
13743,2,7,1341.6,191.65714285714284
13747,373,2,169.79999999999998,84.89999999999999
13751,288,1,296.25,296.25
13763,63,3,5217.4400000000005,1739.1466666666668
13764,70,6,2919.6200000000003,486.6033333333334
13766,495,1,190.35,190.35
13772,33,8,3100.02,387.5025
13773,396,2,301.54,150.77
13774,81,1,345.0,345.0
13779,515,1,161.13,161.13
13788,505,1,3.75,3.75
13791,127,2,1516.0,758.0
13794,546,1,126.03,126.03
13799,116,9,2803.5699999999997,311.50777777777773
13808,5,5,1747.66,349.53200000000004
13814,92,3,2257.32,752.44
13838,5,10,1690.07,169.007
13843,381,1,319.75,319.75
13845,64,1,312.98,312.98
13846,24,4,1307.79,326.9475
13847,719,1,310.72,310.72
13849,51,5,3469.2999999999997,693.8599999999999
13853,57,1,1090.14,1090.14
13862,18,9,2556.0899999999997,284.01
13871,22,17,7885.85,463.8735294117647
13878,54,4,2416.8999999999996,604.2249999999999
13885,189,2,506.79999999999995,253.39999999999998
13888,119,7,2001.5900000000001,285.9414285714286
13892,26,6,1267.65,211.275
13897,50,3,1160.72,386.9066666666667
13898,325,2,686.4000000000001,343.20000000000005
13899,16,2,388.52,194.26
13902,632,5,34095.259999999995,6819.051999999999
13906,409,1,42.0,42.0
13912,423,1,124.95,124.95
13919,59,4,1360.68,340.17
13922,351,3,865.2,288.40000000000003
13927,74,2,708.26,354.13
13931,95,11,5257.379999999999,477.9436363636363
13932,294,1,307.4,307.4
13938,35,1,71.66,71.66
13950,11,4,745.06,186.265
13951,176,3,674.4499999999999,224.81666666666663
13959,79,6,1064.77,177.46166666666667
13973,287,1,264.7,264.7
13982,39,9,3954.29,439.36555555555555
13985,4,22,10020.86,455.49363636363637
13988,19,8,4757.799999999999,594.7249999999999
13995,15,14,3902.01,278.71500000000003
13998,446,3,566.7,188.9
14000,211,5,2046.3400000000001,409.26800000000003
14012,277,1,328.8,328.8
14013,110,5,1084.57,216.914
14014,77,3,1948.2099999999998,649.4033333333333
14017,571,1,229.75,229.75
14018,645,1,367.15000000000003,367.15000000000003
14019,46,3,1421.61,473.86999999999995
14024,121,3,645.74,215.24666666666667
14026,470,2,713.11,356.555
14036,284,1,626.65,626.65
14041,266,1,141.41,141.41
14042,725,1,431.98,431.98
14043,491,2,302.6,151.3
14051,0,37,21770.98,588.4048648648649
14053,124,4,572.3,143.075
14068,320,4,1516.7199999999998,379.17999999999995
14069,514,2,225.81,112.905
14071,3,8,1437.5700000000002,179.69625000000002
14072,666,1,390.85,390.85
14074,623,1,219.39999999999998,219.39999999999998
14078,101,9,1553.47,172.60777777777778
14082,364,2,413.36,206.68
14084,512,1,150.5,150.5
14085,2,33,9720.670000000002,294.56575757575763
14089,56,1,158.75,158.75
14092,7,24,7229.449999999999,301.22708333333327
14094,439,1,311.77,311.77
14111,14,4,692.85,173.2125
14128,60,3,924.21,308.07
14131,648,1,168.22,168.22
14135,1,24,8839.67,368.31958333333336
14136,400,5,1570.81,314.162
14139,46,4,1086.8,271.7
14141,2,4,915.1300000000001,228.78250000000003
14142,373,2,671.34,335.67
14146,8,12,9450.3,787.525
14147,78,9,2590.2000000000003,287.8
14148,233,2,466.29,233.145
14154,239,8,6460.7,807.5875
14156,9,156,313437.61999999994,2009.2155128205125
14158,40,1,507.66,507.66
14162,173,2,289.36,144.68
14166,505,2,251.15,125.575
14167,39,8,1274.29,159.28625
14171,98,2,498.79,249.395
14176,297,5,756.46,151.292
14177,86,13,2209.69,169.97615384615386
14183,411,2,278.34000000000003,139.17000000000002
14190,666,1,79.9,79.9
14196,106,1,335.52,335.52
14197,410,1,390.05,390.05
14199,218,4,1091.6999999999998,272.92499999999995
14201,60,10,1193.54,119.354
14205,16,9,2414.2000000000003,268.24444444444447
14211,53,18,4402.29,244.57166666666666
14226,28,6,2985.13,497.5216666666667
14229,51,7,2594.04,370.57714285714286
14230,435,3,979.8,326.59999999999997
14237,373,2,471.14,235.57
14239,43,21,4263.17,203.00809523809525
14240,30,3,1247.49,415.83
14250,7,3,1904.05,634.6833333333333
14251,1,5,2879.7,575.9399999999999
14257,64,9,5954.45,661.6055555555555
14260,471,3,824.28,274.76
14261,50,2,1163.45,581.725
14263,423,1,322.93,322.93
14264,154,6,1517.36,252.89333333333332
14277,15,9,17197.61,1910.8455555555556
14289,8,6,911.26,151.87666666666667
14293,3,9,2903.0099999999998,322.5566666666666
14304,222,3,1725.01,575.0033333333333
14308,549,2,1147.02,573.51
14319,424,1,494.85,494.85
14321,10,7,2218.06,316.86571428571426
14324,409,2,701.61,350.805
14325,569,1,245.48000000000002,245.48000000000002
14327,163,6,1894.9299999999998,315.82166666666666
14330,623,1,200.63,200.63
14331,124,2,462.66,231.33
14332,22,5,1917.41,383.482
14335,16,2,454.86,227.43
14339,242,2,620.27,310.135
14341,45,18,4452.02,247.33444444444447
14348,260,1,409.57,409.57
14350,274,3,972.03,324.01
14352,157,4,1078.96,269.74
14360,31,4,2118.03,529.5075
14363,402,2,227.47,113.735
14364,108,8,3717.35,464.66875
14377,191,2,617.05,308.525
14384,500,1,58.5,58.5
14386,296,1,142.4,142.4
14389,65,5,1898.0100000000002,379.60200000000003
14393,218,1,67.95,67.95
14398,401,2,707.79,353.895
14399,394,8,2108.21,263.52625
14410,92,11,2631.9,239.26363636363638
14411,310,1,1063.0,1063.0
14412,42,3,1426.1899999999998,475.3966666666666
14415,1,23,11980.090000000004,520.8734782608698
14418,3,3,1937.25,645.75
14422,0,19,10271.52,540.6063157894737
14429,403,1,516.28,516.28
14432,9,6,2248.5,374.75
14433,465,1,280.7,280.7
14434,21,6,1372.8,228.79999999999998
14435,501,1,90.42,90.42
14437,365,5,873.34,174.668
14438,306,1,131.9,131.9
14439,319,5,9443.039999999999,1888.6079999999997
14446,0,5,1200.28,240.05599999999998
14448,9,2,375.35,187.675
14456,5,9,3017.2799999999997,335.25333333333333
14461,148,13,6676.91,513.6084615384615
14465,246,11,3925.85,356.8954545454545
14468,733,1,204.24,204.24
14474,46,2,1258.8899999999999,629.4449999999999
14475,71,4,1151.15,287.7875
14478,382,4,1276.6599999999999,319.16499999999996
14483,281,2,257.1,128.55
14491,175,2,340.93,170.465
14494,25,3,401.46,133.82
14499,26,7,2101.7900000000004,300.25571428571436
14500,88,3,356.85,118.95
14502,19,11,2429.83,220.89363636363635
14505,17,19,11879.079999999998,625.2147368421051
14514,61,9,4380.04,486.6711111111111
14515,17,12,3724.0600000000004,310.33833333333337
14525,19,17,8026.539999999999,472.1494117647058
14527,2,122,27246.88000000001,223.33508196721317
14531,479,1,376.34,376.34
14533,24,11,3466.3700000000003,315.1245454545455
14534,2,26,6187.66,237.98692307692306
14537,57,2,641.4000000000001,320.70000000000005
14545,674,1,349.25,349.25
14547,3,8,3974.75,496.84375
14557,85,1,788.38,788.38
14561,75,3,1080.76,360.25333333333333
14562,3,26,6638.149999999999,255.3134615384615
14569,1,4,597.3299999999999,149.33249999999998
14581,16,2,409.65,204.825
14586,276,1,237.36,237.36
14589,371,1,39.75,39.75
14595,19,8,2164.45,270.55625
14602,656,1,205.35999999999999,205.35999999999999
14604,633,1,143.85999999999999,143.85999999999999
14610,395,2,24.35,12.175
14626,23,11,5410.919999999999,491.9018181818181
14627,379,1,462.75,462.75
14629,4,2,955.26,477.63
14636,36,2,609.85,304.925
14639,52,9,4978.960000000001,553.2177777777779
14640,24,10,3649.36,364.93600000000004
14646,1,151,528602.5199999998,3500.6789403973494
14648,416,15,4466.65,297.77666666666664
14654,738,1,246.86,246.86
14657,17,6,1450.1899999999998,241.6983333333333
14658,5,2,247.15,123.575
14662,28,7,1376.4299999999998,196.63285714285712
14665,60,7,2749.65,392.8071428571429
14668,445,1,111.63,111.63
14673,3,7,3037.32,433.90285714285716
14674,509,1,173.66,173.66
14678,579,1,403.39,403.39
14680,25,58,55688.49999999999,960.1465517241378
14687,106,3,1402.06,467.3533333333333
14693,264,7,1165.3600000000001,166.48000000000002
14694,617,1,244.31,244.31
14698,1,5,1217.2700000000002,243.45400000000004
14704,11,11,1752.9199999999998,159.35636363636362
14706,618,1,367.54,367.54
14707,435,2,139.2,69.6
14709,15,25,8886.33,355.4532
14712,29,4,1328.0700000000002,332.01750000000004
14713,9,21,5115.76,243.60761904761907
14717,733,1,81.3,81.3
14719,1,5,1581.8400000000001,316.36800000000005
14721,379,1,109.07,109.07
14728,413,1,190.58,190.58
14733,16,15,14335.150000000001,955.6766666666667
14738,42,9,1821.9,202.43333333333334
14740,197,11,4161.0599999999995,378.2781818181818
14758,144,7,2864.9699999999993,409.2814285714285
14760,297,1,89.2,89.2
14766,8,11,6375.73,579.6118181818182
14772,112,1,139.26,139.26
14779,280,3,386.15,128.71666666666667
14780,54,2,447.68,223.84
14795,166,1,131.45000000000002,131.45000000000002
14797,507,1,300.31,300.31
14800,47,17,7191.330000000001,423.0194117647059
14802,438,2,1502.98,751.49
14805,15,7,1082.55,154.65
14806,75,2,303.43,151.715
14807,390,2,504.14,252.07
14809,621,2,686.76,343.38
14810,40,13,2354.03,181.07923076923078
14821,366,7,1230.1499999999999,175.73571428571427
14831,680,3,1676.5700000000002,558.8566666666667
14855,119,7,6520.3,931.4714285714286
14856,36,3,1290.53,430.1766666666667
14872,483,3,816.6,272.2
14887,79,1,1862.0,1862.0
14893,9,3,1809.6100000000001,603.2033333333334
14896,204,8,1826.0,228.25
14897,7,8,3140.5400000000004,392.56750000000005
14901,11,12,1919.0,159.91666666666666
14903,21,5,2795.33,559.066
14906,445,1,68.44,68.44
14913,35,8,4073.1300000000006,509.14125000000007
14916,70,8,3042.95,380.36875
14919,539,1,359.35,359.35
14926,381,2,359.4,179.7
14928,627,1,223.91000000000003,223.91000000000003
14944,29,19,9784.67,514.9826315789473
14950,19,1,371.2,371.2
14954,12,2,462.12,231.06
14972,128,2,145.07,72.535
14973,107,3,1314.45,438.15000000000003
14975,57,2,472.39,236.195
14976,57,7,790.86,112.98
14977,725,1,31.929999999999996,31.929999999999996
14978,72,10,3112.1899999999996,311.21899999999994
14982,572,1,237.78,237.78
14983,689,1,183.20000000000002,183.20000000000002
14986,376,2,563.1,281.55
14988,211,7,2038.6499999999996,291.2357142857142
14990,612,2,304.16999999999996,152.08499999999998
14992,442,1,210.5,210.5
14995,38,2,231.98000000000002,115.99000000000001
14996,481,2,442.29,221.145
15004,147,1,1220.77,1220.77
15005,15,56,13754.579999999998,245.61749999999998
15007,159,1,156.91,156.91
15012,53,3,646.26,215.42
15018,38,3,496.21000000000004,165.40333333333334
15019,266,1,252.81,252.81
15021,8,12,2500.5899999999997,208.38249999999996
15023,3,20,11578.65,578.9325
15031,4,14,3102.94,221.63857142857142
15033,4,10,2557.1800000000003,255.71800000000002
15035,89,1,252.73000000000002,252.73000000000002
15037,376,2,397.76,198.88
15040,541,1,7.49,7.49
15042,199,2,315.45000000000005,157.72500000000002
15045,151,2,735.66,367.83
15049,273,1,121.17000000000002,121.17000000000002
15050,25,5,4087.1899999999996,817.4379999999999
15051,23,9,3926.9100000000008,436.32333333333344
15055,474,3,549.1199999999999,183.03999999999996
15058,25,16,3387.5800000000004,211.72375000000002
15061,3,127,126389.01999999999,995.1891338582676
15063,213,1,370.79999999999995,370.79999999999995
15064,410,4,1254.4099999999999,313.60249999999996
15067,78,5,3862.88,772.576
15073,9,8,2788.02,348.5025
15079,212,11,3625.4,329.58181818181816
15080,427,2,546.25,273.125
15082,668,1,93.35000000000001,93.35000000000001
15086,564,2,218.53,109.265
15093,18,23,13702.380000000003,595.7556521739132
15095,103,10,3141.6400000000003,314.16400000000004
15109,245,3,983.0999999999999,327.7
15118,134,1,244.8,244.8
15121,50,2,457.71999999999997,228.85999999999999
15123,7,5,4656.17,931.234
15127,65,2,711.5,355.75
15137,520,2,823.4,411.7
15139,239,2,178.96,89.48
15145,4,4,1194.73,298.6825
15150,17,13,8977.94,690.6107692307693
15157,3,5,2654.1099999999997,530.8219999999999
15159,1,34,22116.73,650.4920588235294
15161,388,1,119.92,119.92
15163,18,2,304.47,152.235
15165,373,1,487.75,487.75
15181,66,5,1200.2,240.04000000000002
15183,547,3,639.9300000000001,213.31000000000003
15185,70,1,310.62,310.62
15186,14,5,1403.2,280.64
15188,725,1,310.43,310.43
15191,463,3,588.05,196.01666666666665
15200,494,1,549.05,549.05
15202,420,3,6001.49,2000.4966666666667
15206,10,4,420.29999999999995,105.07499999999999
15208,1,6,970.5200000000001,161.75333333333336
15215,46,7,2422.43,346.06142857142856
15216,87,2,486.09000000000003,243.04500000000002
15217,563,1,426.24,426.24
15221,366,4,2062.2000000000003,515.5500000000001
15224,358,5,871.36,174.272
15225,234,1,409.40000000000003,409.40000000000003
15227,36,9,2488.49,276.49888888888887
15231,621,1,250.26,250.26
15239,10,2,780.59,390.295
15249,31,18,9266.0,514.7777777777778
15251,9,21,20324.539999999997,967.835238095238
15257,283,2,685.9,342.95
15258,168,2,623.1600000000001,311.58000000000004
15261,135,4,1508.0,377.0
15265,151,4,3345.6400000000003,836.4100000000001
15266,338,5,852.2099999999999,170.44199999999998
15268,478,3,961.9,320.6333333333333
15269,23,3,1225.36,408.4533333333333
15274,4,2,716.57,358.285
15276,66,4,619.8,154.95
15277,46,2,476.34,238.17
15278,561,4,496.15999999999997,124.03999999999999
15281,58,16,8543.57,533.973125
15285,407,1,94.92,94.92
15287,22,5,856.0300000000001,171.20600000000002
15288,43,10,3715.38,371.538
15292,201,1,178.39,178.39
15294,410,1,233.35,233.35
15296,50,12,10323.029999999999,860.2524999999999
15302,730,1,308.0,308.0
15303,290,3,1224.1799999999998,408.05999999999995
15313,110,1,52.0,52.0
15314,199,3,820.45,273.48333333333335
15315,64,2,570.5,285.25
15320,44,1,267.13,267.13
15326,333,5,1700.52,340.104
15327,52,1,208.75,208.75
15328,407,1,107.24,107.24
15336,401,1,240.5,240.5
15342,129,1,406.09,406.09
15343,87,1,364.5,364.5
15345,45,1,393.54,393.54
15348,72,1,158.04,158.04
15355,29,2,277.05,138.525
15360,39,1,427.93,427.93
15366,75,7,2389.08,341.29714285714283
15370,40,8,3739.01,467.37625
15372,137,8,6017.0599999999995,752.1324999999999
15377,382,4,1211.7500000000002,302.93750000000006
15384,169,4,2027.79,506.9475
15394,9,11,5286.799999999999,480.61818181818177
15396,112,2,796.3800000000001,398.19000000000005
15400,92,8,1302.3000000000002,162.78750000000002
15414,9,3,774.9000000000001,258.3
15420,434,6,743.0,123.83333333333333
15424,254,3,597.78,199.26
15425,400,4,1941.1200000000001,485.28000000000003
15432,23,2,320.76,160.38
15433,213,2,533.3,266.65
15441,396,3,1254.21,418.07
15444,9,2,1411.21,705.605
15445,264,2,284.5,142.25
15446,376,3,399.75,133.25
15451,434,2,226.86,113.43
15460,354,1,214.26,214.26
15461,460,2,429.7,214.85
15462,94,4,737.05,184.2625
15468,51,3,1430.48,476.82666666666665
15469,50,3,874.25,291.4166666666667
15471,2,3,1292.01,430.67
15472,113,1,371.56,371.56
15478,40,3,1983.48,661.16
15479,733,1,147.4,147.4
15480,116,5,6279.0,1255.8
15495,379,1,246.5,246.5
15497,17,9,8657.390000000001,961.9322222222223
15505,52,5,3610.96,722.192
15506,22,6,2030.33,338.3883333333333
15512,155,4,331.58000000000004,82.89500000000001
15520,1,1,343.5,343.5
15522,32,2,397.99,198.995
15528,254,1,229.33,229.33
15529,22,12,4783.66,398.6383333333333
15532,25,10,3738.8500000000004,373.88500000000005
15534,725,1,162.25,162.25
15536,409,1,259.09,259.09
15537,163,1,110.92,110.92
15539,7,1,538.46,538.46
15552,217,2,252.52,126.26
15568,2,3,758.29,252.76333333333332
15572,4,10,3965.2000000000003,396.52000000000004
15576,37,1,921.37,921.37
15579,68,5,1250.6299999999999,250.12599999999998
15587,50,7,1522.08,217.44
15594,15,5,1771.78,354.356
15610,51,1,112.46000000000001,112.46000000000001
15618,32,4,776.851,194.21275
15619,10,1,336.40000000000003,336.40000000000003
15627,457,2,566.9000000000001,283.45000000000005
15635,395,1,100.35,100.35
15638,378,6,2265.2,377.5333333333333
15649,336,4,1660.35,415.0875
15651,36,5,1259.06,251.81199999999998
15652,91,5,1405.94,281.188
15657,22,1,30.0,30.0
15663,106,1,138.14,138.14
15664,50,4,1254.03,313.5075
15667,39,1,301.32,301.32
15670,296,2,325.20000000000005,162.60000000000002
15675,81,4,542.04,135.51
15679,24,4,781.28,195.32
15683,117,2,524.54,262.27
15690,4,2,239.76,119.88
15694,0,24,9978.479999999998,415.7699999999999
15695,266,4,1131.04,282.76
15700,172,2,696.68,348.34
15702,476,2,140.39000000000001,70.19500000000001
15705,201,1,143.1,143.1
15709,283,2,327.85,163.925
15712,9,12,3472.4099999999994,289.36749999999995
15714,11,5,783.96,156.792
15715,555,5,658.0200000000001,131.604
15717,234,5,607.0,121.4
15722,35,11,5234.0,475.8181818181818
15725,15,1,415.25,415.25
15727,16,15,9371.71,624.7806666666667
15730,65,5,1726.5800000000002,345.31600000000003
15731,553,1,125.3,125.3
15742,619,1,156.87,156.87
15743,16,4,775.96,193.99
15746,134,1,196.88,196.88
15747,12,9,2499.81,277.75666666666666
15748,40,3,609.8100000000001,203.27
15751,460,11,1380.44,125.49454545454546
15756,61,4,528.01,132.0025
15760,630,2,13916.34,6958.17
15762,65,2,583.75,291.875
15765,666,1,370.63,370.63
15773,5,2,774.5200000000001,387.26000000000005
15775,245,2,150.5,75.25
15779,463,2,124.08,62.04
15786,46,5,8501.62,1700.324
15793,14,8,2399.5700000000006,299.9462500000001
15796,1,17,5171.630000000001,304.21352941176474
15797,113,6,2821.08,470.18
15798,492,3,1535.37,511.78999999999996
15801,46,3,1063.95,354.65000000000003
15803,51,4,1929.6599999999999,482.41499999999996
15804,0,13,4206.389999999999,323.5684615384615
15805,23,30,10148.93,338.29766666666666
15806,46,3,784.5799999999999,261.52666666666664
15809,36,7,1274.44,182.06285714285715
15810,78,8,2999.04,374.88
15812,107,12,5201.47,433.4558333333334
15816,542,2,144.14999999999998,72.07499999999999
15832,254,1,836.79,836.79
15840,58,2,355.56,177.78
15841,72,9,2742.41,304.7122222222222
15848,621,1,137.99,137.99
15858,15,13,3552.4099999999994,273.2623076923077
15859,432,1,438.46,438.46
15861,12,12,4369.2,364.09999999999997
15870,32,4,857.46,214.365
15889,156,8,1427.6,178.45
15893,481,1,305.28000000000003,305.28000000000003
15897,194,2,208.59,104.295
15898,1,25,4996.450000000001,199.85800000000003
15899,368,1,56.25,56.25
15900,23,4,886.5699999999999,221.64249999999998
15902,380,1,145.01,145.01
15903,9,12,8939.84,744.9866666666667
15904,8,1,164.68,164.68
15905,543,1,114.69,114.69
15909,173,1,191.94,191.94
15916,16,13,3145.24,241.94153846153844
15917,247,5,530.17,106.03399999999999
15918,190,3,582.88,194.29333333333332
15919,19,2,525.69,262.845
15920,154,9,569.14,63.23777777777778
15925,194,1,207.15,207.15
15927,647,1,106.54,106.54
15929,644,1,594.0,594.0
15930,67,1,426.63,426.63
15931,428,1,239.9,239.9
15935,239,2,416.86,208.43
15940,311,1,35.8,35.8
15946,502,3,2304.18,768.06
15947,82,1,1708.24,1708.24
15963,19,2,470.76,235.38
15966,450,1,426.53000000000003,426.53000000000003
15974,39,7,3442.15,491.7357142857143
15981,24,21,9362.77,445.8461904761905
15982,605,1,324.51,324.51
15983,22,8,3110.37,388.79625
15985,123,7,2715.28,387.8971428571429
16000,2,3,12393.7,4131.233333333334
16001,381,1,583.39,583.39
16009,22,4,972.11,243.0275
16011,8,29,5601.01,193.13827586206898
16013,3,84,56078.43999999999,667.600476190476
16017,47,5,1545.58,309.116
16019,46,27,17329.16,641.8207407407407
16021,395,2,487.03,243.515
16022,260,1,602.63,602.63
16024,12,3,483.99,161.33
16026,43,1,236.09,236.09
16027,91,15,2048.36,136.55733333333333
16028,595,1,82.2,82.2
16030,309,1,331.24,331.24
16035,560,1,217.73,217.73
16036,87,4,2556.84,639.21
16041,30,3,3166.4,1055.4666666666667
16046,562,1,235.78,235.78
16053,32,6,3634.84,605.8066666666667
16064,725,1,109.31,109.31
16069,417,1,457.7,457.7
16076,3,10,2234.73,223.473
16082,670,1,106.75,106.75
16090,624,1,180.56,180.56
16097,240,1,185.04999999999998,185.04999999999998
16099,50,7,1573.1999999999998,224.7428571428571
16102,42,3,1842.14,614.0466666666667
16115,9,12,2553.8,212.8166666666667
16117,189,3,654.4,218.13333333333333
16120,59,6,2967.5099999999998,494.585
16122,73,6,895.6200000000001,149.27
16125,367,14,4292.35,306.5964285714286
16130,422,4,987.48,246.87
16134,21,5,2145.34,429.06800000000004
16135,262,2,819.4499999999999,409.72499999999997
16139,18,5,1111.1499999999999,222.22999999999996
16142,249,1,535.34,535.34
16143,3,12,4555.080000000001,379.5900000000001
16144,246,1,175.2,175.2
16148,296,2,386.62,193.31
16153,49,11,5133.49,466.6809090909091
16159,281,4,1232.79,308.1975
16169,8,4,1822.97,455.7425
16172,95,8,1884.55,235.56875
16176,421,4,2052.69,513.1725
16178,138,2,612.6,306.3
16183,67,4,1077.81,269.4525
16186,22,26,8718.429999999998,335.3242307692307
16187,31,15,6911.4400000000005,460.7626666666667
16194,375,1,308.59999999999997,308.59999999999997
16199,392,7,942.75,134.67857142857142
16202,360,9,2501.9900000000002,277.9988888888889
16211,88,3,1090.59,363.53
16212,19,4,1293.71,323.4275
16222,318,2,1272.0500000000002,636.0250000000001
16223,374,2,1087.0500000000002,543.5250000000001
16226,203,5,672.1700000000001,134.43400000000003
16236,78,1,432.2,432.2
16240,24,2,3718.8,1859.4
16242,8,14,7404.65,528.9035714285714
16244,211,2,1522.75,761.375
16246,459,2,821.35,410.675
16249,52,5,1800.07,360.014
16251,512,1,128.31,128.31
16255,16,15,4530.000000000001,302.00000000000006
16256,266,3,1629.3700000000001,543.1233333333333
16264,438,2,823.53,411.765
16268,71,2,667.65,333.825
16271,2,10,3397.8199999999997,339.782
16273,648,2,318.34000000000003,159.17000000000002
16276,176,3,2629.3900000000003,876.4633333333335
16279,21,9,5698.280000000001,633.1422222222222
16280,725,1,238.05,238.05
16284,31,3,1018.48,339.49333333333334
16287,169,5,1006.98,201.39600000000002
16290,464,4,1957.7,489.425
16291,682,1,117.72,117.72
16292,121,5,1253.76,250.752
16293,21,15,4279.200000000001,285.28000000000003
16296,626,4,1313.67,328.4175
16302,126,1,233.22,233.22
16310,414,2,460.08,230.04
16313,3,2,274.15,137.075
16319,217,1,404.40000000000003,404.40000000000003
16324,128,3,408.59,136.19666666666666
16326,5,24,4721.25,196.71875
16334,492,1,263.73,263.73
16336,420,4,3517.6900000000005,879.4225000000001
16337,36,1,151.05,151.05
16340,107,3,1496.24,498.74666666666667
16345,44,2,1178.79,589.395
16349,290,1,53.5,53.5
16350,21,9,2253.89,250.4322222222222
16351,332,13,3330.03,256.15615384615387
16355,375,1,416.35,416.35
16356,197,6,415.87000000000006,69.31166666666668
16357,33,4,868.37,217.0925
16359,7,16,2697.7500000000005,168.60937500000003
16369,18,7,2656.5600000000004,379.5085714285715
16371,448,1,157.2,157.2
16374,66,5,1723.4,344.68
16377,267,2,1308.48,654.24
16381,395,2,247.85,123.925
16383,74,7,2896.6900000000005,413.81285714285724
16385,60,5,881.3500000000001,176.27000000000004
16387,322,5,882.46,176.49200000000002
16389,53,4,1382.0700000000002,345.51750000000004
16390,536,3,467.50000000000006,155.83333333333334
16394,56,5,1555.34,311.068
16396,476,1,137.8,137.8
16398,154,2,1705.8000000000002,852.9000000000001
16403,312,1,177.5,177.5
16405,302,2,167.25,83.625
16407,12,14,2761.65,197.2607142857143
16409,36,12,5652.740000000001,471.0616666666667
16411,19,4,756.39,189.0975
16413,56,2,522.03,261.015
16428,413,3,638.49,212.83
16432,64,1,287.4,287.4
16434,29,12,2673.69,222.8075
16437,381,2,301.25,150.625
16440,7,6,3856.97,642.8283333333333
16441,67,5,1019.1300000000001,203.82600000000002
16443,520,1,162.24,162.24
16444,46,17,3625.88,213.2870588235294
16446,0,2,168472.5,84236.25
16448,198,2,361.12,180.56
16459,729,1,71.78999999999999,71.78999999999999
16461,177,3,1545.83,515.2766666666666
16463,21,4,1422.3999999999999,355.59999999999997
16465,420,2,746.24,373.12
16467,508,7,2869.16,409.88
16471,274,4,1189.98,297.495
16474,7,7,1810.65,258.6642857142857
16477,63,11,4094.3700000000003,372.2154545454546
16478,25,3,331.0,110.33333333333333
16490,436,1,205.41000000000003,205.41000000000003
16493,79,7,2132.09,304.5842857142857
16494,296,1,826.53,826.53
16497,49,23,6695.280000000001,291.09913043478264
16500,4,9,843.91,93.76777777777778
16504,25,1,465.88,465.88
16507,572,1,142.71,142.71
16513,4,4,874.59,218.6475
16521,415,3,1140.11,380.03666666666663
16523,1,28,11916.33,425.5832142857143
16526,171,2,717.21,358.605
16529,190,4,1986.8,496.7
16530,668,1,48.349999999999994,48.349999999999994
16539,2,10,3289.66,328.966
16544,519,4,376.70000000000005,94.17500000000001
16545,164,2,689.8199999999999,344.90999999999997
16547,546,1,104.25999999999999,104.25999999999999
16552,242,2,379.7300000000001,189.86500000000004
16560,26,8,3048.38,381.0475
16566,15,5,614.66,122.93199999999999
16569,3,5,1455.23,291.046
16574,71,3,1301.78,433.9266666666667
16576,420,2,540.87,270.435
16577,666,1,380.0,380.0
16585,593,2,341.59000000000003,170.79500000000002
16590,400,2,605.9,302.95
16591,68,1,213.5,213.5
16593,50,8,1071.14,133.8925
16597,4,1,90.04,90.04
16598,285,1,145.04999999999998,145.04999999999998
16599,385,1,172.8,172.8
16600,4,13,2153.41,165.64692307692306
16608,453,2,1286.62,643.31
16613,70,1,618.59,618.59
16619,263,4,1938.3300000000002,484.58250000000004
16622,543,1,225.4,225.4
16625,274,5,1654.03,330.806
16629,73,2,408.63,204.315
16630,407,1,106.80000000000001,106.80000000000001
16636,438,4,3802.04,950.51
16638,22,15,2380.13,158.67533333333333
16644,177,2,833.78,416.89
16649,520,1,306.58000000000004,306.58000000000004
16652,58,16,17550.39,1096.899375
16656,22,30,16833.170000000002,561.1056666666667
16660,16,7,1879.55,268.50714285714287
16662,394,1,151.05,151.05
16668,15,13,862.42,66.34
16670,16,20,8030.15,401.5075
16671,28,3,1692.2700000000002,564.09
16674,54,2,304.24,152.12
16676,33,6,2361.9,393.65000000000003
16678,2,12,3109.9900000000002,259.16583333333335
16688,1,4,1260.86,315.215
16689,75,2,422.6,211.3
16690,72,4,353.03,88.2575
16695,561,2,191.9,95.95
16698,226,2,1998.0,999.0
16706,37,3,531.3499999999999,177.11666666666665
16708,45,1,656.63,656.63
16716,266,3,2149.6800000000003,716.5600000000001
16719,14,14,3513.62,250.97285714285712
16724,404,1,147.35,147.35
16726,26,7,2063.88,294.84000000000003
16731,648,1,170.3,170.3
16732,31,4,4387.64,1096.91
16739,176,2,786.4300000000001,393.21500000000003
16740,395,1,226.91,226.91
16743,29,14,4212.1500000000015,300.86785714285725
16755,114,7,2864.68,409.23999999999995
16757,318,2,270.48,135.24
16768,47,9,1698.57,188.73
16770,57,9,1778.93,197.6588888888889
16776,60,2,592.51,296.255
16778,74,2,245.94,122.97
16779,2,53,32809.03,619.0383018867924
16782,10,38,9636.119999999999,253.58210526315787
16786,393,1,51.839999999999996,51.839999999999996
16788,123,5,1928.93,385.786
16799,432,2,452.78,226.39
16802,679,2,582.61,291.305
16806,103,4,762.16,190.54
16811,4,2,547.0699999999999,273.53499999999997
16817,2,13,2560.7,196.97692307692307
16818,10,11,3349.5700000000006,304.5063636363637
16830,38,4,1207.5,301.875
16833,1,6,2409.04,401.50666666666666
16837,31,11,3170.9799999999996,288.2709090909091
16840,603,2,139.85,69.925
16845,618,1,253.88,253.88
16848,52,4,1411.62,352.905
16854,417,2,1408.96,704.48
16864,434,2,409.25,204.625
16866,140,3,207.73999999999998,69.24666666666666
16868,394,3,384.56,128.18666666666667
16870,469,1,450.15999999999997,450.15999999999997
16871,22,6,2812.3399999999997,468.7233333333333
16876,403,1,136.01,136.01
16880,30,8,1813.21,226.65125
16886,456,1,134.0,134.0
16890,476,3,285.41,95.13666666666667
16899,7,8,1695.77,211.97125
16905,5,17,4706.77,276.86882352941177
16912,28,15,4460.51,297.36733333333336
16917,276,2,1851.88,925.94
16918,49,16,3206.54,200.40875
16919,156,24,4909.66,204.56916666666666
16923,12,32,13157.130000000001,411.16031250000003
16936,25,2,548.29,274.145
16940,52,8,6427.660000000002,803.4575000000002
16941,611,1,33.0,33.0
16947,235,5,955.2099999999999,191.04199999999997
16949,3,6,1286.27,214.37833333333333
16952,109,5,795.83,159.166
16954,0,20,6081.88,304.094
16960,38,8,1990.8799999999999,248.85999999999999
16962,409,1,251.04,251.04
16966,8,7,2154.9700000000003,307.8528571428572
16978,77,3,768.88,256.29333333333335
16979,3,9,2859.74,317.74888888888887
16980,255,3,1422.83,474.27666666666664
16984,88,9,10350.53,1150.058888888889
16999,23,2,484.82000000000005,242.41000000000003
17001,0,19,6640.8,349.5157894736842
17003,402,4,828.2099999999999,207.05249999999998
17006,4,8,1635.27,204.40875
17009,551,1,242.06,242.06
17010,18,1,195.36,195.36
17015,28,3,1838.61,612.87
17016,576,1,552.4,552.4
17021,442,6,1182.22,197.03666666666666
17024,45,3,95.85,31.95
17025,60,5,1349.6699999999998,269.93399999999997
17026,185,3,175.82999999999998,58.60999999999999
17027,78,9,1310.6300000000003,145.6255555555556
17029,110,7,2137.3,305.3285714285715
17035,245,4,613.59,153.3975
17041,26,6,1655.1999999999998,275.8666666666666
17048,117,7,2071.68,295.9542857142857
17051,194,4,706.49,176.6225
17060,266,1,234.24,234.24
17063,21,13,3638.53,279.8869230769231
17067,724,3,454.53999999999996,151.51333333333332
17070,114,2,437.42,218.71
17074,562,1,203.05,203.05
17081,25,6,949.39,158.23166666666665
17082,33,6,4732.030000000001,788.6716666666667
17084,35,3,5001.21,1667.07
17085,123,28,7847.669999999999,280.27392857142854
17093,592,1,235.88,235.88
17095,22,7,2572.25,367.4642857142857
17103,722,1,424.3,424.3
17104,423,1,474.03,474.03
17107,33,10,16052.720000000001,1605.2720000000002
17112,502,1,197.57,197.57
17126,152,9,2016.43,224.04777777777778
17131,5,5,2463.17,492.634
17137,416,6,1099.81,183.30166666666665
17138,275,7,4417.27,631.0385714285715
17141,418,4,727.58,181.895
17144,1,2,984.5699999999999,492.28499999999997
17151,735,1,231.90000000000003,231.90000000000003
17155,17,7,892.4599999999999,127.49428571428571
17158,32,5,1980.0,396.0
17160,31,17,10209.16,600.5388235294117
17163,21,4,699.78,174.945
17165,284,6,1794.3200000000002,299.05333333333334
17166,38,2,206.34,103.17
17167,379,3,867.11,289.0366666666667
17168,498,1,400.2,400.2
17172,78,3,956.5699999999999,318.8566666666666
17174,217,1,59.9,59.9
17196,427,1,327.75,327.75
17198,23,3,692.22,230.74
17199,582,1,135.04000000000002,135.04000000000002
17200,387,4,356.71,89.1775
17205,53,3,999.3499999999999,333.1166666666666
17206,53,1,204.24,204.24
17207,652,1,292.62,292.62
17212,253,3,794.41,264.80333333333334
17214,60,6,1059.1200000000001,176.52
17216,554,1,63.6,63.6
17218,4,18,3891.39,216.18833333333333
17220,24,21,4457.310000000001,212.2528571428572
17221,7,5,976.6199999999999,195.32399999999998
17228,15,13,2820.0299999999997,216.9253846153846
17229,96,2,318.76,159.38
17233,35,3,560.86,186.95333333333335
17234,182,1,149.89000000000001,149.89000000000001
17235,25,8,1562.9800000000002,195.37250000000003
17238,2,32,7331.669999999999,229.11468749999997
17261,509,1,221.59,221.59
17263,208,1,63.440000000000005,63.440000000000005
17268,107,11,1733.8899999999999,157.62636363636364
17271,736,1,204.3,204.3
17279,57,1,187.82999999999998,187.82999999999998
17280,438,1,118.85999999999999,118.85999999999999
17283,378,1,188.46,188.46
17285,628,2,407.94,203.97
17290,3,8,1487.96,185.995
17294,669,2,467.78999999999996,233.89499999999998
17306,10,21,9782.349999999999,465.8261904761904
17308,393,2,4511.76,2255.88
17309,95,3,320.39,106.79666666666667
17315,1,43,9599.579999999998,223.24604651162787
17323,15,12,1551.04,129.25333333333333
17329,14,5,998.53,199.706
17339,94,3,302.36,100.78666666666668
17342,379,4,1227.54,306.885
17346,3,26,4998.61,192.25423076923076
17348,14,9,2442.29,271.36555555555555
17350,8,7,1893.701,270.5287142857143
17351,36,12,1988.2299999999998,165.6858333333333
17353,129,4,3242.0,810.5
17357,24,2,384.39,192.195
17359,11,2,284.46,142.23
17360,17,6,1200.51,200.085
17361,49,5,871.79,174.358
17365,12,15,8184.49,545.6326666666666
17368,23,14,2758.2900000000004,197.02071428571432
17370,72,4,446.18,111.545
17371,17,6,655.3699999999999,109.22833333333331
17383,4,2,304.09000000000003,152.04500000000002
17391,163,2,508.8,254.4
17393,410,2,381.15000000000003,190.57500000000002
17402,4,23,4635.5599999999995,201.54608695652172
17405,1,3,1031.41,343.80333333333334
17406,333,13,4186.95,322.0730769230769
17407,411,1,552.9,552.9
17408,163,3,316.09000000000003,105.36333333333334
17409,184,10,7793.51,779.351
17411,12,5,1425.38,285.076
17420,50,6,953.5799999999999,158.92999999999998
17425,19,2,759.1700000000001,379.58500000000004
17431,313,1,403.3,403.3
17433,88,2,569.96,284.98
17436,1,5,534.06,106.81199999999998
17438,253,5,1422.7700000000002,284.55400000000003
17446,176,2,120.9,60.45
17454,192,10,1547.94,154.794
17458,15,2,529.58,264.79
17459,43,2,657.3,328.65
17469,16,17,5051.25,297.13235294117646
17471,474,1,321.65000000000003,321.65000000000003
17472,191,4,922.3499999999999,230.58749999999998
17475,79,1,194.37,194.37
17476,395,2,489.86,244.93
17484,576,2,209.57,104.785
17488,641,1,336.5,336.5
17492,248,3,1122.42,374.14000000000004
17494,501,1,54.699999999999996,54.699999999999996
17496,358,4,1412.89,353.2225
17499,289,2,1341.3899999999999,670.6949999999999
17502,9,4,689.1,172.275
17516,15,6,947.5,157.91666666666666
17517,308,1,153.94,153.94
17522,1,5,1070.71,214.142
17523,11,4,652.74,163.185
17525,359,3,1161.9,387.3
17532,385,1,65.34,65.34
17534,53,5,1668.83,333.76599999999996
17536,177,3,364.83000000000004,121.61000000000001
17539,617,4,1176.84,294.21
17545,43,6,1409.86,234.97666666666666
17547,375,2,727.85,363.925
17550,197,9,2506.64,278.5155555555555
17552,60,12,2786.77,232.23083333333332
17553,129,4,3757.6,939.4
17557,14,4,575.46,143.865
17558,393,1,259.17,259.17
17561,19,4,703.02,175.755
17562,14,7,1122.38,160.34
17570,381,1,100.0,100.0
17572,71,10,652.21,65.221
17575,667,1,171.7,171.7
17576,8,41,8711.949999999999,212.48658536585364
17578,218,7,1047.33,149.6185714285714
17581,0,43,17951.170000000002,417.4690697674419
17582,236,5,1446.95,289.39
17591,73,8,2339.32,292.415
17598,381,1,409.98,409.98
17599,477,1,52.05,52.05
17600,17,1,161.67000000000002,161.67000000000002
17606,737,1,87.30000000000001,87.30000000000001
17610,540,5,1511.9399999999998,302.388
17611,7,28,8337.529999999999,297.76892857142855
17613,22,14,4544.550000000001,324.6107142857144
17615,130,6,721.8,120.3
17620,59,1,81.44,81.44
17623,32,7,2365.77,337.96714285714285
17627,478,1,296.36,296.36
17628,81,1,75.75,75.75
17629,5,10,2455.5199999999995,245.55199999999996
17631,1,7,998.4900000000001,142.64142857142858
17636,19,1,285.56,285.56
17638,647,2,842.4,421.2
17643,373,2,439.70000000000005,219.85000000000002
17646,219,12,3898.7899999999995,324.89916666666664
17648,60,5,2216.37,443.274
17653,36,4,1207.5600000000002,301.89000000000004
17658,25,2,595.42,297.71
17659,17,14,3586.99,256.2135714285714
17663,25,17,5175.83,304.4605882352941
17664,18,4,1166.23,291.5575
17668,1,2,347.75,173.875
17669,42,10,6142.35,614.235
17672,50,7,5778.63,825.5185714285715
17674,74,2,551.04,275.52
17678,263,2,599.76,299.88
17679,52,7,3577.6099999999997,511.0871428571428
17681,597,5,731.2,146.24
17682,10,11,4065.28,369.5709090909091
17684,43,1,239.41,239.41
17686,7,9,8296.810000000001,921.867777777778
17692,127,12,2975.7999999999997,247.98333333333332
17700,16,14,6679.97,477.1407142857143
17703,35,4,1094.84,273.71
17704,168,2,885.19,442.595
17705,3,11,2083.9,189.44545454545457
17708,187,4,884.1800000000001,221.04500000000002
17709,169,5,671.01,134.202
17718,232,2,439.17999999999995,219.58999999999997
17719,37,15,5396.04,359.736
17723,127,7,3378.4,482.62857142857143
17729,596,1,438.65000000000003,438.65000000000003
17731,79,6,1708.9899999999998,284.83166666666665
17732,372,8,2166.42,270.8025
17744,3,7,2649.14,378.4485714285714
17748,527,1,358.15,358.15
17751,421,1,157.85999999999999,157.85999999999999
17752,359,1,80.64,80.64
17758,19,12,4964.03,413.6691666666666
17759,17,5,1261.88,252.37600000000003
17761,32,1,712.78,712.78
17764,50,5,1513.5700000000002,302.71400000000006
17770,198,5,1143.27,228.654
17771,56,4,387.40999999999997,96.85249999999999
17774,96,9,3273.8299999999995,363.7588888888888
17777,24,3,647.56,215.85333333333332
17786,85,2,266.85,133.425
17789,281,2,397.15,198.575
17793,25,1,300.34,300.34
17794,686,2,147.3,73.65
17795,179,2,342.83000000000004,171.41500000000002
17799,22,20,6246.930000000001,312.34650000000005
17800,37,9,1187.2099999999998,131.9122222222222
17803,392,1,184.66,184.66
17809,16,20,10085.89,504.29449999999997
17811,4,47,9519.800000000001,202.54893617021278
17815,393,1,591.96,591.96
17816,36,6,96.11,16.018333333333334
17823,421,2,449.25,224.625
17829,298,5,4756.74,951.348
17833,723,1,338.46000000000004,338.46000000000004
17838,26,13,5604.639999999999,431.1261538461538
17846,85,1,2033.1,2033.1
17849,218,8,1063.7600000000002,132.97000000000003
17853,407,3,1596.2900000000002,532.0966666666667
17854,185,6,1068.5,178.08333333333334
17856,1,4,1418.0300000000002,354.50750000000005
17859,304,1,141.92000000000002,141.92000000000002
17864,12,5,876.57,175.31400000000002
17873,80,18,6265.33,348.07388888888886
17874,185,6,683.46,113.91000000000001
17879,173,1,178.51999999999998,178.51999999999998
17880,364,3,824.9200000000001,274.97333333333336
17883,3,7,988.4200000000001,141.20285714285714
17886,31,6,1572.55,262.09166666666664
17888,21,25,1807.4400000000003,72.29760000000002
17892,56,3,244.09999999999997,81.36666666666666
17897,172,9,2099.89,233.3211111111111
17903,394,1,381.09000000000003,381.09000000000003
17904,21,1,181.07,181.07
17908,373,5,1142.47,228.494
17914,3,1,329.36,329.36
17916,628,2,43.870000000000005,21.935000000000002
17918,500,3,396.39,132.13
17922,543,1,170.4,170.4
17931,134,14,3402.2399999999993,243.0171428571428
17932,29,3,1331.57,443.8566666666666
17933,632,1,114.69,114.69
17934,51,3,1049.15,349.7166666666667
17935,138,7,686.1400000000001,98.02000000000001
17940,49,16,30306.789999999997,1894.1743749999998
17941,130,4,1433.28,358.32
17945,696,3,360.34999999999997,120.11666666666666
17948,147,1,358.56000000000006,358.56000000000006
17950,72,7,1166.29,166.61285714285714
17957,66,1,111.68,111.68
17961,21,100,2866.7400000000007,28.667400000000008
17963,471,4,643.1599999999999,160.78999999999996
17969,166,20,2354.29,117.7145
17977,29,2,1511.4499999999998,755.7249999999999
17981,410,1,239.12,239.12
17982,680,1,138.18,138.18
17984,145,5,1152.19,230.43800000000002
17985,22,1,631.35,631.35
17987,185,5,965.44,193.08800000000002
17989,379,1,207.32999999999998,207.32999999999998
17992,389,1,252.88,252.88
17997,74,8,1962.4599999999996,245.30749999999995
18001,12,6,924.14,154.02333333333334
18004,362,1,157.92,157.92
18011,373,2,410.78999999999996,205.39499999999998
18032,334,1,73.5,73.5
18034,21,3,754.1999999999999,251.39999999999998
18059,23,3,306.46000000000004,102.15333333333335
18062,173,6,1632.67,272.1116666666667
18071,257,6,1169.68,194.9466666666667
18077,8,18,4078.79,226.59944444444443
18082,25,1,680.84,680.84
18084,16,3,795.23,265.07666666666665
18088,61,1,166.03,166.03
18092,2,18,14693.72,816.3177777777778
18098,396,1,527.94,527.94
18099,127,1,168.31,168.31
18106,329,6,1441.06,240.17666666666665
18108,254,3,848.81,282.93666666666667
18109,1,38,9555.710000000001,251.46605263157898
18113,368,1,76.32000000000001,76.32000000000001
18116,67,13,2134.4900000000002,164.19153846153847
18119,367,1,180.7,180.7
18123,24,3,666.6399999999999,222.21333333333328
18125,29,4,1131.75,282.9375
18127,19,4,556.1299999999999,139.03249999999997
18128,537,1,399.29,399.29
18130,15,3,1059.3899999999999,353.12999999999994
18137,551,2,145.99,72.995
18142,157,2,1019.52,509.76
18145,12,11,5609.74,509.9763636363636
18149,50,7,1553.96,221.99428571428572
18153,659,1,246.22,246.22
18155,75,3,371.62,123.87333333333333
18159,301,1,530.15,530.15
18163,584,1,728.84,728.84
18165,177,1,302.46000000000004,302.46000000000004
18166,623,1,175.5,175.5
18167,23,3,1384.8600000000001,461.62000000000006
18168,176,16,3435.5,214.71875
18182,463,1,291.13,291.13
18194,82,6,4162.04,693.6733333333333
18199,683,1,344.75,344.75
18202,199,3,1396.99,465.66333333333336
18203,157,4,492.52000000000004,123.13000000000001
18204,71,3,1975.35,658.4499999999999
18205,36,2,517.36,258.68
18209,28,1,139.10000000000002,139.10000000000002
18210,1,7,2768.83,395.54714285714283
18213,236,1,232.48000000000002,232.48000000000002
18219,2,17,3352.7,197.21764705882353
18220,226,6,1921.76,320.29333333333335
18222,92,1,443.0,443.0
18225,3,26,13014.8,500.5692307692307
18229,11,28,10150.509999999998,362.51821428571424
18232,81,4,592.97,148.2425
18233,325,1,440.0,440.0
18237,2,5,987.0999999999999,197.42
18240,46,1,422.58,422.58
18241,9,21,2986.9900000000002,142.23761904761906
18243,414,1,515.78,515.78
18244,430,2,568.64,284.32
18246,23,3,758.8199999999999,252.93999999999997
18253,642,1,317.88,317.88
18258,464,6,2059.67,343.27833333333336
18259,24,7,3941.9000000000005,563.1285714285715
18262,140,3,577.54,192.51333333333332
18267,672,1,269.37,269.37
18269,366,1,168.6,168.6
18274,30,1,175.92,175.92
18278,73,2,414.20000000000005,207.10000000000002
12348,75,5,2019.4,403.88
12349,18,4,4428.69,1107.1725
12352,36,10,2849.8399999999997,284.984
12353,204,2,406.76,203.38
12355,214,2,947.61,473.805
12357,33,3,18287.66,6095.886666666666
12361,287,4,511.25,127.8125
12372,71,3,1298.04,432.68
12384,28,2,585.27,292.635
12387,415,1,143.94,143.94
12388,15,8,3901.11,487.63875
12390,79,1,549.84,549.84
12391,21,6,2724.84,454.14000000000004
12395,19,15,4721.17,314.74466666666666
12396,674,1,931.43,931.43
12401,303,1,84.3,84.3
12403,49,2,1019.3600000000001,509.68000000000006
12407,49,5,1708.12,341.62399999999997
12416,656,1,202.56,202.56
12421,15,6,1098.6,183.1
12423,0,10,2622.3900000000003,262.23900000000003
12424,162,4,3340.03,835.0075
12443,732,1,485.31,485.31
12447,243,1,476.49,476.49
12462,18,2,1189.5900000000001,594.7950000000001
12464,10,8,1212.05,151.50625
12469,522,2,3070.54,1535.27
12470,689,1,211.95,211.95
12471,2,79,39918.19,505.2935443037975
12472,32,19,16249.29,855.2257894736842
12474,17,31,12372.75,399.1209677419355
12476,15,23,14083.91,612.3439130434782
12477,22,9,20276.37,2252.93
12478,3,1,680.99,680.99
12484,32,12,6354.1,529.5083333333333
12491,38,1,460.40000000000003,460.40000000000003
12494,15,9,1815.2700000000002,201.6966666666667
12501,336,1,2169.39,2169.39
12504,18,4,779.05,194.7625
12505,408,1,955.2,955.2
12506,232,1,73.5,73.5
12510,142,9,5178.02,575.3355555555556
12512,66,2,132.18,66.09
12516,77,4,2648.62,662.155
12518,0,5,2056.89,411.378
12519,63,2,716.54,358.27
12520,79,5,2634.2599999999998,526.852
12522,39,2,192.72,96.36
12530,59,9,3759.26,417.6955555555556
12533,627,2,1367.8899999999999,683.9449999999999
12535,91,2,716.3499999999999,358.17499999999995
12536,43,3,12601.830000000002,4200.610000000001
12541,29,3,981.18,327.06
12544,36,1,372.7,372.7
12552,38,2,437.82,218.91
12556,50,2,599.56,299.78
12557,16,8,18096.14,2262.0175
12559,310,2,561.71,280.855
12564,261,1,456.9,456.9
12568,644,1,70.0,70.0
12571,39,2,519.61,259.805
12573,227,5,717.4100000000001,143.48200000000003
12579,78,1,440.42,440.42
12581,39,1,197.71,197.71
12582,238,4,1980.4,495.1
12589,28,8,4695.66,586.9575
12592,92,5,2582.6600000000003,516.532
12594,37,15,5090.110000000001,339.3406666666667
12595,504,1,299.02,299.02
12599,29,13,2296.72,176.67076923076922
12602,58,1,153.12,153.12
12604,79,2,254.18,127.09
12605,376,4,1232.95,308.2375
12618,21,1,177.31,177.31
12620,14,3,1339.4099999999999,446.46999999999997
12621,1,35,24311.200000000004,694.6057142857144
12626,23,9,6620.4800000000005,735.6088888888889
12630,9,2,1270.88,635.44
12638,33,2,921.49,460.745
12641,115,1,185.9,185.9
12644,129,4,1918.4900000000002,479.62250000000006
12649,107,8,2294.65,286.83125
12650,3,1,314.44,314.44
12653,148,3,4160.83,1386.9433333333334
12654,10,5,601.98,120.396
12667,58,1,620.13,620.13
12673,5,3,1230.02,410.00666666666666
12676,24,11,2843.0899999999997,258.46272727272725
12685,28,6,2863.08,477.18
12693,127,7,1703.0200000000002,243.28857142857146
12694,70,3,1843.35,614.4499999999999
12696,434,2,851.91,425.955
12699,417,1,638.11,638.11
12702,19,1,219.0,219.0
12704,7,8,2340.84,292.605
12711,611,2,1339.05,669.525
12712,28,21,6723.029999999999,320.1442857142857
12715,106,1,343.36,343.36
12718,71,1,238.25,238.25
12733,234,4,2424.87,606.2175
12737,498,2,3710.5,1855.25
12739,78,4,2726.73,681.6825
12744,51,11,25317.059999999998,2301.550909090909
12748,0,336,53539.640000000014,159.3441666666667
12753,22,6,21429.39,3571.565
12756,86,1,112.07999999999998,112.07999999999998
12757,15,13,7834.65,602.6653846153846
12758,116,7,9903.24,1414.7485714285715
12771,485,1,282.3,282.3
12772,59,1,892.47,892.47
12777,457,1,519.45,519.45
12789,65,3,273.35,91.11666666666667
12791,373,6,863.5099999999999,143.91833333333332
12793,334,3,885.53,295.1766666666667
12798,10,4,8510.93,2127.7325
12804,465,2,325.37,162.685
12809,177,3,1755.94,585.3133333333334
12815,147,2,1063.46,531.73
12816,95,2,572.2,286.1
12820,3,11,2689.52,244.50181818181818
12828,2,6,1018.7099999999999,169.785
12830,37,6,6814.639999999999,1135.7733333333333
12831,262,3,451.11,150.37
12834,282,1,312.38,312.38
12835,427,41,5996.83,146.2641463414634
12846,682,1,15.58,15.58
12847,22,2,1609.0,804.5
12850,445,1,330.0,330.0
12851,96,2,280.76,140.38
12852,294,1,311.55,311.55
12854,78,7,2970.97,424.4242857142857
12863,52,6,2792.55,465.425
12867,26,13,7829.259999999999,602.2507692307692
12869,681,1,337.66999999999996,337.66999999999996
12870,375,3,1676.95,558.9833333333333
12871,84,3,744.02,248.00666666666666
12873,282,3,2027.3000000000002,675.7666666666668
12881,275,1,298.0,298.0
12890,24,2,706.02,353.01
12903,428,1,833.53,833.53
12918,626,1,10953.5,10953.5
12920,17,4,486.64,121.66
12921,9,74,35233.24000000001,476.12486486486506
12930,78,2,415.8,207.9
12931,21,57,92347.34000000001,1620.1287719298248
12946,436,1,324.45,324.45
12950,2,3,1843.0,614.3333333333334
12951,8,15,3213.7200000000007,214.24800000000005
12958,400,2,467.34,233.67
12961,379,1,211.99,211.99
12965,89,1,769.8100000000001,769.8100000000001
12966,9,1,160.18,160.18
12968,112,1,135.95,135.95
12969,602,1,122.45,122.45
12970,7,10,1453.6,145.35999999999999
12974,197,2,408.95,204.475
12977,156,4,513.88,128.47
12978,385,5,2502.82,500.564
12980,157,21,16245.779999999999,773.6085714285714
12984,18,1,97.5,97.5
12990,31,7,955.5,136.5
12992,725,1,93.35000000000001,93.35000000000001
12993,23,8,1259.6299999999997,157.45374999999996
12996,375,1,355.5,355.5
12997,22,8,2110.91,263.86375
13004,11,36,11650.850000000002,323.6347222222223
13009,672,1,234.0,234.0
13013,1,29,11097.429999999998,382.66999999999996
13016,73,3,789.89,263.2966666666667
13017,7,1,204.0,204.0
13021,4,17,4887.24,287.48470588235296
13028,22,2,661.3199999999999,330.65999999999997
13033,357,2,220.55,110.275
13034,54,3,756.8199999999999,252.2733333333333
13040,8,2,676.99,338.495
13052,212,7,3119.33,445.61857142857144
13055,78,4,2321.11,580.2775
13059,249,10,2291.77,229.177
13066,24,2,470.8,235.4
13069,0,38,9284.45,244.32763157894738
13075,129,1,919.61,919.61
13078,3,57,29018.060000000005,509.08877192982465
13080,179,4,280.73,70.1825
13081,11,28,56838.369999999995,2029.9417857142855
13082,126,21,7335.75,349.32142857142856
13083,4,3,395.43,131.81
13090,8,24,13091.74,545.4891666666666
13098,1,28,28882.44,1031.5157142857142
13109,59,3,1134.03,378.01
13114,730,1,234.38,234.38
13117,21,18,2255.6599999999994,125.3144444444444
13120,238,1,30.599999999999998,30.599999999999998
13121,269,1,283.73,283.73
13122,94,2,922.39,461.195
13124,89,4,4641.66,1160.415
13125,523,1,148.62,148.62
13126,4,13,3774.81,290.37
13127,77,1,259.17,259.17
13128,631,1,263.5,263.5
13129,452,2,233.25,116.625
13136,56,13,6274.5599999999995,482.6584615384615
13138,22,7,1274.01,182.00142857142856
13148,29,26,8497.82,326.83923076923077
13156,385,3,1586.54,528.8466666666667
13166,283,2,875.9300000000001,437.96500000000003
13170,26,1,108.81,108.81
13175,582,2,831.4499999999999,415.72499999999997
13183,7,15,7036.180000000001,469.0786666666667
13184,14,10,1668.9499999999996,166.89499999999995
13188,11,1,114.60000000000001,114.60000000000001
13190,544,3,570.66,190.22
13191,658,1,164.69,164.69
13196,11,7,3068.84,438.4057142857143
13197,609,1,373.01000000000005,373.01000000000005
13210,93,1,353.48,353.48
13220,78,5,1336.09,267.21799999999996
13222,577,1,88.5,88.5
13223,200,6,969.12,161.52
13225,3,16,16260.07,1016.254375
13227,201,1,257.7,257.7
13229,225,1,160.95,160.95
13232,12,7,1328.3500000000001,189.76428571428573
13235,212,1,1031.07,1031.07
13237,387,1,643.0,643.0
13241,411,1,112.53,112.53
13247,17,4,501.12,125.28
13248,124,2,465.67999999999995,232.83999999999997
13258,11,5,1009.4300000000001,201.88600000000002
13268,17,11,3174.75,288.6136363636364
13283,59,4,373.36,93.34
13284,330,1,201.19,201.19
13286,600,1,734.91,734.91
13289,723,1,307.95,307.95
13290,438,1,208.63,208.63
13293,392,6,1192.94,198.82333333333335
13294,189,3,1689.53,563.1766666666666
13295,359,4,1101.97,275.4925
13297,7,7,4368.619999999999,624.0885714285713
13303,400,1,61.72,61.72
13315,689,1,310.26,310.26
13316,37,10,12940.82,1294.0819999999999
13324,36,18,10513.470000000001,584.0816666666667
13326,432,1,281.76,281.76
13327,38,20,9134.48,456.724
13329,31,8,4808.77,601.09625
13332,14,1,350.9,350.9
13347,70,1,341.36,341.36
13351,66,1,373.94,373.94
13360,431,4,1553.6499999999999,388.41249999999997
13361,472,2,1450.5,725.25
13369,365,1,308.28000000000003,308.28000000000003
13373,60,6,7587.1900000000005,1264.5316666666668
13375,88,2,1792.23,896.115
13379,26,3,572.56,190.85333333333332
13385,329,1,534.57,534.57
13386,414,2,835.46,417.73
13387,417,1,186.94,186.94
13389,11,3,797.96,265.9866666666667
13396,29,2,1360.99,680.495
13397,72,10,3191.87,319.187
13399,464,3,275.4,91.8
13411,107,1,213.55,213.55
13413,639,6,429.44,71.57333333333334
13419,63,1,221.06,221.06
13422,64,1,2626.3,2626.3
13431,67,8,3316.24,414.53
13432,571,2,439.1,219.55
13439,255,3,986.6100000000001,328.87000000000006
13457,688,2,148.22,74.11
13459,624,2,1160.4099999999999,580.2049999999999
13460,29,2,183.44,91.72
13464,58,6,3097.64,516.2733333333333
13465,446,2,931.12,465.56
13469,653,1,82.4,82.4
13471,1,4,2501.84,625.46
13472,463,2,592.24,296.12
13474,236,3,646.59,215.53
13479,200,4,851.3700000000001,212.84250000000003
13484,241,3,790.72,263.5733333333333
13492,136,3,1269.8400000000001,423.28000000000003
13494,311,1,316.26000000000005,316.26000000000005
13495,7,10,4863.31,486.331
13500,23,4,1466.3,366.575
13510,1,11,4558.29,414.39
13512,260,4,713.3900000000001,178.34750000000003
13513,126,3,824.59,274.86333333333334
13522,30,1,125.80000000000001,125.80000000000001
13524,40,5,680.1800000000001,136.036
13527,33,12,4541.29,378.44083333333333
13529,78,2,307.76,153.88
13532,33,1,210.31,210.31
13535,402,1,89.5,89.5
13536,1,7,3444.39,492.05571428571426
13537,425,2,717.85,358.925
13538,43,12,3103.1299999999997,258.59416666666664
13539,85,7,1569.3600000000001,224.19428571428574
13545,390,2,364.93,182.465
13552,66,22,6948.92,315.86
13553,674,1,499.6,499.6
13554,380,7,1629.3500000000001,232.76428571428573
13558,5,4,594.52,148.63
13563,84,2,777.53,388.765
13569,17,4,726.54,181.635
13587,63,4,1673.5,418.375
13590,11,18,6336.040000000001,352.00222222222226
13592,35,4,247.95999999999998,61.989999999999995
13595,516,3,784.48,261.49333333333334
13604,658,1,717.62,717.62
13611,89,10,3297.9300000000003,329.793
13615,318,8,6272.53,784.06625
13621,116,1,213.85,213.85
13625,596,1,301.26,301.26
13626,252,2,707.04,353.52
13635,67,4,2999.16,749.79
13640,611,1,405.0,405.0
13641,640,5,1016.47,203.294
13642,215,4,472.19999999999993,118.04999999999998
13645,120,1,252.1,252.1
13651,35,3,226.85000000000002,75.61666666666667
13652,45,5,2262.05,452.41
13655,114,6,2280.51,380.08500000000004
13660,400,1,306.64,306.64
13661,603,1,325.24,325.24
13665,386,3,1711.6599999999999,570.5533333333333
13666,60,5,127.9,25.580000000000002
13667,149,1,299.05,299.05
13668,2,35,12948.479999999998,369.95657142857135
13671,394,1,172.6,172.6
13676,539,2,243.90000000000003,121.95000000000002
13684,285,4,594.88,148.72
13688,635,1,375.5,375.5
13691,396,1,212.78,212.78
13693,374,9,2011.82,223.53555555555556
13695,31,16,2770.73,173.170625
13698,596,2,451.73,225.865
13699,155,2,764.1500000000001,382.07500000000005
13709,3,18,7571.3499999999985,420.6305555555555
13714,465,1,161.35,161.35
13716,269,1,138.28,138.28
13718,246,2,306.55,153.275
13719,15,11,2783.08,253.00727272727272
13729,435,3,724.73,241.57666666666668
13735,24,13,9762.77,750.9823076923077
13737,200,1,339.59999999999997,339.59999999999997
13740,240,5,1582.77,316.554
13742,16,12,3107.8700000000003,258.9891666666667
13744,95,2,1080.52,540.26
13745,162,2,777.36,388.68
13748,95,9,2064.35,229.3722222222222
13757,674,1,195.55,195.55
13761,50,6,1952.17,325.3616666666667
13775,590,1,1049.66,1049.66
13778,103,4,1124.49,281.1225
13780,7,3,732.07,244.02333333333334
13783,487,4,1542.0899999999997,385.5224999999999
13784,9,14,2910.2299999999996,207.8735714285714
13785,428,4,542.49,135.6225
13786,367,6,3127.9900000000002,521.3316666666667
13789,388,1,239.45999999999998,239.45999999999998
13792,66,3,383.95,127.98333333333333
13796,499,1,289.7,289.7
13797,436,3,1179.45,393.15000000000003
13800,309,3,1679.56,559.8533333333334
13802,138,19,26259.109999999997,1382.0584210526315
13804,30,9,3161.1200000000003,351.2355555555556
13809,305,3,679.7,226.5666666666667
13810,28,3,1499.01,499.67
13813,39,8,2765.47,345.68375
13817,29,2,382.98,191.49
13821,144,6,1379.08,229.84666666666666
13826,176,1,189.5,189.5
13830,581,1,156.85000000000002,156.85000000000002
13833,159,2,700.4100000000001,350.20500000000004
13851,95,8,4606.46,575.8075
13852,610,1,187.35000000000002,187.35000000000002
13859,326,2,515.86,257.93
13861,429,2,273.26,136.63
13870,2,15,5712.08,380.80533333333335
13872,527,3,919.57,306.52333333333337
13874,358,7,2049.15,292.7357142857143
13875,53,14,4814.37,343.88357142857143
13876,63,1,122.7,122.7
13880,21,17,4293.860000000001,252.58000000000004
13882,2,5,1191.1299999999999,238.22599999999997
13883,10,15,6560.0199999999995,437.33466666666664
13886,71,1,243.56,243.56
13894,23,3,564.62,188.20666666666668
13896,625,1,388.55,388.55
13900,183,6,1610.5900000000001,268.4316666666667
13904,37,2,332.64,166.32
13908,79,4,2369.55,592.3875
13914,11,2,626.45,313.225
13921,402,4,730.7,182.675
13923,53,1,351.13,351.13
13926,23,1,223.85000000000002,223.85000000000002
13928,10,4,464.56999999999994,116.14249999999998
13930,57,2,337.34,168.67
13935,596,3,6116.92,2038.9733333333334
13936,179,3,939.6600000000001,313.22
13937,169,2,880.13,440.065
13941,21,15,10027.18,668.4786666666666
13944,653,1,200.43,200.43
13953,7,12,6640.679999999999,553.39
13954,1,2,439.91999999999996,219.95999999999998
13955,154,3,544.0699999999999,181.35666666666665
13956,5,5,1019.27,203.85399999999998
13960,21,2,230.22,115.11
13965,476,3,996.61,332.2033333333333
13969,7,35,12973.460000000003,370.6702857142858
13972,70,2,190.25,95.125
13974,49,2,677.72,338.86
13975,31,12,5256.4,438.0333333333333
13976,206,4,1192.3600000000001,298.09000000000003
13984,26,12,1893.8,157.81666666666666
13991,12,6,852.88,142.14666666666668
13997,519,3,376.46000000000004,125.48666666666668
13999,10,29,9502.260000000002,327.66413793103453
14002,134,2,529.73,264.865
14003,732,1,209.41,209.41
14004,43,11,6258.449999999999,568.9499999999999
14010,565,2,445.15,222.575
14021,155,7,1716.58,245.22571428571428
14029,63,2,467.65999999999997,233.82999999999998
14032,2,16,4546.41,284.150625
14034,22,3,648.89,216.29666666666665
14038,78,5,3069.88,613.976
14044,26,10,3077.7000000000003,307.77000000000004
14049,16,13,13023.399999999998,1001.7999999999998
14055,106,3,1520.96,506.9866666666667
14056,1,23,8152.710000000001,354.4656521739131
14064,29,15,3260.2399999999993,217.34933333333328
14066,266,1,152.55,152.55
14067,63,2,374.7,187.35
14075,4,6,1734.87,289.145
14083,4,11,1082.1899999999998,98.38090909090907
14088,10,16,64036.799999999996,4002.2999999999997
14090,324,1,76.32000000000001,76.32000000000001
14091,654,2,9530.08,4765.04
14093,12,1,433.86,433.86
14098,36,1,147.35,147.35
14099,16,20,5750.910000000002,287.54550000000006
14100,137,1,191.95000000000002,191.95000000000002
14104,154,5,743.53,148.706
14108,30,4,1044.96,261.24
14117,143,1,90.0,90.0
14119,375,2,183.37,91.685
14123,733,1,436.18,436.18
14134,382,15,11123.349999999999,741.5566666666666
14143,133,1,115.8,115.8
14150,35,2,658.6400000000001,329.32000000000005
14151,673,2,679.45,339.725
14157,19,5,978.69,195.738
14163,87,5,2594.62,518.924
14169,430,2,621.51,310.755
14170,375,3,570.18,190.05999999999997
14174,33,1,134.46,134.46
14178,8,7,1600.26,228.60857142857142
14181,410,2,308.35,154.175
14182,443,4,678.77,169.6925
14184,66,1,452.89,452.89
14192,388,1,293.74,293.74
14200,617,1,379.2,379.2
14202,381,3,847.76,282.58666666666664
14213,404,1,1192.2,1192.2
14217,1,23,3298.59,143.41695652173914
14231,183,4,1235.62,308.905
14232,42,5,2048.0699999999997,409.6139999999999
14233,49,7,2904.27,414.8957142857143
14241,183,2,333.70000000000005,166.85000000000002
14242,234,2,280.54999999999995,140.27499999999998
14244,660,1,366.41999999999996,366.41999999999996
14248,318,3,1032.95,344.31666666666666
14249,410,12,5400.460999999999,450.0384166666666
14252,381,1,350.99,350.99
14255,546,1,1000.63,1000.63
14256,260,5,2460.79,492.158
14258,9,25,32051.339999999997,1282.0536
14266,428,1,40.56,40.56
14267,162,3,1516.24,505.41333333333336
14269,439,1,295.73,295.73
14272,73,4,920.8100000000001,230.20250000000001
14274,686,1,256.6,256.6
14275,395,6,1189.3799999999999,198.23
14276,98,7,2102.6800000000003,300.3828571428572
14280,196,1,134.04,134.04
14284,30,3,1299.65,433.2166666666667
14285,21,8,3284.42,410.5525
14287,8,3,176.63,58.876666666666665
14291,1,23,7904.100000000001,343.6565217391305
14295,40,5,2362.91,472.582
14302,430,3,742.9000000000001,247.63333333333335
14303,407,2,277.94,138.97
14310,432,1,492.1,492.1
14311,242,2,516.45,258.225
14312,46,11,3090.29,280.93545454545455
14318,460,1,158.02,158.02
14322,429,4,474.1,118.525
14326,242,3,940.98,313.66
14336,16,4,1614.91,403.7275
14346,120,5,2315.75,463.15
14349,10,1,133.5,133.5
14351,164,1,51.0,51.0
14354,5,2,163.62,81.81
14356,79,2,701.23,350.615
14368,319,1,155.0,155.0
14372,443,2,860.08,430.04
14376,683,1,215.46,215.46
14378,621,1,131.25,131.25
14379,44,4,1265.1599999999999,316.28999999999996
14383,38,3,1247.69,415.8966666666667
14388,10,16,6388.199999999999,399.26249999999993
14392,432,1,266.4,266.4
14397,2,19,2612.9599999999996,137.52421052631576
14401,4,22,6795.9,308.9045454545454
14402,652,1,285.6,285.6
14403,130,6,1880.51,313.41833333333335
14409,71,9,3427.29,380.81
14413,362,4,764.52,191.13
14416,22,2,490.22,245.11
14419,10,7,1254.64,179.23428571428573
14420,99,4,1639.17,409.7925
14424,17,1,322.08,322.08
14425,434,3,661.39,220.46333333333334
14428,7,5,1224.06,244.81199999999998
14436,98,2,271.70000000000005,135.85000000000002
14440,8,13,5982.030000000001,460.15615384615387
14441,0,11,4611.69,419.2445454545454
14444,456,1,120.44,120.44
14445,455,1,221.65,221.65
14447,18,6,1711.73,285.28833333333336
14449,18,8,2230.96,278.87
14453,190,1,119.93,119.93
14455,432,4,617.7199999999999,154.42999999999998
14458,380,1,228.07,228.07
14462,66,12,2242.81,186.90083333333334
14469,416,4,2093.46,523.365
14470,11,3,712.04,237.34666666666666
14473,74,2,234.34000000000003,117.17000000000002
14480,11,4,1299.52,324.88
14482,18,12,4306.719999999999,358.89333333333326
14484,50,4,1070.98,267.745
14486,511,2,175.5,87.75
14496,311,7,2363.89,337.6985714285714
14498,42,10,3900.83,390.08299999999997
14501,183,2,251.21,125.605
14503,3,6,3543.2599999999998,590.5433333333333
14504,47,4,673.26,168.315
14510,375,3,979.85,326.6166666666667
14513,100,6,788.0100000000001,131.335
14516,516,1,151.17,151.17
14517,33,2,330.45,165.225
14518,64,1,174.37,174.37
14519,683,2,203.14,101.57
14522,24,8,1748.42,218.5525
14530,25,16,6088.870000000002,380.5543750000001
14538,64,5,1370.8400000000001,274.168
14539,15,2,537.48,268.74
14540,9,11,3709.64,337.24
14546,5,11,5184.84,471.34909090909093
14548,150,9,2541.29,282.36555555555555
14549,311,4,913.6,228.4
14558,654,3,655.5,218.5
14560,7,44,6114.029999999998,138.95522727272723
14563,509,2,640.54,320.27
14566,110,4,4092.0,1023.0
14568,435,1,919.7,919.7
14574,732,1,143.70000000000002,143.70000000000002
14577,12,7,1364.15,194.87857142857143
14579,432,1,105.56,105.56
14587,18,9,1580.29,175.58777777777777
14588,578,1,135.39,135.39
14594,7,2,363.33,181.665
14596,626,1,222.22000000000003,222.22000000000003
14600,305,2,865.1700000000001,432.58500000000004
14606,1,192,29951.369999999988,155.99671874999993
14607,15,22,23763.129999999997,1080.1422727272727
14609,72,10,1486.2,148.62
14615,394,5,951.76,190.352
14620,205,2,412.78,206.39
14630,484,1,338.65,338.65
14633,266,1,344.90000000000003,344.90000000000003
14635,453,1,215.22,215.22
14637,677,1,106.67999999999999,106.67999999999999
14647,201,2,506.04,253.02
14649,4,9,3651.1899999999996,405.68777777777774
14650,589,1,62.5,62.5
14652,77,1,114.18,114.18
14653,1,12,3593.0599999999995,299.4216666666666
14661,26,1,107.95,107.95
14663,430,2,490.6,245.3
14664,19,2,636.24,318.12
14669,241,7,3216.7800000000007,459.5400000000001
14672,234,4,1113.14,278.285
14677,592,1,184.91,184.91
14682,187,6,1514.81,252.46833333333333
14685,576,8,4536.640000000001,567.0800000000002
14686,414,5,852.53,170.506
14688,7,28,7190.420000000002,256.8007142857144
14695,519,3,1534.2200000000003,511.40666666666675
14720,5,3,663.81,221.26999999999998
14725,24,4,1252.7400000000002,313.18500000000006
14731,47,3,380.02,126.67333333333333
14732,8,19,5517.07,290.3721052631579
14734,425,4,1056.42,264.105
14741,11,7,1713.0900000000001,244.72714285714287
14742,435,1,579.85,579.85
14743,592,1,50.48,50.48
14747,249,1,328.2,328.2
14755,9,25,9972.55,398.902
14756,15,3,2653.76,884.5866666666667
14759,4,3,1625.97,541.99
14762,263,2,417.57,208.785
14767,474,1,382.81,382.81
14769,2,17,15514.11,912.594705882353
14777,403,1,307.56,307.56
14785,10,2,77.4,38.7
14788,7,3,1156.32,385.44
14791,606,1,303.63,303.63
14798,52,8,724.3100000000001,90.53875000000001
14811,387,1,170.5,170.5
14813,369,4,888.9100000000001,222.22750000000002
14814,581,1,154.21,154.21
14815,36,2,778.5,389.25
14816,197,1,271.85,271.85
14818,73,6,1153.56,192.26
14819,64,4,456.40999999999997,114.10249999999999
14820,21,9,1274.76,141.64
14823,180,3,321.43,107.14333333333333
14829,29,7,1455.8700000000001,207.98142857142858
14832,630,1,322.69,322.69
14833,498,1,94.8,94.8
14834,17,7,2206.16,315.1657142857143
14835,528,2,297.0,148.5
14836,10,3,102.44999999999999,34.15
14837,89,9,3460.3199999999997,384.47999999999996
14840,267,2,362.71000000000004,181.35500000000002
14841,53,14,7163.0,511.64285714285717
14843,436,1,211.79999999999998,211.79999999999998
14848,404,1,310.56,310.56
14851,23,3,829.4100000000001,276.47
14854,78,11,4303.06,391.1872727272728
14859,12,5,1705.64,341.12800000000004
14860,19,1,170.32,170.32
14865,7,4,92.52000000000001,23.130000000000003
14875,107,3,2862.3999999999996,954.1333333333332
14879,684,1,185.06,185.06
14895,7,38,25119.54,661.0405263157895
14899,395,1,1331.38,1331.38
14900,522,1,13.919999999999998,13.919999999999998
14912,16,6,1889.25,314.875
14920,212,3,1607.17,535.7233333333334
14921,30,2,1316.07,658.035
14922,393,2,843.74,421.87
14929,32,2,836.69,418.345
14931,4,5,1257.68,251.536
14932,365,2,666.13,333.065
14935,297,2,2849.83,1424.915
14937,56,3,1621.88,540.6266666666667
14941,578,1,182.1,182.1
14942,401,4,746.56,186.64
14945,413,1,179.4,179.4
14947,72,6,1049.79,174.965
14951,79,1,311.69,311.69
14955,732,1,163.77,163.77
14962,270,4,366.91,91.7275
14966,14,6,1064.26,177.37666666666667
14967,49,6,1982.61,330.435
14971,35,3,1097.98,365.99333333333334
14974,37,1,89.94,89.94
14984,19,6,1260.51,210.085
14987,15,8,1550.65,193.83125
14989,661,1,342.4,342.4
14994,382,5,946.7199999999999,189.344
14998,170,4,753.1800000000001,188.29500000000002
14999,592,1,129.48000000000002,129.48000000000002
15006,51,2,757.78,378.89
15008,480,2,360.0,180.0
15010,35,1,308.94,308.94
15011,395,2,416.6,208.3
15013,487,10,1610.82,161.082
15016,172,5,620.89,124.178
15020,379,1,198.47,198.47
15027,30,10,3195.6,319.56
15028,8,6,962.94,160.49
15029,619,1,365.1,365.1
15041,170,2,289.4,144.7
15043,31,6,2870.32,478.3866666666667
15046,9,25,7623.790000000001,304.95160000000004
15052,319,1,207.73000000000002,207.73000000000002
15054,12,2,302.1,151.05
15056,520,1,113.64999999999999,113.64999999999999
15070,372,3,737.0500000000001,245.68333333333337
15083,256,1,88.2,88.2
15090,308,1,381.32,381.32
15097,4,3,908.35,302.78333333333336
15100,333,7,2193.8999999999996,313.41428571428565
15105,18,9,3094.9100000000003,343.8788888888889
15106,17,5,1422.52,284.504
15110,23,6,1505.8500000000001,250.97500000000002
15111,29,5,2442.37,488.474
15115,18,2,531.85,265.925
15122,114,11,4487.2699999999995,407.9336363636363
15125,25,24,17024.87,709.3695833333333
15129,50,23,6860.18,298.2686956521739
15132,18,5,977.9300000000001,195.586
15138,393,1,502.52,502.52
15141,457,7,1388.47,198.35285714285715
15144,8,29,12160.310000000001,419.32103448275865
15146,164,2,1327.16,663.58
15147,240,1,623.5,623.5
15148,10,1,301.29,301.29
15156,1,3,961.49,320.49666666666667
15160,357,4,589.27,147.3175
15162,731,1,312.9,312.9
15167,320,5,1627.62,325.524
15169,382,2,569.22,284.61
15172,8,5,1624.0500000000002,324.81000000000006
15173,380,7,1494.6,213.5142857142857
15174,322,2,481.46,240.73
15175,71,1,224.14,224.14
15177,425,1,948.93,948.93
15182,154,11,2998.952,272.632
15184,29,4,685.3900000000001,171.34750000000003
15190,434,1,834.4399999999999,834.4399999999999
15193,60,1,499.32,499.32
15195,2,1,3861.0,3861.0
15199,59,10,3122.4,312.24
15203,25,15,4400.18,293.3453333333334
15204,357,1,316.58,316.58
15207,416,3,683.92,227.97333333333333
15210,225,3,1176.19,392.06333333333333
15211,60,2,894.4100000000001,447.20500000000004
15212,241,2,208.27999999999997,104.13999999999999
15213,318,2,328.34999999999997,164.17499999999998
15218,10,22,11468.830000000002,521.3104545454546
15226,310,1,154.41,154.41
15228,66,6,5580.27,930.0450000000001
15229,586,1,160.5,160.5
15230,239,2,429.6,214.8
15233,401,1,59.400000000000006,59.400000000000006
15234,276,1,197.0,197.0
15235,217,16,2772.76,173.2975
15236,298,1,321.05,321.05
15244,65,3,912.08,304.0266666666667
15245,134,8,4610.84,576.355
15248,411,3,1893.93,631.3100000000001
15250,640,1,60.0,60.0
15255,66,9,3706.0199999999995,411.78
15262,323,3,418.82000000000005,139.60666666666668
15270,15,21,8524.86,405.9457142857143
15272,57,6,2030.95,338.4916666666667
15273,599,1,228.96,228.96
15279,354,5,1580.54,316.108
15282,570,1,348.59,348.59
15283,390,3,148.33,49.443333333333335
15286,49,1,240.55,240.55
15289,29,5,1593.09,318.618
15293,665,1,247.5,247.5
15298,2,23,9061.769999999999,393.98999999999995
15304,60,9,796.4000000000001,88.4888888888889
15307,95,1,205.3,205.3
15308,274,1,310.47,310.47
15309,610,4,797.96,199.49
15322,85,2,1390.86,695.43
15329,39,11,2958.83,268.98454545454547
15331,499,3,767.9100000000001,255.97000000000003
15335,53,1,170.22,170.22
15338,677,1,277.93,277.93
15339,66,7,1821.02,260.1457142857143
15341,80,2,2402.72,1201.36
15347,366,4,1162.0,290.5
15349,158,2,463.90999999999997,231.95499999999998
15351,12,10,3430.2200000000003,343.02200000000005
15352,548,1,111.15,111.15
15353,254,7,2794.4700000000003,399.21000000000004
15356,31,13,3239.57,249.1976923076923
15358,4,42,16425.860000000004,391.09190476190486
15363,372,2,678.11,339.055
15365,25,13,4557.13,350.54846153846154
15367,57,11,5081.33,461.9390909090909
15378,462,2,246.5,123.25
15379,169,8,4877.840000000001,609.7300000000001
15381,213,5,1890.57,378.114
15382,14,12,13733.550000000001,1144.4625
15397,289,1,94.0,94.0
15399,1,3,815.77,271.92333333333335
15401,452,2,216.95000000000002,108.47500000000001
15402,148,6,1830.54,305.09
15406,31,4,975.8699999999999,243.96749999999997
15407,33,4,1046.74,261.685
15408,264,1,267.18,267.18
15415,313,1,559.61,559.61
15416,64,7,4572.820000000001,653.2600000000001
15419,24,1,135.86,135.86
15422,323,7,1619.9700000000003,231.42428571428576
15426,19,9,2156.3500000000004,239.5944444444445
15427,33,3,1430.54,476.84666666666664
15428,15,4,762.75,190.6875
15434,8,11,2567.0600000000004,233.36909090909094
15435,22,1,149.29,149.29
15437,262,2,393.45000000000005,196.72500000000002
15438,131,1,156.57999999999998,156.57999999999998
15439,404,4,1269.0500000000002,317.26250000000005
15443,1,14,5114.23,365.3021428571428
15447,330,5,492.88,98.576
15449,26,3,974.52,324.84
15450,30,1,429.84,429.84
15452,29,6,1785.1100000000001,297.5183333333334
15456,283,10,2091.52,209.152
15457,262,1,237.07,237.07
15473,14,8,2046.0,255.75
15477,649,1,368.4,368.4
15484,1,6,4652.1,775.35
15485,30,7,4810.92,687.2742857142857
15488,92,5,431.91999999999996,86.38399999999999
15489,22,8,2419.61,302.45125
15490,430,1,210.85,210.85
15492,28,2,659.46,329.73
15494,21,5,3702.6,740.52
15500,8,4,1131.56,282.89
15501,404,2,399.95,199.975
15513,33,35,26437.050000000003,755.3442857142858
15515,387,1,171.81,171.81
15519,383,2,344.61,172.305
15525,2,4,890.22,222.555
15526,33,2,148.44,74.22
15530,21,5,1808.6799999999998,361.736
15538,537,6,3358.4,559.7333333333333
15540,11,2,460.68,230.34
15541,114,1,85.13000000000001,85.13000000000001
15546,606,2,1079.1000000000001,539.5500000000001
15553,60,1,428.93,428.93
15554,277,1,217.2,217.2
15555,12,36,11243.91,312.3308333333333
15559,568,1,1109.4,1109.4
15560,397,2,153.51999999999998,76.75999999999999
15561,11,8,1934.3899999999999,241.79874999999998
15562,351,3,671.4300000000001,223.81000000000003
15575,619,1,30.1,30.1
15578,162,1,127.1,127.1
15581,120,38,7480.4,196.85263157894735
15583,376,1,95.96,95.96
15585,176,1,455.3,455.3
15586,592,3,1139.1,379.7
15593,70,1,199.8,199.8
15597,35,2,563.37,281.685
15603,78,2,88.48,44.24
15605,36,9,1741.95,193.55
15606,61,17,5230.990000000001,307.7052941176471
15608,28,5,1785.98,357.196
15612,36,2,195.15,97.575
15615,10,47,21373.970000000005,454.76531914893627
15617,396,3,828.55,276.18333333333334
15622,43,17,7852.61,461.9182352941176
15628,4,17,5333.08,313.7105882352941
15631,642,1,596.67,596.67
15632,15,8,3285.31,410.66375
15639,134,3,1065.08,355.02666666666664
15645,18,3,1055.17,351.72333333333336
15648,204,2,639.5,319.75
15655,243,1,560.67,560.67
15661,317,8,1215.95,151.99375
15665,168,5,3987.0699999999997,797.414
15673,88,9,6204.32,689.3688888888888
15677,49,3,1305.63,435.21000000000004
15684,547,3,173.95000000000002,57.98333333333334
15685,450,1,55.980000000000004,55.980000000000004
15687,8,9,2993.1,332.56666666666666
15688,418,1,190.57,190.57
15691,252,4,571.3,142.825
15692,28,1,191.04,191.04
15697,689,1,246.75,246.75
15701,2,4,1529.0,382.25
15706,63,4,1060.56,265.14
15708,40,9,3887.15,431.90555555555557
15716,145,11,2485.26,225.9327272727273
15723,364,4,930.7,232.675
15724,201,3,310.85,103.61666666666667
15726,390,1,321.91,321.91
15729,212,3,192.55,64.18333333333334
15736,435,2,1767.12,883.56
15737,14,8,1188.12,148.515
15738,18,41,13043.320000000002,318.129756097561
15740,49,1,154.88,154.88
15744,77,1,34.8,34.8
15750,2,18,6452.991000000001,358.49950000000007
15753,304,1,79.2,79.2
15755,10,17,5993.12,352.53647058823526
15757,65,6,2940.36,490.06
15759,218,7,830.9300000000001,118.70428571428572
15766,64,3,831.06,277.02
15768,115,34,15308.89,450.2614705882353
15770,612,1,321.45,321.45
15777,241,7,1762.61,251.80142857142854
15780,183,3,475.28,158.42666666666665
15787,26,3,933.2600000000001,311.0866666666667
15792,399,2,933.84,466.92
15795,149,8,1979.87,247.48375
15802,142,1,451.42,451.42
15807,50,5,1817.52,363.504
15814,16,6,2634.44,439.0733333333333
15817,420,3,2766.3999999999996,922.1333333333332
15819,49,10,3934.79,393.479
15821,44,2,570.96,285.48
15828,375,1,1108.82,1108.82
15829,99,2,636.14,318.07
15831,58,3,794.64,264.88
15834,70,7,3764.39,537.77
15850,19,6,1006.75,167.79166666666666
15854,4,21,5578.280000000002,265.632380952381
15857,18,2,570.48,285.24
15868,583,1,94.53,94.53
15869,277,3,321.11,107.03666666666668
15872,14,4,729.25,182.3125
15877,1,2,490.33000000000004,245.16500000000002
15888,80,3,429.16,143.05333333333334
15890,394,5,535.65,107.13
15901,16,7,687.72,98.24571428571429
15906,19,10,2530.19,253.019
15911,623,8,1700.2399999999998,212.52999999999997
15913,534,1,6.300000000000001,6.300000000000001
15914,378,2,205.98999999999998,102.99499999999999
15922,373,1,369.5,369.5
15926,542,1,134.44,134.44
15934,417,2,2190.66,1095.33
15942,133,1,337.44,337.44
15944,276,4,2164.2400000000002,541.0600000000001
15945,365,4,646.2700000000001,161.56750000000002
15952,33,4,781.91,195.4775
15953,15,18,3440.3400000000006,191.13000000000002
15954,589,1,190.75,190.75
15955,24,22,8085.98,367.5445454545454
15962,449,1,289.48,289.48
15965,17,13,2771.94,213.22615384615386
15967,23,12,2966.0000000000005,247.1666666666667
15979,602,1,329.22,329.22
15986,30,2,354.42,177.21
15987,12,8,1535.9900000000002,191.99875000000003
15988,19,3,738.89,246.29666666666665
15995,414,1,694.54,694.54
15999,735,1,20.4,20.4
16003,29,10,5613.83,561.383
16004,474,5,2146.39,429.27799999999996
16008,23,15,5339.129999999999,355.94199999999995
16015,3,3,704.55,234.85
16029,38,107,117763.62000000004,1100.5945794392528
16031,92,2,547.9,273.95
16032,456,6,1965.7199999999998,327.61999999999995
16034,196,6,911.3199999999998,151.88666666666663
16039,423,2,456.40000000000003,228.20000000000002
16040,65,7,2416.9,345.2714285714286
16047,682,1,107.14,107.14
16048,373,4,818.79,204.6975
16054,145,4,2111.88,527.97
16056,45,1,650.75,650.75
16060,400,3,541.95,180.65
16066,16,5,1521.04,304.20799999999997
16067,562,3,3269.11,1089.7033333333334
16073,297,1,122.39999999999999,122.39999999999999
16080,81,4,602.5600000000001,150.64000000000001
16081,56,8,4278.96,534.87
16084,299,1,436.18,436.18
16089,386,2,263.49,131.745
16103,7,22,6191.710000000001,281.4413636363637
16105,248,5,2386.19,477.238
16112,143,4,195.73999999999998,48.934999999999995
16116,211,1,612.78,612.78
16118,652,1,4376.25,4376.25
16121,57,5,1450.04,290.008
16124,317,4,1772.49,443.1225
16129,407,3,1396.05,465.34999999999997
16131,51,12,9957.419999999998,829.7849999999999
16136,59,4,946.8000000000001,236.70000000000002
16145,8,19,6805.4400000000005,358.18105263157895
16146,157,4,946.3800000000001,236.59500000000003
16147,133,5,2398.91,479.782
16150,42,10,4002.169999999999,400.2169999999999
16155,381,5,796.9,159.38
16156,8,20,6188.180000000001,309.40900000000005
16158,522,9,628.32,69.81333333333333
16161,1,43,12580.060000000001,292.55953488372097
16167,414,5,1386.12,277.224
16170,50,20,6869.0,343.45
16173,15,6,1418.3200000000002,236.38666666666668
16180,100,13,16249.87,1249.99
16181,73,1,305.54,305.54
16182,72,9,9971.65,1107.961111111111
16189,15,2,215.48,107.74
16190,40,8,2723.55,340.44375
16192,735,1,351.3,351.3
16196,488,1,93.3,93.3
16201,3,5,2112.12,422.424
16208,44,10,3440.4500000000003,344.045
16209,88,9,4146.78,460.75333333333333
16213,78,1,159.0,159.0
16215,80,1,242.35,242.35
16217,235,2,304.25,152.125
16219,500,1,40.8,40.8
16234,476,3,333.18,111.06
16239,56,6,1492.2,248.70000000000002
16243,33,2,409.1,204.55
16248,61,1,152.94,152.94
16258,45,15,11942.52,796.168
16263,423,1,348.16,348.16
16265,9,12,6935.17,577.9308333333333
16267,591,1,186.66,186.66
16270,353,1,1141.24,1141.24
16277,733,1,188.69,188.69
16282,339,3,1307.58,435.85999999999996
16285,646,1,176.9,176.9
16288,470,1,129.85,129.85
16304,694,1,381.66,381.66
16307,429,3,1194.92,398.3066666666667
16315,330,2,402.71000000000004,201.35500000000002
16316,64,13,5744.91,441.91615384615386
16321,72,7,604.55,86.36428571428571
16325,46,12,3597.4999999999995,299.79166666666663
16327,14,16,10159.640000000001,634.9775000000001
16332,28,11,2000.01,181.8190909090909
16335,551,7,2753.52,393.36
16344,158,4,842.42,210.605
16346,385,1,224.51,224.51
16348,32,8,1744.42,218.0525
16354,63,5,1119.46,223.892
16361,9,4,891.21,222.8025
16362,32,6,922.16,153.69333333333333
16363,53,1,109.36000000000001,109.36000000000001
16366,18,4,1548.1299999999999,387.03249999999997
16370,82,4,1301.91,325.4775
16375,470,2,104.0,52.0
16376,8,2,974.96,487.48
16379,4,4,2157.3999999999996,539.3499999999999
16392,269,3,756.6999999999999,252.23333333333332
16412,53,5,593.19,118.638
16416,26,9,2957.8799999999997,328.6533333333333
16417,492,1,35.7,35.7
16422,17,109,61920.869999999995,568.0813761467889
16430,57,7,1117.94,159.7057142857143
16450,149,3,1505.73,501.91
16451,87,3,1013.1500000000001,337.7166666666667
16452,630,2,332.17,166.085
16454,44,4,30.950000000000003,7.737500000000001
16460,28,3,811.23,270.41
16468,74,3,787.52,262.50666666666666
16476,431,1,350.35,350.35
16479,10,2,300.83000000000004,150.41500000000002
16482,15,1,220.62,220.62
16483,192,1,139.35,139.35
16486,537,1,134.36,134.36
16487,577,2,209.4,104.7
16499,360,8,2578.3399999999997,322.29249999999996
16503,106,11,3614.34,328.5763636363636
16506,19,2,90.30000000000001,45.150000000000006
16510,372,6,1777.5,296.25
16519,25,4,439.06,109.765
16531,22,11,2298.33,208.9390909090909
16532,17,5,8756.64,1751.328
16533,19,3,1082.81,360.93666666666667
16543,591,1,292.21,292.21
16548,599,1,30.15,30.15
16549,10,34,12781.800000000001,375.9352941176471
16551,95,7,2237.12,319.5885714285714
16553,163,33,16584.010000000002,502.54575757575765
16555,35,6,1915.68,319.28000000000003
16559,397,1,175.0,175.0
16561,5,2,511.12,255.56
16564,569,1,87.8,87.8
16565,364,4,773.05,193.2625
16571,26,10,4248.74,424.87399999999997
16586,248,3,1462.78,487.5933333333333
16587,232,1,225.15,225.15
16592,4,28,7807.910000000001,278.8539285714286
16604,562,2,432.45,216.225
16607,17,25,5706.869999999999,228.27479999999997
16612,32,9,3245.4300000000003,360.60333333333335
16614,182,3,1179.79,393.2633333333333
16621,51,4,813.4800000000001,203.37000000000003
16624,80,2,810.5699999999999,405.28499999999997
16628,29,7,2318.1000000000004,331.1571428571429
16631,481,7,1892.52,270.36
16632,485,2,406.4,203.2
16634,222,6,1649.8099999999997,274.9683333333333
16639,31,4,1747.98,436.995
16640,397,1,179.4,179.4
16648,42,3,672.8,224.26666666666665
16654,141,8,1484.0700000000002,185.50875000000002
16663,729,1,165.0,165.0
16666,19,2,217.71,108.855
16672,2,20,8134.940000000001,406.74700000000007
16673,679,1,171.13,171.13
16679,366,3,663.31,221.10333333333332
16682,4,5,1028.0,205.6
16685,61,2,324.24,162.12
16687,390,1,157.63,157.63
16691,418,2,178.82999999999998,89.41499999999999
16693,68,5,1179.48,235.89600000000002
16696,135,4,657.9000000000001,164.47500000000002
16697,241,1,112.75,112.75
16704,618,2,664.16,332.08
16717,23,14,6663.68,475.9771428571429
16720,26,3,758.74,252.91333333333333
16723,91,4,1231.3600000000001,307.84000000000003
16728,46,4,1048.28,262.07
16729,38,21,7205.33,343.11095238095237
16733,529,1,259.68,259.68
16734,52,3,646.76,215.58666666666667
16741,625,1,173.06,173.06
16742,46,14,2799.87,199.9907142857143
16747,37,2,836.06,418.03
16748,17,14,3637.33,259.8092857142857
16750,44,5,623.93,124.78599999999999
16751,30,1,1764.72,1764.72
16758,65,1,369.34000000000003,369.34000000000003
16762,19,3,1207.2400000000002,402.4133333333334
16767,30,15,8056.759999999999,537.1173333333332
16773,57,3,421.24,140.41333333333333
16777,80,5,1292.1799999999998,258.436
16780,100,3,596.4,198.79999999999998
16798,554,3,841.16,280.38666666666666
16809,23,9,1727.43,191.93666666666667
16810,192,2,842.04,421.02
16812,360,4,2392.0,598.0
16815,453,2,406.02,203.01
16822,686,1,181.39,181.39
16824,15,3,686.24,228.74666666666667
16825,38,5,1826.89,365.37800000000004
16831,564,1,91.8,91.8
16836,39,4,782.3700000000001,195.59250000000003
16842,100,3,1264.19,421.3966666666667
16850,333,1,332.41,332.41
16851,4,3,342.45000000000005,114.15000000000002
16855,23,2,328.4,164.2
16856,14,3,358.49,119.49666666666667
16858,368,10,4292.59,429.259
16860,452,3,1610.6200000000001,536.8733333333333
16861,59,5,946.5899999999999,189.31799999999998
16863,31,3,834.27,278.09
16865,401,1,130.95,130.95
16867,689,1,76.74000000000001,76.74000000000001
16878,84,1,13.3,13.3
16889,194,6,2526.65,421.10833333333335
16892,1,7,754.7499999999999,107.82142857142856
16897,299,2,289.78,144.89
16900,16,3,887.1100000000001,295.7033333333334
16910,4,8,1508.9599999999998,188.61999999999998
16914,36,1,183.76,183.76
16916,23,4,902.02,225.505
16921,61,3,409.21000000000004,136.40333333333334
16926,371,5,1169.61,233.92199999999997
16928,80,29,3897.5300000000007,134.39758620689656
16938,8,9,6995.3600000000015,777.2622222222224
16944,609,1,101.36,101.36
16948,138,7,868.77,124.11
16950,56,10,3541.77,354.177
16957,239,2,416.64,208.32
16961,116,3,794.56,264.8533333333333
16963,187,1,110.55000000000001,110.55000000000001
16967,189,1,319.02,319.02
16969,39,3,650.4100000000001,216.80333333333337
16971,38,1,357.21,357.21
16972,382,2,749.0,374.5
16976,267,1,251.51999999999998,251.51999999999998
16983,12,11,3490.53,317.3209090909091
16988,5,2,382.67,191.335
16990,218,2,344.0,172.0
17000,396,2,406.3,203.15
17014,8,3,583.4300000000001,194.4766666666667
17019,11,11,3602.2900000000004,327.4809090909091
17037,87,1,1267.32,1267.32
17038,30,2,743.17,371.585
17043,32,8,2593.65,324.20625
17045,113,5,827.6800000000001,165.536
17053,130,1,498.48,498.48
17055,445,1,232.85,232.85
17059,29,9,4864.57,540.5077777777777
17061,73,11,5232.23,475.6572727272727
17072,625,1,273.35,273.35
17079,78,1,118.80000000000001,118.80000000000001
17092,50,11,5511.410000000001,501.0372727272728
17098,381,3,591.07,197.02333333333334
17101,10,7,2507.05,358.15000000000003
17105,159,2,665.78,332.89
17109,29,8,1291.7099999999998,161.46374999999998
17116,648,1,389.78,389.78
17119,3,2,606.91,303.455
17123,161,3,977.17,325.7233333333333
17129,520,1,31.85,31.85
17142,239,4,1275.25,318.8125
17147,22,9,3199.9500000000003,355.55
17148,51,1,124.88,124.88
17149,451,1,143.10000000000002,143.10000000000002
17153,24,1,213.78,213.78
17161,444,1,856.01,856.01
17164,32,7,2467.3500000000004,352.47857142857146
17175,44,4,1443.69,360.9225
17179,178,6,1507.26,251.21
17181,57,3,309.85,103.28333333333335
17183,7,6,3347.3099999999995,557.8849999999999
17186,46,2,144.0,72.0
17189,106,5,953.6300000000001,190.72600000000003
17191,28,15,4310.339999999999,287.35599999999994
17194,273,3,812.5,270.8333333333333
17195,655,1,562.98,562.98
17202,420,1,160.65,160.65
17209,649,3,595.7,198.5666666666667
17213,40,13,4869.4,374.5692307692307
17215,464,1,186.15,186.15
17222,65,6,1579.5100000000002,263.2516666666667
17223,310,3,558.04,186.01333333333332
17225,581,1,131.15,131.15
17232,2,2,417.77,208.885
17239,312,4,1189.45,297.3625
17240,596,1,130.6,130.6
17244,53,5,1826.04,365.20799999999997
17245,204,2,371.63,185.815
17248,120,2,500.53999999999996,250.26999999999998
17249,428,1,68.03,68.03
17251,362,3,798.98,266.32666666666665
17269,385,1,491.81,491.81
17275,383,1,114.1,114.1
17276,402,1,502.49,502.49
17281,374,6,797.8499999999999,132.975
17284,60,8,2788.0600000000004,348.50750000000005
17286,21,3,389.18,129.72666666666666
17288,9,11,2468.43,224.40272727272725
17289,31,9,2041.8000000000004,226.8666666666667
17293,8,17,3750.6300000000006,220.6252941176471
17297,17,1,128.18,128.18
17300,390,2,393.64,196.82
17305,648,1,2135.46,2135.46
17307,395,11,3999.8900000000003,363.6263636363637
17311,78,6,3566.56,594.4266666666666
17312,138,3,644.3,214.76666666666665
17313,31,1,2328.84,2328.84
17318,725,1,157.32999999999998,157.32999999999998
17322,376,5,922.59,184.518
17326,408,2,312.35,156.175
17330,22,4,423.79999999999995,105.94999999999999
17333,85,1,494.25,494.25
17334,302,3,635.15,211.71666666666667
17335,383,2,497.04,248.52
17337,151,4,1981.0600000000002,495.26500000000004
17341,156,5,1272.21,254.442
17363,395,3,920.46,306.82
17369,455,1,979.1999999999999,979.1999999999999
17375,199,4,660.55,165.1375
17376,70,4,453.64,113.41
17378,374,1,10.95,10.95
17379,11,1,389.71999999999997,389.71999999999997
17380,434,3,645.0,215.0
17384,19,3,507.55,169.18333333333334
17385,14,1,256.11,256.11
17386,7,7,2812.77,401.82428571428574
17387,19,2,746.81,373.405
17389,0,61,57215.33,937.9562295081968
17392,306,3,585.92,195.30666666666664
17397,22,3,1198.28,399.4266666666667
17400,126,8,4623.28,577.91
17401,541,1,114.85,114.85
17404,4,23,47781.12,2077.44
17412,2,16,4220.22,263.76375
17415,79,1,507.84,507.84
17419,11,18,6126.249999999999,340.3472222222222
17429,128,5,1357.46,271.492
17434,2,7,2373.82,339.1171428571429
17437,529,1,369.68,369.68
17441,732,1,293.35,293.35
17442,36,15,4620.3,308.02000000000004
17443,219,1,534.24,534.24
17444,147,3,2940.0400000000004,980.0133333333334
17448,497,46,14523.669999999998,315.7319565217391
17455,203,1,131.7,131.7
17463,16,7,2535.26,362.18
17464,158,3,907.1400000000001,302.38000000000005
17470,44,11,2626.47,238.76999999999998
17473,408,2,607.0,303.5
17477,612,2,1144.3,572.15
17486,261,1,396.87,396.87
17489,58,2,376.64,188.32
17490,0,9,2750.5000000000005,305.61111111111114
17495,7,3,806.72,268.9066666666667
17497,390,2,287.25,143.625
17508,280,8,4579.2300000000005,572.4037500000001
17512,28,18,5467.820000000001,303.76777777777784
17520,53,1,546.81,546.81
17521,29,5,1278.0600000000002,255.61200000000002
17528,1,8,3628.5,453.5625
17535,280,1,164.4,164.4
17538,25,1,98.42,98.42
17543,549,1,120.05,120.05
17548,233,4,731.2599999999999,182.81499999999997
17549,23,2,148.85999999999999,74.42999999999999
17560,94,8,1895.8000000000002,236.97500000000002
17564,24,3,454.01,151.33666666666667
17574,242,1,185.65,185.65
17579,4,4,753.28,188.32
17583,560,1,135.95,135.95
17584,7,6,5309.42,884.9033333333333
17585,109,7,2064.71,294.9585714285714
17586,619,1,167.4,167.4
17588,100,7,2939.55,419.9357142857143
17590,2,3,1468.0200000000002,489.3400000000001
17593,3,11,8092.319999999999,735.6654545454544
17596,23,13,4491.46,345.49692307692305
17609,40,11,1887.9,171.62727272727273
17614,57,1,386.32,386.32
17617,558,1,385.19,385.19
17619,312,1,214.37,214.37
17621,21,6,3175.12,529.1866666666666
17622,597,2,1130.21,565.105
17626,602,1,254.0,254.0
17630,169,2,503.6,251.8
17634,36,9,2358.59,262.0655555555556
17635,424,3,1265.58,421.85999999999996
17637,31,2,547.06,273.53
17651,11,16,5703.5199999999995,356.46999999999997
17652,25,12,4867.719999999999,405.64333333333326
17654,277,1,117.55,117.55
17660,141,2,342.22,171.11
17662,661,2,412.92,206.46
17666,3,5,2047.7999999999997,409.55999999999995
17675,1,70,37642.48,537.7497142857143
17677,1,54,35058.46,649.2307407407408
17687,420,1,432.68,432.68
17688,393,1,304.2,304.2
17689,388,2,317.08000000000004,158.54000000000002
17694,141,3,1695.9699999999998,565.3233333333333
17695,131,5,1746.0400000000002,349.208
17696,38,27,7679.589999999998,284.4292592592592
17697,236,1,338.95,338.95
17698,260,1,154.95,154.95
17710,423,1,293.5,293.5
17712,44,1,522.91,522.91
17713,382,4,1198.0900000000001,299.52250000000004
17714,320,5,1410.18,282.036
17715,200,2,489.59999999999997,244.79999999999998
17717,421,1,376.92,376.92
17722,96,5,3520.2200000000003,704.0440000000001
17730,3,20,7773.8,388.69
17733,38,2,692.19,346.095
17735,2,26,16790.329999999998,645.781923076923
17739,11,18,7730.589999999999,429.47722222222217
17746,240,4,904.18,226.045
17747,112,1,71.4,71.4
17749,178,3,1026.18,342.06
17750,5,9,1710.45,190.05
17753,464,4,382.05999999999995,95.51499999999999
17757,1,56,9074.049999999997,162.0366071428571
17766,381,2,299.61,149.805
17767,15,2,413.04999999999995,206.52499999999998
17768,8,7,3292.7299999999996,470.38999999999993
17773,514,2,575.37,287.685
17775,254,1,56.4,56.4
17778,661,1,197.70000000000002,197.70000000000002
17780,667,3,346.56,115.52
17784,550,1,112.86,112.86
17788,73,2,1117.9,558.95
17791,29,1,106.1,106.1
17792,467,2,368.35,184.175
17804,376,3,383.78000000000003,127.92666666666668
17808,548,4,262.64,65.66
17818,737,1,124.78,124.78
17820,374,1,180.60999999999999,180.60999999999999
17830,1,3,398.7,132.9
17831,33,1,35.400000000000006,35.400000000000006
17832,49,1,155.37,155.37
17837,42,8,1541.23,192.65375
17839,42,1,318.15,318.15
17841,1,211,68545.25,324.8590047393365
17842,602,1,430.69,430.69
17843,303,2,320.4,160.2
17844,106,1,51.559999999999995,51.559999999999995
17847,515,2,129.69,64.845
17857,4,24,27347.04,1139.46
17867,30,15,1582.0500000000002,105.47000000000001
17868,386,1,227.15,227.15
17870,2,13,2753.2899999999995,211.79153846153844
17885,12,1,156.34,156.34
17896,23,1,256.32,256.32
17898,85,4,299.18,74.795
17901,29,3,260.08,86.69333333333333
17915,551,1,225.78,225.78
17919,88,2,1840.32,920.16
17920,4,54,23581.779999999995,436.69962962962956
17923,282,3,497.0,165.66666666666666
17928,45,3,341.24,113.74666666666667
17939,159,1,99.14,99.14
17946,233,2,149.57999999999998,74.78999999999999
17947,37,1,176.68,176.68
17953,540,1,159.17000000000002,159.17000000000002
17958,116,2,973.8799999999999,486.93999999999994
17959,592,1,140.75,140.75
17960,171,3,135.08,45.02666666666667
17970,211,1,562.79,562.79
17972,241,1,135.19,135.19
17973,51,1,337.04,337.04
17974,24,6,1739.0899999999997,289.8483333333333
17976,372,1,321.79,321.79
17988,11,14,489.53999999999996,34.96714285714285
17994,121,11,2270.03,206.36636363636364
17998,380,3,639.24,213.08
18002,375,4,244.36999999999998,61.092499999999994
18003,376,1,353.51,353.51
18012,723,1,115.3,115.3
18014,28,1,162.22,162.22
18015,4,1,120.03,120.03
18016,32,7,1954.56,279.22285714285715
18022,35,5,1507.25,301.45
18028,583,1,192.05,192.05
18029,642,1,433.77,433.77
18030,4,2,230.64999999999998,115.32499999999999
18031,378,1,451.3,451.3
18045,45,1,178.34,178.34
18046,649,1,189.63,189.63
18047,381,2,326.09000000000003,163.04500000000002
18048,203,3,394.93,131.64333333333335
18049,437,2,500.92,250.46
18052,564,1,10877.18,10877.18
18054,392,1,176.5,176.5
18055,7,14,10142.640000000001,724.4742857142858
18067,40,1,396.33,396.33
18068,289,1,101.69999999999999,101.69999999999999
18073,114,12,3859.8200000000006,321.6516666666667
18074,373,2,1019.44,509.72
18075,23,20,5783.290000000001,289.16450000000003
18081,36,3,343.45000000000005,114.48333333333335
18089,446,1,428.45,428.45
18093,93,8,4452.710000000001,556.5887500000001
18094,81,13,6391.5199999999995,491.6553846153846
18096,11,6,1657.87,276.31166666666667
18107,442,1,165.88,165.88
18111,589,1,405.85,405.85
18112,12,4,773.3599999999999,193.33999999999997
18114,290,1,220.1,220.1
18117,25,1,315.65,315.65
18129,243,1,112.55000000000001,112.55000000000001
18135,29,10,1249.62,124.96199999999999
18139,17,6,8438.34,1406.39
18143,116,2,1000.1600000000001,500.08000000000004
18147,45,2,179.33999999999997,89.66999999999999
18148,646,1,112.85000000000001,112.85000000000001
18150,32,3,566.5799999999999,188.85999999999999
18154,3,5,932.5999999999999,186.51999999999998
18157,571,1,213.9,213.9
18158,9,2,453.4,226.7
18161,15,6,1803.1,300.51666666666665
18162,732,1,371.51,371.51
18170,33,9,2878.0000000000005,319.7777777777778
18176,358,1,476.35,476.35
18180,4,6,1843.75,307.2916666666667
18186,722,1,329.58,329.58
18193,165,3,1207.35,402.45
18198,4,17,5425.5599999999995,319.1505882352941
18207,499,1,544.47,544.47
18208,565,1,360.08,360.08
18216,31,1,481.75,481.75
18217,29,4,945.0400000000001,236.26000000000002
18218,211,4,1121.84,280.46
18221,22,6,1424.9399999999998,237.48999999999998
18226,44,26,11878.88,456.88
18227,217,2,388.75,194.375
18234,551,1,179.6,179.6
18242,72,8,3605.21,450.65125
18245,7,20,6324.9800000000005,316.249
18249,17,1,95.34,95.34
18250,310,1,349.27,349.27
18255,89,2,303.15,151.575
18256,387,1,110.7,110.7
18261,43,2,324.24,162.12
18263,25,3,1213.1599999999999,404.3866666666666
18270,38,3,444.55000000000007,148.18333333333337
18271,609,2,680.85,340.425
18272,2,9,4385.9800000000005,487.33111111111117
18277,58,5,1180.0500000000002,236.01000000000005
18279,519,1,231.33999999999997,231.33999999999997
18282,7,2,178.05,89.025
