customer,first_observed_cohort,historical_gross_value
12350,2011-02-01,334.4
12354,2011-04-01,1079.4
12358,2009-12-01,3887.0699999999997
12359,2009-12-01,8873.39
12363,2011-04-01,552.0
12364,2011-08-01,1313.1
12366,2010-03-01,500.24
12373,2010-02-01,1127.65
12377,2010-04-01,3426.32
12379,2010-06-01,1620.22
12380,2010-02-01,9676.3
12381,2011-08-01,1845.31
12383,2010-12-01,1850.5600000000002
12392,2010-04-01,234.75000000000003
12393,2010-10-01,2399.45
12399,2010-03-01,1962.3000000000002
12400,2010-10-01,205.25
12405,2011-07-01,1710.39
12406,2010-01-01,6390.360000000001
12409,2010-05-01,23419.289999999997
12410,2010-07-01,1013.7099999999999
12411,2010-10-01,346.9
12412,2010-06-01,2596.93
12417,2009-12-01,6797.41
12428,2011-03-01,7956.46
12431,2010-01-01,10432.220000000003
12435,2009-12-01,13925.93
12439,2009-12-01,1142.88
12444,2011-06-01,5005.46
12446,2011-10-01,1002.3100000000001
12448,2011-10-01,449.45
12450,2010-08-01,688.2
12452,2011-11-01,430.57
12453,2011-07-01,707.09
12454,2010-10-01,16679.78
12457,2010-09-01,2995.91
12458,2010-08-01,1777.49
12459,2010-04-01,454.36
12461,2011-07-01,826.88
12463,2011-04-01,1344.7800000000002
12465,2011-06-01,742.19
12466,2010-01-01,56.73
12482,2010-02-01,23691.399999999998
12488,2011-09-01,1298.66
12493,2011-05-01,433.74
12495,2010-03-01,357.4
12496,2010-03-01,45.34
12503,2010-05-01,1126.0
12508,2011-11-01,397.88
12511,2010-10-01,3084.02
12513,2011-08-01,612.29
12514,2010-03-01,1597.76
12524,2010-02-01,11126.109999999999
12525,2010-03-01,973.73
12526,2011-09-01,1316.6599999999999
12527,2010-06-01,735.51
12529,2010-06-01,316.48
12545,2011-03-01,1000.39
12550,2011-09-01,964.83
12553,2010-10-01,4608.75
12560,2011-07-01,2134.01
12567,2010-02-01,11767.479999999998
12583,2009-12-01,13591.58
12586,2009-12-01,2062.67
12587,2011-12-01,144.0
12597,2011-03-01,3811.22
12601,2010-10-01,681.26
12608,2010-10-01,415.79
12613,2009-12-01,6817.369999999999
12614,2011-03-01,315.6
12615,2010-03-01,5740.9800000000005
12623,2010-01-01,3747.84
12625,2010-04-01,5164.88
12628,2011-10-01,786.46
12631,2010-01-01,3481.57
12632,2010-05-01,804.88
12633,2010-07-01,5678.16
12637,2010-06-01,8283.810000000001
12645,2010-02-01,3539.3
12648,2010-01-01,1112.0
12655,2010-10-01,261.35
12658,2011-11-01,686.05
12660,2011-11-01,245.1
12661,2010-09-01,162.0
12665,2010-02-01,313.6
12668,2010-01-01,11383.029999999999
12670,2010-02-01,3760.29
12674,2011-05-01,1970.6
12682,2009-12-01,22950.220000000005
12683,2009-12-01,11633.699999999999
12688,2011-08-01,4873.8099999999995
12689,2011-08-01,1247.61
12690,2011-05-01,389.01
12698,2010-04-01,339.75
12700,2011-05-01,4939.99
12701,2010-03-01,2446.41
12705,2010-06-01,11762.100000000002
12710,2011-05-01,1149.02
12714,2009-12-01,14093.710000000001
12716,2011-07-01,1053.49
12717,2010-04-01,1308.91
12723,2011-10-01,725.0699999999999
12725,2010-05-01,2266.7599999999998
12727,2010-02-01,5679.530000000001
12731,2010-03-01,25775.710000000003
12736,2011-01-01,234.0
12740,2011-10-01,427.6
12743,2011-07-01,540.13
12745,2010-01-01,925.4100000000001
12746,2010-06-01,254.55
12751,2010-09-01,268.27
12755,2010-01-01,5236.26
12760,2010-09-01,347.8
12765,2010-03-01,1404.58
12766,2010-10-01,8918.990000000002
12774,2010-06-01,98.7
12775,2010-10-01,1686.12
12781,2011-02-01,826.74
12783,2011-09-01,2225.91
12784,2010-06-01,1763.1499999999999
12786,2010-04-01,728.5
12787,2010-10-01,862.1800000000001
12797,2010-10-01,552.08
12799,2010-06-01,219.35
12800,2010-02-01,584.25
12801,2010-07-01,1071.82
12803,2010-11-01,1092.81
12805,2010-02-01,1434.9500000000003
12806,2010-04-01,2878.96
12812,2011-10-01,229.64000000000001
12817,2010-10-01,690.98
12821,2010-04-01,220.79999999999998
12824,2011-10-01,397.12
12832,2011-09-01,383.03000000000003
12845,2011-02-01,354.09
12848,2010-02-01,208.0
12859,2010-09-01,575.1
12860,2010-01-01,54.22
12861,2010-03-01,68.25
12862,2010-08-01,984.62
12864,2010-07-01,299.57
12868,2010-11-01,2043.76
12872,2009-12-01,3283.9600000000005
12875,2010-01-01,1356.99
12882,2011-11-01,1463.04
12884,2011-09-01,309.05
12886,2011-05-01,1378.4
12887,2010-11-01,222.4
12888,2011-03-01,354.12
12897,2010-06-01,514.25
12899,2010-10-01,366.4
12901,2011-03-01,17654.54
12905,2010-01-01,1018.42
12912,2011-10-01,1662.3000000000002
12914,2010-11-01,223.98
12916,2010-01-01,4479.73
12917,2009-12-01,4359.2
12924,2009-12-01,2469.4
12926,2009-12-01,1523.97
12927,2010-11-01,197.31
12934,2009-12-01,181.65
12939,2010-01-01,25264.8
12940,2011-09-01,899.6899999999999
12941,2009-12-01,377.49
12948,2009-12-01,2317.43
12949,2009-12-01,15526.699999999999
12953,2010-07-01,828.8100000000001
12955,2011-03-01,4757.16
12964,2010-09-01,132.24
12967,2010-11-01,2938.5200000000004
12972,2010-02-01,1161.2
12976,2010-02-01,3156.3799999999997
12979,2009-12-01,517.7
12982,2010-04-01,2744.81
12986,2010-01-01,2729.8400000000006
12989,2009-12-01,13551.75
12991,2010-11-01,764.8199999999999
12994,2011-03-01,974.4200000000001
13005,2010-09-01,999.6800000000001
13006,2011-10-01,81.57
13008,2009-12-01,612.1299999999999
13011,2010-12-01,50.550000000000004
13014,2010-10-01,5381.079999999999
13015,2010-04-01,6579.780000000001
13030,2010-12-01,752.44
13039,2009-12-01,1010.73
13041,2010-04-01,799.1300000000001
13044,2010-01-01,4848.05
13047,2009-12-01,8428.53
13049,2010-11-01,1408.24
13053,2010-03-01,127.65
13057,2010-03-01,709.59
13062,2011-06-01,346.98
13063,2010-08-01,188.4
13065,2010-06-01,1055.0500000000002
13068,2011-01-01,344.0
13070,2009-12-01,751.7
13071,2010-04-01,129.22
13072,2011-03-01,177.15
13074,2009-12-01,1378.74
13076,2010-09-01,135.4
13077,2009-12-01,2740.6499999999996
13084,2010-08-01,122.39999999999999
13087,2009-12-01,313.64
13088,2010-10-01,236.11
13093,2009-12-01,54144.25000000001
13097,2009-12-01,13324.099999999999
13103,2010-05-01,709.6400000000001
13110,2009-12-01,2957.4700000000003
13111,2009-12-01,321.88000000000005
13118,2010-09-01,2415.4100000000003
13123,2010-06-01,506.75
13135,2010-08-01,3371.45
13139,2010-09-01,8202.98
13141,2009-12-01,7656.080000000001
13142,2011-11-01,307.09
13150,2010-03-01,449.9699999999999
13154,2009-12-01,1624.8400000000001
13159,2011-08-01,1429.35
13163,2010-04-01,17.65
13167,2010-11-01,1125.15
13171,2011-02-01,468.40999999999997
13173,2009-12-01,2399.82
13176,2011-10-01,481.49
13177,2010-10-01,512.2
13187,2010-03-01,341.36
13200,2011-08-01,870.09
13203,2009-12-01,2648.25
13205,2010-09-01,2803.2
13209,2010-01-01,8509.51
13211,2009-12-01,2618.7699999999995
13214,2010-03-01,3264.23
13215,2010-11-01,81.6
13218,2011-08-01,62.63999999999999
13224,2011-07-01,2155.95
13226,2010-11-01,312.46000000000004
13228,2011-09-01,358.0
13242,2010-02-01,699.4
13252,2010-03-01,399.29999999999995
13262,2010-04-01,573.4499999999999
13263,2010-10-01,8676.2
13269,2009-12-01,8537.32
13271,2011-11-01,211.49
13274,2010-10-01,360.85
13279,2011-09-01,137.75
13281,2010-09-01,350.85
13282,2010-10-01,1313.19
13285,2010-03-01,3364.59
13287,2010-01-01,781.5899999999999
13291,2010-02-01,3270.79
13296,2010-05-01,792.51
13298,2011-12-01,360.0
13300,2010-05-01,1285.51
13301,2011-02-01,618.0899999999999
13308,2010-04-01,1670.37
13318,2011-11-01,640.76
13325,2011-09-01,675.3
13330,2010-02-01,2796.1
13337,2010-06-01,1575.26
13346,2010-04-01,299.40000000000003
13352,2011-10-01,397.97999999999996
13356,2011-09-01,768.24
13357,2010-03-01,3805.5099999999998
13358,2011-03-01,439.03
13363,2010-10-01,1723.8600000000001
13366,2011-10-01,56.160000000000004
13367,2010-10-01,510.20000000000005
13368,2010-10-01,1121.5
13374,2010-09-01,422.8
13390,2011-09-01,544.08
13393,2009-12-01,1131.45
13404,2011-05-01,252.49
13408,2009-12-01,50174.78199999999
13412,2010-03-01,487.34999999999997
13414,2010-04-01,2494.1400000000003
13427,2009-12-01,1006.5300000000001
13429,2011-09-01,1006.8
13430,2011-09-01,679.45
13440,2010-09-01,1295.2500000000002
13441,2010-10-01,720.9
13443,2010-01-01,1273.16
13446,2010-02-01,3881.89
13458,2010-11-01,11959.27
13470,2011-08-01,165.0
13473,2009-12-01,2657.76
13475,2011-02-01,1431.78
13477,2010-01-01,2819.1700000000005
13493,2011-02-01,618.63
13498,2009-12-01,327.38
13502,2010-06-01,780.5000000000001
13515,2010-03-01,1265.82
13523,2010-11-01,4534.570000000001
13533,2011-03-01,269.09
13534,2010-07-01,7720.900000000001
13542,2009-12-01,3959.49
13544,2010-03-01,790.2
13557,2009-12-01,3032.26
13560,2011-12-01,171.42000000000002
13567,2010-06-01,1079.29
13571,2009-12-01,4537.26
13572,2011-05-01,1384.25
13575,2011-06-01,732.07
13576,2009-12-01,11202.589999999998
13578,2010-10-01,147.66
13580,2010-10-01,107.75
13581,2010-10-01,280.53
13582,2010-04-01,241.68
13586,2010-06-01,127.28
13591,2009-12-01,2093.94
13594,2010-08-01,533.32
13596,2011-11-01,664.11
13598,2010-02-01,761.9599999999999
13606,2011-02-01,276.75
13607,2010-11-01,1075.81
13608,2010-06-01,232.05
13610,2010-01-01,2103.71
13614,2010-06-01,2332.74
13623,2009-12-01,2533.06
13627,2010-03-01,2245.9
13629,2010-02-01,13370.86
13632,2010-04-01,3645.81
13637,2011-04-01,804.3
13643,2009-12-01,2156.7700000000004
13644,2011-08-01,2624.26
13646,2010-11-01,326.25
13647,2010-04-01,3041.6800000000003
13649,2010-06-01,1453.6799999999998
13657,2011-05-01,382.14
13659,2010-02-01,4884.68
13669,2010-10-01,413.54999999999995
13670,2011-09-01,349.7
13679,2009-12-01,281.26
13681,2011-07-01,827.83
13685,2011-10-01,3119.4400000000005
13689,2010-09-01,1259.5
13690,2011-10-01,172.25
13692,2010-10-01,3114.3999999999996
13694,2009-12-01,195640.69000000012
13696,2010-02-01,2020.4
13703,2010-10-01,425.56
13704,2011-09-01,2308.0599999999995
13705,2010-03-01,1717.1899999999998
13706,2010-03-01,631.1700000000001
13711,2009-12-01,1792.26
13712,2010-04-01,766.4200000000001
13717,2010-08-01,1763.2999999999997
13721,2010-11-01,741.54
13724,2010-03-01,213.01
13728,2009-12-01,2855.17
13736,2009-12-01,2752.47
13743,2011-03-01,1341.6
13747,2010-10-01,169.79999999999998
13751,2011-02-01,296.25
13763,2010-09-01,5217.4400000000005
13764,2010-03-01,2919.6200000000003
13766,2010-08-01,190.35
13772,2010-02-01,3100.02
13773,2010-02-01,301.54
13774,2011-09-01,345.0
13779,2010-07-01,161.13
13788,2010-07-01,3.75
13791,2011-06-01,1516.0
13794,2010-06-01,126.03
13799,2010-03-01,2803.5699999999997
13808,2011-09-01,1747.66
13814,2010-06-01,2257.32
13838,2010-05-01,1690.07
13843,2010-11-01,319.75
13845,2011-10-01,312.98
13846,2010-11-01,1307.79
13847,2009-12-01,310.72
13849,2010-03-01,3469.2999999999997
13853,2011-10-01,1090.14
13862,2010-11-01,2556.0899999999997
13871,2009-12-01,7885.85
13878,2010-04-01,2416.8999999999996
13885,2011-05-01,506.79999999999995
13888,2010-05-01,2001.5900000000001
13892,2010-05-01,1267.65
13897,2010-01-01,1160.72
13898,2010-10-01,686.4000000000001
13899,2011-03-01,388.52
13902,2009-12-01,34095.259999999995
13906,2010-10-01,42.0
13912,2010-10-01,124.95
13919,2010-06-01,1360.68
13922,2010-08-01,865.2
13927,2010-09-01,708.26
13931,2009-12-01,5257.379999999999
13932,2011-02-01,307.4
13938,2011-11-01,71.66
13950,2011-04-01,745.06
13951,2011-02-01,674.4499999999999
13959,2010-07-01,1064.77
13973,2011-02-01,264.7
13982,2010-01-01,3954.29
13985,2010-02-01,10020.86
13988,2010-03-01,4757.799999999999
13995,2009-12-01,3902.01
13998,2010-05-01,566.7
14000,2009-12-01,2046.3400000000001
14012,2011-03-01,328.8
14013,2010-03-01,1084.57
14014,2010-05-01,1948.2099999999998
14017,2010-05-01,229.75
14018,2010-03-01,367.15000000000003
14019,2011-07-01,1421.61
14024,2010-11-01,645.74
14026,2010-03-01,713.11
14036,2011-02-01,626.65
14041,2011-03-01,141.41
14042,2009-12-01,431.98
14043,2009-12-01,302.6
14051,2009-12-01,21770.98
14053,2010-08-01,572.3
14068,2010-01-01,1516.7199999999998
14069,2010-05-01,225.81
14071,2011-03-01,1437.5700000000002
14072,2010-02-01,390.85
14074,2010-03-01,219.39999999999998
14078,2010-03-01,1553.47
14082,2010-11-01,413.36
14084,2010-07-01,150.5
14085,2009-12-01,9720.670000000002
14089,2011-10-01,158.75
14092,2009-12-01,7229.449999999999
14094,2010-09-01,311.77
14111,2011-04-01,692.85
14128,2010-06-01,924.21
14131,2010-03-01,168.22
14135,2009-12-01,8839.67
14136,2009-12-01,1570.81
14139,2010-06-01,1086.8
14141,2011-08-01,915.1300000000001
14142,2010-03-01,671.34
14146,2010-01-01,9450.3
14147,2010-03-01,2590.2000000000003
14148,2010-10-01,466.29
14154,2010-01-01,6460.7
14156,2009-12-01,313437.61999999994
14158,2011-10-01,507.66
14162,2011-02-01,289.36
14166,2010-03-01,251.15
14167,2010-01-01,1274.29
14171,2009-12-01,498.79
14176,2010-11-01,756.46
14177,2010-02-01,2209.69
14183,2010-08-01,278.34000000000003
14190,2010-02-01,79.9
14196,2011-08-01,335.52
14197,2010-10-01,390.05
14199,2010-06-01,1091.6999999999998
14201,2010-04-01,1193.54
14205,2010-03-01,2414.2000000000003
14211,2009-12-01,4402.29
14226,2010-09-01,2985.13
14229,2010-08-01,2594.04
14230,2010-06-01,979.8
14237,2010-04-01,471.14
14239,2009-12-01,4263.17
14240,2010-10-01,1247.49
14250,2011-09-01,1904.05
14251,2011-10-01,2879.7
14257,2010-03-01,5954.45
14260,2010-06-01,824.28
14261,2011-09-01,1163.45
14263,2010-10-01,322.93
14264,2010-04-01,1517.36
14277,2009-12-01,17197.61
14289,2011-02-01,911.26
14293,2009-12-01,2903.0099999999998
14304,2010-05-01,1725.01
14308,2010-06-01,1147.02
14319,2010-10-01,494.85
14321,2010-08-01,2218.06
14324,2010-01-01,701.61
14325,2010-05-01,245.48000000000002
14327,2010-01-01,1894.9299999999998
14330,2010-03-01,200.63
14331,2011-07-01,462.66
14332,2010-10-01,1917.41
14335,2011-09-01,454.86
14339,2010-10-01,620.27
14341,2009-12-01,4452.02
14348,2011-03-01,409.57
14350,2010-10-01,972.03
14352,2011-03-01,1078.96
14360,2011-09-01,2118.03
14363,2010-09-01,227.47
14364,2011-05-01,3717.35
14377,2011-03-01,617.05
14384,2010-07-01,58.5
14386,2011-02-01,142.4
14389,2010-04-01,1898.0100000000002
14393,2011-05-01,67.95
14398,2010-06-01,707.79
14399,2010-02-01,2108.21
14410,2010-09-01,2631.9
14411,2011-02-01,1063.0
14412,2010-10-01,1426.1899999999998
14415,2009-12-01,11980.090000000004
14418,2011-08-01,1937.25
14422,2009-12-01,10271.52
14429,2010-11-01,516.28
14432,2011-09-01,2248.5
14433,2010-08-01,280.7
14434,2011-09-01,1372.8
14435,2010-07-01,90.42
14437,2010-05-01,873.34
14438,2011-02-01,131.9
14439,2010-01-01,9443.039999999999
14446,2010-11-01,1200.28
14448,2010-12-01,375.35
14456,2011-07-01,3017.2799999999997
14461,2010-01-01,6676.91
14465,2010-01-01,3925.85
14468,2009-12-01,204.24
14474,2010-05-01,1258.8899999999999
14475,2010-10-01,1151.15
14478,2009-12-01,1276.6599999999999
14483,2009-12-01,257.1
14491,2010-12-01,340.93
14494,2009-12-01,401.46
14499,2010-08-01,2101.7900000000004
14500,2011-06-01,356.85
14502,2011-01-01,2429.83
14505,2009-12-01,11879.079999999998
14514,2009-12-01,4380.04
14515,2010-06-01,3724.0600000000004
14525,2009-12-01,8026.539999999999
14527,2009-12-01,27246.88000000001
14531,2010-08-01,376.34
14533,2010-04-01,3466.3700000000003
14534,2010-03-01,6187.66
14537,2010-03-01,641.4000000000001
14545,2010-02-01,349.25
14547,2011-10-01,3974.75
14557,2011-09-01,788.38
14561,2011-06-01,1080.76
14562,2010-02-01,6638.149999999999
14569,2010-04-01,597.3299999999999
14581,2010-06-01,409.65
14586,2011-03-01,237.36
14589,2010-12-01,39.75
14595,2010-01-01,2164.45
14602,2010-02-01,205.35999999999999
14604,2010-03-01,143.85999999999999
14610,2010-07-01,24.35
14626,2009-12-01,5410.919999999999
14627,2010-11-01,462.75
14629,2011-10-01,955.26
14636,2011-03-01,609.85
14639,2010-02-01,4978.960000000001
14640,2010-01-01,3649.36
14646,2009-12-01,528602.5199999998
14648,2009-12-01,4466.65
14654,2009-12-01,246.86
14657,2010-09-01,1450.1899999999998
14658,2011-08-01,247.15
14662,2009-12-01,1376.4299999999998
14665,2010-04-01,2749.65
14668,2010-09-01,111.63
14673,2010-10-01,3037.32
14674,2010-07-01,173.66
14678,2010-05-01,403.39
14680,2009-12-01,55688.49999999999
14687,2010-06-01,1402.06
14693,2010-07-01,1165.3600000000001
14694,2010-04-01,244.31
14698,2011-10-01,1217.2700000000002
14704,2010-03-01,1752.9199999999998
14706,2010-03-01,367.54
14707,2010-05-01,139.2
14709,2009-12-01,8886.33
14712,2010-10-01,1328.0700000000002
14713,2009-12-01,5115.76
14717,2009-12-01,81.3
14719,2011-04-01,1581.8400000000001
14721,2010-11-01,109.07
14728,2010-10-01,190.58
14733,2010-11-01,14335.150000000001
14738,2009-12-01,1821.9
14740,2010-02-01,4161.0599999999995
14758,2010-04-01,2864.9699999999993
14760,2011-02-01,89.2
14766,2010-06-01,6375.73
14772,2011-08-01,139.26
14779,2011-01-01,386.15
14780,2011-09-01,447.68
14795,2011-06-01,131.45000000000002
14797,2010-07-01,300.31
14800,2010-09-01,7191.330000000001
14802,2010-09-01,1502.98
14805,2010-03-01,1082.55
14806,2010-09-01,303.43
14807,2010-02-01,504.14
14809,2010-03-01,686.76
14810,2010-10-01,2354.03
14821,2010-02-01,1230.1499999999999
14831,2009-12-01,1676.5700000000002
14855,2010-04-01,6520.3
14856,2011-10-01,1290.53
14872,2010-03-01,816.6
14887,2011-09-01,1862.0
14893,2010-04-01,1809.6100000000001
14896,2009-12-01,1826.0
14897,2009-12-01,3140.5400000000004
14901,2010-07-01,1919.0
14903,2011-03-01,2795.33
14906,2010-09-01,68.44
14913,2010-08-01,4073.1300000000006
14916,2010-04-01,3042.95
14919,2010-06-01,359.35
14926,2010-04-01,359.4
14928,2010-03-01,223.91000000000003
14944,2010-02-01,9784.67
14950,2011-11-01,371.2
14954,2010-01-01,462.12
14972,2010-11-01,145.07
14973,2011-04-01,1314.45
14975,2010-10-01,472.39
14976,2011-01-01,790.86
14977,2009-12-01,31.929999999999996
14978,2010-04-01,3112.1899999999996
14982,2010-05-01,237.78
14983,2010-01-01,183.20000000000002
14986,2010-01-01,563.1
14988,2010-04-01,2038.6499999999996
14990,2009-12-01,304.16999999999996
14992,2010-09-01,210.5
14995,2011-03-01,231.98000000000002
14996,2010-08-01,442.29
15004,2011-07-01,1220.77
15005,2009-12-01,13754.579999999998
15007,2011-07-01,156.91
15012,2010-05-01,646.26
15018,2010-12-01,496.21000000000004
15019,2011-03-01,252.81
15021,2010-07-01,2500.5899999999997
15023,2010-02-01,11578.65
15031,2009-12-01,3102.94
15033,2011-01-01,2557.1800000000003
15035,2011-09-01,252.73000000000002
15037,2010-11-01,397.76
15040,2010-06-01,7.49
15042,2010-04-01,315.45000000000005
15045,2011-03-01,735.66
15049,2011-03-01,121.17000000000002
15050,2010-08-01,4087.1899999999996
15051,2009-12-01,3926.9100000000008
15055,2009-12-01,549.1199999999999
15058,2010-02-01,3387.5800000000004
15061,2009-12-01,126389.01999999999
15063,2011-05-01,370.79999999999995
15064,2009-12-01,1254.4099999999999
15067,2010-04-01,3862.88
15073,2010-01-01,2788.02
15079,2009-12-01,3625.4
15080,2010-07-01,546.25
15082,2010-02-01,93.35000000000001
15086,2010-03-01,218.53
15093,2009-12-01,13702.380000000003
15095,2010-01-01,3141.6400000000003
15109,2009-12-01,983.0999999999999
15118,2011-07-01,244.8
15121,2011-02-01,457.71999999999997
15123,2010-03-01,4656.17
15127,2010-07-01,711.5
15137,2010-01-01,823.4
15139,2011-01-01,178.96
15145,2011-04-01,1194.73
15150,2010-06-01,8977.94
15157,2009-12-01,2654.1099999999997
15159,2010-10-01,22116.73
15161,2010-11-01,119.92
15163,2011-05-01,304.47
15165,2010-12-01,487.75
15181,2009-12-01,1200.2
15183,2010-05-01,639.9300000000001
15185,2011-09-01,310.62
15186,2010-01-01,1403.2
15188,2009-12-01,310.43
15191,2010-01-01,588.05
15200,2010-08-01,549.05
15202,2010-10-01,6001.49
15206,2011-03-01,420.29999999999995
15208,2010-10-01,970.5200000000001
15215,2010-04-01,2422.43
15216,2010-03-01,486.09000000000003
15217,2010-05-01,426.24
15221,2010-03-01,2062.2000000000003
15224,2010-01-01,871.36
15225,2011-04-01,409.40000000000003
15227,2010-03-01,2488.49
15231,2010-03-01,250.26
15239,2011-09-01,780.59
15249,2010-03-01,9266.0
15251,2010-01-01,20324.539999999997
15257,2010-10-01,685.9
15258,2011-05-01,623.1600000000001
15261,2010-10-01,1508.0
15265,2009-12-01,3345.6400000000003
15266,2010-01-01,852.2099999999999
15268,2010-04-01,961.9
15269,2010-11-01,1225.36
15274,2011-11-01,716.57
15276,2010-10-01,619.8
15277,2010-10-01,476.34
15278,2010-02-01,496.15999999999997
15281,2010-10-01,8543.57
15285,2010-10-01,94.92
15287,2009-12-01,856.0300000000001
15288,2010-02-01,3715.38
15292,2011-05-01,178.39
15294,2010-10-01,233.35
15296,2010-01-01,10323.029999999999
15302,2009-12-01,308.0
15303,2010-01-01,1224.1799999999998
15313,2011-08-01,52.0
15314,2010-10-01,820.45
15315,2011-08-01,570.5
15320,2011-10-01,267.13
15326,2009-12-01,1700.52
15327,2011-10-01,208.75
15328,2010-10-01,107.24
15336,2010-11-01,240.5
15342,2011-08-01,406.09
15343,2011-09-01,364.5
15345,2011-10-01,393.54
15348,2011-09-01,158.04
15355,2011-10-01,277.05
15360,2011-10-01,427.93
15366,2010-02-01,2389.08
15370,2010-10-01,3739.01
15372,2010-02-01,6017.0599999999995
15377,2010-10-01,1211.7500000000002
15384,2010-04-01,2027.79
15394,2009-12-01,5286.799999999999
15396,2010-05-01,796.3800000000001
15400,2010-05-01,1302.3000000000002
15414,2011-04-01,774.9000000000001
15420,2009-12-01,743.0
15424,2010-09-01,597.78
15425,2010-02-01,1941.1200000000001
15432,2010-06-01,320.76
15433,2011-03-01,533.3
15441,2009-12-01,1254.21
15444,2011-10-01,1411.21
15445,2010-04-01,284.5
15446,2009-12-01,399.75
15451,2010-04-01,226.86
15460,2010-12-01,214.26
15461,2010-03-01,429.7
15462,2010-09-01,737.05
15468,2010-11-01,1430.48
15469,2010-09-01,874.25
15471,2010-06-01,1292.01
15472,2011-08-01,371.56
15478,2010-05-01,1983.48
15479,2009-12-01,147.4
15480,2010-02-01,6279.0
15495,2010-11-01,246.5
15497,2009-12-01,8657.390000000001
15505,2011-07-01,3610.96
15506,2010-08-01,2030.33
15512,2010-02-01,331.58000000000004
15520,2011-12-01,343.5
15522,2011-09-01,397.99
15528,2011-03-01,229.33
15529,2010-11-01,4783.66
15532,2010-06-01,3738.8500000000004
15534,2009-12-01,162.25
15536,2010-10-01,259.09
15537,2011-06-01,110.92
15539,2011-12-01,538.46
15552,2010-03-01,252.52
15568,2011-09-01,758.29
15572,2010-04-01,3965.2000000000003
15576,2011-11-01,921.37
15579,2010-10-01,1250.6299999999999
15587,2010-08-01,1522.08
15594,2011-04-01,1771.78
15610,2011-10-01,112.46000000000001
15618,2011-07-01,776.851
15619,2011-11-01,336.40000000000003
15627,2010-07-01,566.9000000000001
15635,2010-11-01,100.35
15638,2010-04-01,2265.2
15649,2010-11-01,1660.35
15651,2010-04-01,1259.06
15652,2010-08-01,1405.94
15657,2011-11-01,30.0
15663,2011-08-01,138.14
15664,2010-02-01,1254.03
15667,2011-10-01,301.32
15670,2010-06-01,325.20000000000005
15675,2010-10-01,542.04
15679,2011-06-01,781.28
15683,2010-08-01,524.54
15690,2011-08-01,239.76
15694,2009-12-01,9978.479999999998
15695,2010-01-01,1131.04
15700,2011-06-01,696.68
15702,2010-01-01,140.39000000000001
15705,2011-05-01,143.1
15709,2010-04-01,327.85
15712,2009-12-01,3472.4099999999994
15714,2010-06-01,783.96
15715,2010-03-01,658.0200000000001
15717,2010-04-01,607.0
15722,2010-03-01,5234.0
15725,2011-11-01,415.25
15727,2010-01-01,9371.71
15730,2010-10-01,1726.5800000000002
15731,2010-06-01,125.3
15742,2010-03-01,156.87
15743,2011-06-01,775.96
15746,2011-07-01,196.88
15747,2010-01-01,2499.81
15748,2010-09-01,609.8100000000001
15751,2009-12-01,1380.44
15756,2011-04-01,528.01
15760,2010-03-01,13916.34
15762,2011-09-01,583.75
15765,2010-02-01,370.63
15773,2010-10-01,774.5200000000001
15775,2010-03-01,150.5
15779,2010-06-01,124.08
15786,2010-06-01,8501.62
15793,2009-12-01,2399.5700000000006
15796,2010-03-01,5171.630000000001
15797,2010-01-01,2821.08
15798,2010-01-01,1535.37
15801,2011-08-01,1063.95
15803,2010-02-01,1929.6599999999999
15804,2011-05-01,4206.389999999999
15805,2009-12-01,10148.93
15806,2011-03-01,784.5799999999999
15809,2010-06-01,1274.44
15810,2010-02-01,2999.04
15812,2009-12-01,5201.47
15816,2010-06-01,144.14999999999998
15832,2011-03-01,836.79
15840,2011-06-01,355.56
15841,2009-12-01,2742.41
15848,2010-03-01,137.99
15858,2009-12-01,3552.4099999999994
15859,2010-10-01,438.46
15861,2010-01-01,4369.2
15870,2010-09-01,857.46
15889,2009-12-01,1427.6
15893,2010-08-01,305.28000000000003
15897,2011-05-01,208.59
15898,2009-12-01,4996.450000000001
15899,2010-12-01,56.25
15900,2010-05-01,886.5699999999999
15902,2010-11-01,145.01
15903,2010-01-01,8939.84
15904,2011-12-01,164.68
15905,2010-06-01,114.69
15909,2011-06-01,191.94
15916,2009-12-01,3145.24
15917,2009-12-01,530.17
15918,2010-03-01,582.88
15919,2010-12-01,525.69
15920,2009-12-01,569.14
15925,2011-05-01,207.15
15927,2010-03-01,106.54
15929,2010-03-01,594.0
15930,2011-10-01,426.63
15931,2010-10-01,239.9
15935,2011-04-01,416.86
15940,2011-02-01,35.8
15946,2010-03-01,2304.18
15947,2011-09-01,1708.24
15963,2011-10-01,470.76
15966,2010-09-01,426.53000000000003
15974,2011-02-01,3442.15
15981,2010-03-01,9362.77
15982,2010-04-01,324.51
15983,2009-12-01,3110.37
15985,2010-05-01,2715.28
16000,2011-12-01,12393.7
16001,2010-11-01,583.39
16009,2011-07-01,972.11
16011,2009-12-01,5601.01
16013,2009-12-01,56078.43999999999
16017,2010-01-01,1545.58
16019,2009-12-01,17329.16
16021,2010-06-01,487.03
16022,2011-03-01,602.63
16024,2010-10-01,483.99
16026,2011-10-01,236.09
16027,2010-01-01,2048.36
16028,2010-04-01,82.2
16030,2011-02-01,331.24
16035,2010-05-01,217.73
16036,2010-03-01,2556.84
16041,2011-07-01,3166.4
16046,2010-05-01,235.78
16053,2010-04-01,3634.84
16064,2009-12-01,109.31
16069,2010-10-01,457.7
16076,2011-05-01,2234.73
16082,2010-02-01,106.75
16090,2010-03-01,180.56
16097,2011-04-01,185.04999999999998
16099,2010-03-01,1573.1999999999998
16102,2011-08-01,1842.14
16115,2010-05-01,2553.8
16117,2010-04-01,654.4
16120,2010-10-01,2967.5099999999998
16122,2010-10-01,895.6200000000001
16125,2009-12-01,4292.35
16130,2010-04-01,987.48
16134,2010-06-01,2145.34
16135,2010-05-01,819.4499999999999
16139,2009-12-01,1111.1499999999999
16142,2011-04-01,535.34
16143,2009-12-01,4555.080000000001
16144,2011-04-01,175.2
16148,2010-09-01,386.62
16153,2010-05-01,5133.49
16159,2009-12-01,1232.79
16169,2011-09-01,1822.97
16172,2010-07-01,1884.55
16176,2010-03-01,2052.69
16178,2010-11-01,612.6
16183,2010-10-01,1077.81
16186,2009-12-01,8718.429999999998
16187,2011-02-01,6911.4400000000005
16194,2010-11-01,308.59999999999997
16199,2010-03-01,942.75
16202,2009-12-01,2501.9900000000002
16211,2010-09-01,1090.59
16212,2010-02-01,1293.71
16222,2009-12-01,1272.0500000000002
16223,2010-11-01,1087.0500000000002
16226,2010-10-01,672.1700000000001
16236,2011-09-01,432.2
16240,2011-09-01,3718.8
16242,2010-03-01,7404.65
16244,2010-12-01,1522.75
16246,2010-02-01,821.35
16249,2011-04-01,1800.07
16251,2010-07-01,128.31
16255,2010-01-01,4530.000000000001
16256,2010-04-01,1629.3700000000001
16264,2010-09-01,823.53
16268,2011-09-01,667.65
16271,2010-03-01,3397.8199999999997
16273,2010-02-01,318.34000000000003
16276,2010-04-01,2629.3900000000003
16279,2010-04-01,5698.280000000001
16280,2009-12-01,238.05
16284,2010-11-01,1018.48
16287,2010-01-01,1006.98
16290,2010-05-01,1957.7
16291,2010-01-01,117.72
16292,2010-04-01,1253.76
16293,2009-12-01,4279.200000000001
16296,2009-12-01,1313.67
16302,2011-08-01,233.22
16310,2010-03-01,460.08
16313,2011-10-01,274.15
16319,2011-05-01,404.40000000000003
16324,2011-06-01,408.59
16326,2010-01-01,4721.25
16334,2010-08-01,263.73
16336,2010-03-01,3517.6900000000005
16337,2011-11-01,151.05
16340,2010-06-01,1496.24
16345,2010-08-01,1178.79
16349,2011-02-01,53.5
16350,2010-10-01,2253.89
16351,2009-12-01,3330.03
16355,2010-11-01,416.35
16356,2010-06-01,415.87000000000006
16357,2010-11-01,868.37
16359,2010-02-01,2697.7500000000005
16369,2010-04-01,2656.5600000000004
16371,2010-09-01,157.2
16374,2010-04-01,1723.4
16377,2010-04-01,1308.48
16381,2010-10-01,247.85
16383,2010-02-01,2896.6900000000005
16385,2010-03-01,881.3500000000001
16387,2010-03-01,882.46
16389,2011-03-01,1382.0700000000002
16390,2010-01-01,467.50000000000006
16394,2011-02-01,1555.34
16396,2010-08-01,137.8
16398,2011-03-01,1705.8000000000002
16403,2011-01-01,177.5
16405,2011-02-01,167.25
16407,2010-10-01,2761.65
16409,2009-12-01,5652.740000000001
16411,2010-10-01,756.39
16413,2010-11-01,522.03
16428,2010-07-01,638.49
16432,2011-10-01,287.4
16434,2010-01-01,2673.69
16437,2010-10-01,301.25
16440,2010-08-01,3856.97
16441,2010-03-01,1019.1300000000001
16443,2010-07-01,162.24
16444,2010-03-01,3625.88
16446,2011-05-01,168472.5
16448,2010-08-01,361.12
16459,2009-12-01,71.78999999999999
16461,2010-03-01,1545.83
16463,2011-05-01,1422.3999999999999
16465,2010-09-01,746.24
16467,2009-12-01,2869.16
16471,2010-02-01,1189.98
16474,2011-07-01,1810.65
16477,2010-08-01,4094.3700000000003
16478,2011-10-01,331.0
16490,2010-09-01,205.41000000000003
16493,2010-03-01,2132.09
16494,2011-02-01,826.53
16497,2009-12-01,6695.280000000001
16500,2010-06-01,843.91
16504,2011-11-01,465.88
16507,2010-05-01,142.71
16513,2011-10-01,874.59
16521,2010-03-01,1140.11
16523,2010-01-01,11916.33
16526,2010-05-01,717.21
16529,2010-06-01,1986.8
16530,2010-02-01,48.349999999999994
16539,2010-06-01,3289.66
16544,2010-02-01,376.70000000000005
16545,2010-11-01,689.8199999999999
16547,2010-06-01,104.25999999999999
16552,2010-12-01,379.7300000000001
16560,2009-12-01,3048.38
16566,2011-02-01,614.66
16569,2009-12-01,1455.23
16574,2010-02-01,1301.78
16576,2010-07-01,540.87
16577,2010-02-01,380.0
16585,2010-01-01,341.59000000000003
16590,2010-10-01,605.9
16591,2011-10-01,213.5
16593,2009-12-01,1071.14
16597,2011-12-01,90.04
16598,2011-02-01,145.04999999999998
16599,2010-11-01,172.8
16600,2009-12-01,2153.41
16608,2010-02-01,1286.62
16613,2011-09-01,618.59
16619,2010-02-01,1938.3300000000002
16622,2010-06-01,225.4
16625,2010-06-01,1654.03
16629,2011-09-01,408.63
16630,2010-10-01,106.80000000000001
16636,2010-03-01,3802.04
16638,2010-08-01,2380.13
16644,2011-05-01,833.78
16649,2010-07-01,306.58000000000004
16652,2010-03-01,17550.39
16656,2009-12-01,16833.170000000002
16660,2010-01-01,1879.55
16662,2010-11-01,151.05
16668,2010-03-01,862.42
16670,2009-12-01,8030.15
16671,2011-06-01,1692.2700000000002
16674,2011-09-01,304.24
16676,2010-10-01,2361.9
16678,2011-03-01,3109.9900000000002
16688,2011-10-01,1260.86
16689,2011-09-01,422.6
16690,2010-09-01,353.03
16695,2010-05-01,191.9
16698,2011-03-01,1998.0
16706,2011-08-01,531.3499999999999
16708,2011-10-01,656.63
16716,2010-03-01,2149.6800000000003
16719,2009-12-01,3513.62
16724,2010-10-01,147.35
16726,2010-10-01,2063.88
16731,2010-03-01,170.3
16732,2009-12-01,4387.64
16739,2010-06-01,786.4300000000001
16740,2010-11-01,226.91
16743,2010-04-01,4212.1500000000015
16755,2009-12-01,2864.68
16757,2010-10-01,270.48
16768,2009-12-01,1698.57
16770,2010-08-01,1778.93
16776,2010-10-01,592.51
16778,2011-03-01,245.94
16779,2009-12-01,32809.03
16782,2009-12-01,9636.119999999999
16786,2010-11-01,51.839999999999996
16788,2010-02-01,1928.93
16799,2010-09-01,452.78
16802,2009-12-01,582.61
16806,2011-04-01,762.16
16811,2011-11-01,547.0699999999999
16817,2010-10-01,2560.7
16818,2011-05-01,3349.5700000000006
16830,2009-12-01,1207.5
16833,2010-03-01,2409.04
16837,2011-04-01,3170.9799999999996
16840,2010-02-01,139.85
16845,2010-03-01,253.88
16848,2010-10-01,1411.62
16854,2010-03-01,1408.96
16864,2010-04-01,409.25
16866,2011-07-01,207.73999999999998
16868,2010-04-01,384.56
16870,2010-08-01,450.15999999999997
16871,2011-03-01,2812.3399999999997
16876,2010-11-01,136.01
16880,2010-08-01,1813.21
16886,2010-09-01,134.0
16890,2010-05-01,285.41
16899,2010-11-01,1695.77
16905,2009-12-01,4706.77
16912,2009-12-01,4460.51
16917,2010-03-01,1851.88
16918,2009-12-01,3206.54
16919,2010-08-01,4909.66
16923,2010-01-01,13157.130000000001
16936,2010-11-01,548.29
16940,2009-12-01,6427.660000000002
16941,2010-04-01,33.0
16947,2010-03-01,955.2099999999999
16949,2011-01-01,1286.27
16952,2009-12-01,795.83
16954,2010-01-01,6081.88
16960,2010-03-01,1990.8799999999999
16962,2010-10-01,251.04
16966,2011-04-01,2154.9700000000003
16978,2010-02-01,768.88
16979,2010-09-01,2859.74
16980,2010-10-01,1422.83
16984,2010-03-01,10350.53
16999,2011-09-01,484.82000000000005
17001,2010-03-01,6640.8
17003,2010-05-01,828.2099999999999
17006,2010-03-01,1635.27
17009,2010-06-01,242.06
17010,2011-11-01,195.36
17015,2011-06-01,1838.61
17016,2010-05-01,552.4
17021,2010-04-01,1182.22
17024,2011-07-01,95.85
17025,2010-03-01,1349.6699999999998
17026,2010-10-01,175.82999999999998
17027,2009-12-01,1310.6300000000003
17029,2010-02-01,2137.3
17035,2009-12-01,613.59
17041,2010-04-01,1655.1999999999998
17048,2010-01-01,2071.68
17051,2010-03-01,706.49
17060,2011-03-01,234.24
17063,2009-12-01,3638.53
17067,2009-12-01,454.53999999999996
17070,2010-10-01,437.42
17074,2010-05-01,203.05
17081,2010-02-01,949.39
17082,2009-12-01,4732.030000000001
17084,2010-11-01,5001.21
17085,2009-12-01,7847.669999999999
17093,2010-04-01,235.88
17095,2009-12-01,2572.25
17103,2009-12-01,424.3
17104,2010-10-01,474.03
17107,2010-01-01,16052.720000000001
17112,2010-07-01,197.57
17126,2010-08-01,2016.43
17131,2011-09-01,2463.17
17137,2010-01-01,1099.81
17138,2010-02-01,4417.27
17141,2010-01-01,727.58
17144,2011-09-01,984.5699999999999
17151,2009-12-01,231.90000000000003
17155,2009-12-01,892.4599999999999
17158,2010-03-01,1980.0
17160,2009-12-01,10209.16
17163,2010-02-01,699.78
17165,2009-12-01,1794.3200000000002
17166,2011-05-01,206.34
17167,2010-09-01,867.11
17168,2010-07-01,400.2
17172,2009-12-01,956.5699999999999
17174,2011-05-01,59.9
17196,2010-10-01,327.75
17198,2010-12-01,692.22
17199,2010-05-01,135.04000000000002
17200,2010-02-01,356.71
17205,2010-05-01,999.3499999999999
17206,2011-10-01,204.24
17207,2010-02-01,292.62
17212,2010-08-01,794.41
17214,2010-12-01,1059.1200000000001
17216,2010-06-01,63.6
17218,2010-01-01,3891.39
17220,2010-01-01,4457.310000000001
17221,2010-04-01,976.6199999999999
17228,2010-03-01,2820.0299999999997
17229,2011-07-01,318.76
17233,2009-12-01,560.86
17234,2011-06-01,149.89000000000001
17235,2010-06-01,1562.9800000000002
17238,2009-12-01,7331.669999999999
17261,2010-07-01,221.59
17263,2011-05-01,63.440000000000005
17268,2009-12-01,1733.8899999999999
17271,2009-12-01,204.3
17279,2011-10-01,187.82999999999998
17280,2010-09-01,118.85999999999999
17283,2010-11-01,188.46
17285,2010-02-01,407.94
17290,2009-12-01,1487.96
17294,2010-02-01,467.78999999999996
17306,2010-11-01,9782.349999999999
17308,2010-09-01,4511.76
17309,2010-02-01,320.39
17315,2010-09-01,9599.579999999998
17323,2010-01-01,1551.04
17329,2009-12-01,998.53
17339,2010-07-01,302.36
17342,2010-02-01,1227.54
17346,2010-04-01,4998.61
17348,2010-03-01,2442.29
17350,2010-02-01,1893.701
17351,2009-12-01,1988.2299999999998
17353,2010-03-01,3242.0
17357,2011-11-01,384.39
17359,2010-03-01,284.46
17360,2010-10-01,1200.51
17361,2010-02-01,871.79
17365,2010-02-01,8184.49
17368,2009-12-01,2758.2900000000004
17370,2011-06-01,446.18
17371,2009-12-01,655.3699999999999
17383,2010-09-01,304.09000000000003
17391,2011-06-01,508.8
17393,2010-08-01,381.15000000000003
17402,2009-12-01,4635.5599999999995
17405,2011-07-01,1031.41
17406,2009-12-01,4186.95
17407,2010-10-01,552.9
17408,2010-07-01,316.09000000000003
17409,2009-12-01,7793.51
17411,2009-12-01,1425.38
17420,2010-11-01,953.5799999999999
17425,2011-10-01,759.1700000000001
17431,2011-01-01,403.3
17433,2010-11-01,569.96
17436,2009-12-01,534.06
17438,2010-03-01,1422.7700000000002
17446,2011-02-01,120.9
17454,2010-01-01,1547.94
17458,2010-11-01,529.58
17459,2011-10-01,657.3
17469,2009-12-01,5051.25
17471,2010-08-01,321.65000000000003
17472,2010-03-01,922.3499999999999
17475,2011-09-01,194.37
17476,2009-12-01,489.86
17484,2010-03-01,209.57
17488,2010-03-01,336.5
17492,2010-07-01,1122.42
17494,2010-07-01,54.699999999999996
17496,2010-01-01,1412.89
17499,2010-05-01,1341.3899999999999
17502,2011-11-01,689.1
17516,2010-11-01,947.5
17517,2011-02-01,153.94
17522,2011-05-01,1070.71
17523,2011-11-01,652.74
17525,2010-10-01,1161.9
17532,2010-11-01,65.34
17534,2010-02-01,1668.83
17536,2010-01-01,364.83000000000004
17539,2009-12-01,1176.84
17545,2010-05-01,1409.86
17547,2010-02-01,727.85
17550,2010-02-01,2506.64
17552,2010-03-01,2786.77
17553,2010-04-01,3757.6
17557,2009-12-01,575.46
17558,2010-11-01,259.17
17561,2009-12-01,703.02
17562,2011-06-01,1122.38
17570,2010-11-01,100.0
17572,2009-12-01,652.21
17575,2010-02-01,171.7
17576,2009-12-01,8711.949999999999
17578,2010-06-01,1047.33
17581,2009-12-01,17951.170000000002
17582,2010-03-01,1446.95
17591,2010-01-01,2339.32
17598,2010-11-01,409.98
17599,2010-08-01,52.05
17600,2011-11-01,161.67000000000002
17606,2009-12-01,87.30000000000001
17610,2009-12-01,1511.9399999999998
17611,2009-12-01,8337.529999999999
17613,2011-02-01,4544.550000000001
17615,2010-08-01,721.8
17620,2011-10-01,81.44
17623,2009-12-01,2365.77
17627,2010-08-01,296.36
17628,2011-09-01,75.75
17629,2010-10-01,2455.5199999999995
17631,2009-12-01,998.4900000000001
17636,2011-11-01,285.56
17638,2009-12-01,842.4
17643,2010-07-01,439.70000000000005
17646,2009-12-01,3898.7899999999995
17648,2010-11-01,2216.37
17653,2011-08-01,1207.5600000000002
17658,2011-05-01,595.42
17659,2010-11-01,3586.99
17663,2010-03-01,5175.83
17664,2010-03-01,1166.23
17668,2011-11-01,347.75
17669,2010-04-01,6142.35
17672,2010-01-01,5778.63
17674,2010-12-01,551.04
17678,2010-04-01,599.76
17679,2009-12-01,3577.6099999999997
17681,2010-01-01,731.2
17682,2010-03-01,4065.28
17684,2011-10-01,239.41
17686,2010-06-01,8296.810000000001
17692,2010-06-01,2975.7999999999997
17700,2009-12-01,6679.97
17703,2010-10-01,1094.84
17704,2011-04-01,885.19
17705,2010-05-01,2083.9
17708,2010-10-01,884.1800000000001
17709,2010-04-01,671.01
17718,2010-03-01,439.17999999999995
17719,2011-03-01,5396.04
17723,2010-11-01,3378.4
17729,2010-04-01,438.65000000000003
17731,2010-02-01,1708.9899999999998
17732,2010-08-01,2166.42
17744,2010-11-01,2649.14
17748,2010-06-01,358.15
17751,2010-10-01,157.85999999999999
17752,2010-12-01,80.64
17758,2010-05-01,4964.03
17759,2010-05-01,1261.88
17761,2011-11-01,712.78
17764,2009-12-01,1513.5700000000002
17770,2011-03-01,1143.27
17771,2010-04-01,387.40999999999997
17774,2010-02-01,3273.8299999999995
17777,2011-08-01,647.56
17786,2011-01-01,266.85
17789,2010-02-01,397.15
17793,2011-11-01,300.34
17794,2010-01-01,147.3
17795,2011-03-01,342.83000000000004
17799,2009-12-01,6246.930000000001
17800,2011-01-01,1187.2099999999998
17803,2010-11-01,184.66
17809,2009-12-01,10085.89
17811,2010-09-01,9519.800000000001
17815,2010-11-01,591.96
17816,2009-12-01,96.11
17823,2010-10-01,449.25
17829,2010-02-01,4756.74
17833,2009-12-01,338.46000000000004
17838,2010-03-01,5604.639999999999
17846,2011-09-01,2033.1
17849,2010-03-01,1063.7600000000002
17853,2009-12-01,1596.2900000000002
17854,2009-12-01,1068.5
17856,2011-03-01,1418.0300000000002
17859,2011-02-01,141.92000000000002
17864,2010-10-01,876.57
17873,2009-12-01,6265.33
17874,2011-03-01,683.46
17879,2011-06-01,178.51999999999998
17880,2009-12-01,824.9200000000001
17883,2010-02-01,988.4200000000001
17886,2010-04-01,1572.55
17888,2009-12-01,1807.4400000000003
17892,2011-07-01,244.09999999999997
17897,2010-05-01,2099.89
17903,2010-11-01,381.09000000000003
17904,2011-11-01,181.07
17908,2009-12-01,1142.47
17914,2011-12-01,329.36
17916,2009-12-01,43.870000000000005
17918,2010-07-01,396.39
17922,2010-06-01,170.4
17931,2010-02-01,3402.2399999999993
17932,2011-05-01,1331.57
17933,2010-03-01,114.69
17934,2010-10-01,1049.15
17935,2009-12-01,686.1400000000001
17940,2009-12-01,30306.789999999997
17941,2010-01-01,1433.28
17945,2010-01-01,360.34999999999997
17948,2011-07-01,358.56000000000006
17950,2010-01-01,1166.29
17957,2011-10-01,111.68
17961,2009-12-01,2866.7400000000007
17963,2010-01-01,643.1599999999999
17969,2009-12-01,2354.29
17977,2010-11-01,1511.4499999999998
17981,2010-10-01,239.12
17982,2010-01-01,138.18
17984,2009-12-01,1152.19
17985,2011-11-01,631.35
17987,2010-06-01,965.44
17989,2010-11-01,207.32999999999998
17992,2010-11-01,252.88
17997,2011-06-01,1962.4599999999996
18001,2009-12-01,924.14
18004,2010-12-01,157.92
18011,2010-05-01,410.78999999999996
18032,2011-01-01,73.5
18034,2010-11-01,754.1999999999999
18059,2011-10-01,306.46000000000004
18062,2010-04-01,1632.67
18071,2009-12-01,1169.68
18077,2009-12-01,4078.79
18082,2011-11-01,680.84
18084,2010-11-01,795.23
18088,2011-10-01,166.03
18092,2009-12-01,14693.72
18098,2010-11-01,527.94
18099,2011-08-01,168.31
18106,2010-01-01,1441.06
18108,2009-12-01,848.81
18109,2010-07-01,9555.710000000001
18113,2010-12-01,76.32000000000001
18116,2010-10-01,2134.4900000000002
18119,2010-12-01,180.7
18123,2010-07-01,666.6399999999999
18125,2011-01-01,1131.75
18127,2010-11-01,556.1299999999999
18128,2010-06-01,399.29
18130,2011-10-01,1059.3899999999999
18137,2010-06-01,145.99
18142,2011-05-01,1019.52
18145,2009-12-01,5609.74
18149,2010-03-01,1553.96
18153,2010-02-01,246.22
18155,2011-02-01,371.62
18159,2011-02-01,530.15
18163,2010-05-01,728.84
18165,2011-06-01,302.46000000000004
18166,2010-03-01,175.5
18167,2011-08-01,1384.8600000000001
18168,2009-12-01,3435.5
18182,2010-09-01,291.13
18194,2010-01-01,4162.04
18199,2010-01-01,344.75
18202,2011-02-01,1396.99
18203,2009-12-01,492.52000000000004
18204,2011-05-01,1975.35
18205,2011-09-01,517.36
18209,2011-11-01,139.10000000000002
18210,2010-11-01,2768.83
18213,2011-04-01,232.48000000000002
18219,2009-12-01,3352.7
18220,2009-12-01,1921.76
18222,2011-09-01,443.0
18225,2009-12-01,13014.8
18229,2009-12-01,10150.509999999998
18232,2011-05-01,592.97
18233,2011-01-01,440.0
18237,2011-07-01,987.0999999999999
18240,2011-10-01,422.58
18241,2010-04-01,2986.9900000000002
18243,2010-10-01,515.78
18244,2010-07-01,568.64
18246,2010-04-01,758.8199999999999
18253,2010-03-01,317.88
18258,2010-05-01,2059.67
18259,2009-12-01,3941.9000000000005
18262,2010-04-01,577.54
18267,2010-02-01,269.37
18269,2010-12-01,168.6
18274,2011-11-01,175.92
18278,2010-10-01,414.20000000000005
12348,2010-09-01,2019.4
12349,2010-04-01,4428.69
12352,2010-11-01,2849.8399999999997
12353,2010-10-01,406.76
12355,2010-05-01,947.61
12357,2010-11-01,18287.66
12361,2010-01-01,511.25
12372,2011-02-01,1298.04
12384,2011-08-01,585.27
12387,2010-10-01,143.94
12388,2010-05-01,3901.11
12390,2011-09-01,549.84
12391,2010-02-01,2724.84
12395,2010-04-01,4721.17
12396,2010-02-01,931.43
12401,2011-02-01,84.3
12403,2010-07-01,1019.3600000000001
12407,2011-03-01,1708.12
12416,2010-02-01,202.56
12421,2010-07-01,1098.6
12423,2010-08-01,2622.3900000000003
12424,2010-06-01,3340.03
12443,2009-12-01,485.31
12447,2011-04-01,476.49
12462,2011-02-01,1189.5900000000001
12464,2011-02-01,1212.05
12469,2010-06-01,3070.54
12470,2010-01-01,211.95
12471,2009-12-01,39918.19
12472,2009-12-01,16249.29
12474,2010-02-01,12372.75
12476,2010-07-01,14083.91
12477,2010-03-01,20276.37
12478,2011-12-01,680.99
12484,2010-01-01,6354.1
12491,2011-11-01,460.40000000000003
12494,2010-05-01,1815.2700000000002
12501,2011-01-01,2169.39
12504,2010-04-01,779.05
12505,2010-10-01,955.2
12506,2011-04-01,73.5
12510,2009-12-01,5178.02
12512,2011-10-01,132.18
12516,2010-04-01,2648.62
12518,2011-08-01,2056.89
12519,2010-08-01,716.54
12520,2011-03-01,2634.2599999999998
12522,2011-10-01,192.72
12530,2010-03-01,3759.26
12533,2009-12-01,1367.8899999999999
12535,2011-06-01,716.3499999999999
12536,2011-10-01,12601.830000000002
12541,2011-03-01,981.18
12544,2011-11-01,372.7
12552,2011-10-01,437.82
12556,2011-07-01,599.56
12557,2009-12-01,18096.14
12559,2011-01-01,561.71
12564,2011-03-01,456.9
12568,2010-03-01,70.0
12571,2011-08-01,519.61
12573,2010-08-01,717.4100000000001
12579,2011-09-01,440.42
12581,2011-10-01,197.71
12582,2010-05-01,1980.4
12589,2010-01-01,4695.66
12592,2010-07-01,2582.6600000000003
12594,2010-03-01,5090.110000000001
12595,2010-07-01,299.02
12599,2010-05-01,2296.72
12602,2011-10-01,153.12
12604,2011-03-01,254.18
12605,2010-09-01,1232.95
12618,2011-11-01,177.31
12620,2011-05-01,1339.4099999999999
12621,2010-02-01,24311.200000000004
12626,2011-01-01,6620.4800000000005
12630,2011-10-01,1270.88
12638,2010-03-01,921.49
12641,2011-08-01,185.9
12644,2010-01-01,1918.4900000000002
12649,2010-01-01,2294.65
12650,2011-12-01,314.44
12653,2010-07-01,4160.83
12654,2011-02-01,601.98
12667,2011-10-01,620.13
12673,2010-11-01,1230.02
12676,2010-08-01,2843.0899999999997
12685,2011-09-01,2863.08
12693,2010-07-01,1703.0200000000002
12694,2010-10-01,1843.35
12696,2010-07-01,851.91
12699,2010-10-01,638.11
12702,2011-11-01,219.0
12704,2011-06-01,2340.84
12711,2010-02-01,1339.05
12712,2009-12-01,6723.029999999999
12715,2011-08-01,343.36
12718,2011-09-01,238.25
12733,2010-01-01,2424.87
12737,2010-07-01,3710.5
12739,2010-11-01,2726.73
12744,2010-04-01,25317.059999999998
12748,2009-12-01,53539.640000000014
12753,2010-12-01,21429.39
12756,2011-09-01,112.07999999999998
12757,2011-05-01,7834.65
12758,2009-12-01,9903.24
12771,2010-08-01,282.3
12772,2011-10-01,892.47
12777,2010-09-01,519.45
12789,2010-01-01,273.35
12791,2010-03-01,863.5099999999999
12793,2010-11-01,885.53
12798,2010-10-01,8510.93
12804,2010-07-01,325.37
12809,2010-03-01,1755.94
12815,2011-05-01,1063.46
12816,2011-06-01,572.2
12820,2009-12-01,2689.52
12828,2011-08-01,1018.7099999999999
12830,2011-06-01,6814.639999999999
12831,2010-09-01,451.11
12834,2011-03-01,312.38
12835,2009-12-01,5996.83
12846,2010-01-01,15.58
12847,2010-11-01,1609.0
12850,2010-09-01,330.0
12851,2010-08-01,280.76
12852,2011-02-01,311.55
12854,2009-12-01,2970.97
12863,2010-04-01,2792.55
12867,2009-12-01,7829.259999999999
12869,2010-01-01,337.66999999999996
12870,2010-03-01,1676.95
12871,2010-09-01,744.02
12873,2010-01-01,2027.3000000000002
12881,2011-03-01,298.0
12890,2010-11-01,706.02
12903,2010-10-01,833.53
12918,2010-03-01,10953.5
12920,2009-12-01,486.64
12921,2009-12-01,35233.24000000001
12930,2011-06-01,415.8
12931,2009-12-01,92347.34000000001
12946,2010-09-01,324.45
12950,2011-11-01,1843.0
12951,2010-01-01,3213.7200000000007
12958,2010-05-01,467.34
12961,2010-11-01,211.99
12965,2011-09-01,769.8100000000001
12966,2011-11-01,160.18
12968,2011-08-01,135.95
12969,2010-04-01,122.45
12970,2009-12-01,1453.6
12974,2010-05-01,408.95
12977,2010-07-01,513.88
12978,2009-12-01,2502.82
12980,2009-12-01,16245.779999999999
12984,2011-11-01,97.5
12990,2010-03-01,955.5
12992,2009-12-01,93.35000000000001
12993,2010-02-01,1259.6299999999997
12996,2010-11-01,355.5
12997,2010-04-01,2110.91
13004,2009-12-01,11650.850000000002
13009,2010-02-01,234.0
13013,2009-12-01,11097.429999999998
13016,2011-08-01,789.89
13017,2011-12-01,204.0
13021,2009-12-01,4887.24
13028,2011-10-01,661.3199999999999
13033,2010-10-01,220.55
13034,2010-11-01,756.8199999999999
13040,2011-11-01,676.99
13052,2010-02-01,3119.33
13055,2010-10-01,2321.11
13059,2010-03-01,2291.77
13066,2011-11-01,470.8
13069,2010-06-01,9284.45
13075,2011-08-01,919.61
13078,2009-12-01,29018.060000000005
13080,2010-04-01,280.73
13081,2009-12-01,56838.369999999995
13082,2009-12-01,7335.75
13083,2010-10-01,395.43
13090,2010-08-01,13091.74
13098,2011-01-01,28882.44
13109,2010-06-01,1134.03
13114,2009-12-01,234.38
13117,2010-03-01,2255.6599999999994
13120,2011-04-01,30.599999999999998
13121,2011-03-01,283.73
13122,2011-04-01,922.39
13124,2010-11-01,4641.66
13125,2010-07-01,148.62
13126,2010-03-01,3774.81
13127,2011-09-01,259.17
13128,2010-03-01,263.5
13129,2010-06-01,233.25
13136,2009-12-01,6274.5599999999995
13138,2010-11-01,1274.01
13148,2009-12-01,8497.82
13156,2010-02-01,1586.54
13166,2010-10-01,875.9300000000001
13170,2011-11-01,108.81
13175,2009-12-01,831.4499999999999
13183,2010-03-01,7036.180000000001
13184,2011-02-01,1668.9499999999996
13188,2011-11-01,114.60000000000001
13190,2009-12-01,570.66
13191,2010-02-01,164.69
13196,2010-04-01,3068.84
13197,2010-04-01,373.01000000000005
13210,2011-09-01,353.48
13220,2010-05-01,1336.09
13222,2010-05-01,88.5
13223,2010-02-01,969.12
13225,2009-12-01,16260.07
13227,2011-05-01,257.7
13229,2011-04-01,160.95
13232,2011-04-01,1328.3500000000001
13235,2011-05-01,1031.07
13237,2010-11-01,643.0
13241,2010-10-01,112.53
13247,2011-09-01,501.12
13248,2011-06-01,465.67999999999995
13258,2010-11-01,1009.4300000000001
13268,2011-03-01,3174.75
13283,2010-03-01,373.36
13284,2011-01-01,201.19
13286,2010-04-01,734.91
13289,2009-12-01,307.95
13290,2010-09-01,208.63
13293,2010-02-01,1192.94
13294,2010-03-01,1689.53
13295,2010-05-01,1101.97
13297,2010-06-01,4368.619999999999
13303,2010-11-01,61.72
13315,2010-01-01,310.26
13316,2010-03-01,12940.82
13324,2010-05-01,10513.470000000001
13326,2010-10-01,281.76
13327,2009-12-01,9134.48
13329,2009-12-01,4808.77
13332,2011-11-01,350.9
13347,2011-09-01,341.36
13351,2011-10-01,373.94
13360,2010-01-01,1553.6499999999999
13361,2010-04-01,1450.5
13369,2010-12-01,308.28000000000003
13373,2009-12-01,7587.1900000000005
13375,2010-09-01,1792.23
13379,2011-07-01,572.56
13385,2011-01-01,534.57
13386,2010-09-01,835.46
13387,2010-10-01,186.94
13389,2011-04-01,797.96
13396,2011-01-01,1360.99
13397,2010-01-01,3191.87
13399,2010-07-01,275.4
13411,2011-08-01,213.55
13413,2010-01-01,429.44
13419,2011-10-01,221.06
13422,2011-10-01,2626.3
13431,2010-02-01,3316.24
13432,2010-04-01,439.1
13439,2010-07-01,986.6100000000001
13457,2009-12-01,148.22
13459,2010-01-01,1160.4099999999999
13460,2011-10-01,183.44
13464,2010-03-01,3097.64
13465,2010-05-01,931.12
13469,2010-02-01,82.4
13471,2011-10-01,2501.84
13472,2010-06-01,592.24
13474,2010-08-01,646.59
13479,2010-08-01,851.3700000000001
13484,2010-03-01,790.72
13492,2011-05-01,1269.8400000000001
13494,2011-02-01,316.26000000000005
13495,2009-12-01,4863.31
13500,2010-11-01,1466.3
13510,2009-12-01,4558.29
13512,2010-05-01,713.3900000000001
13513,2010-02-01,824.59
13522,2011-11-01,125.80000000000001
13524,2011-05-01,680.1800000000001
13527,2010-01-01,4541.29
13529,2011-05-01,307.76
13532,2011-11-01,210.31
13535,2010-11-01,89.5
13536,2011-09-01,3444.39
13537,2010-09-01,717.85
13538,2010-02-01,3103.1299999999997
13539,2010-04-01,1569.3600000000001
13545,2010-06-01,364.93
13552,2010-02-01,6948.92
13553,2010-02-01,499.6
13554,2010-09-01,1629.3500000000001
13558,2011-10-01,594.52
13563,2011-07-01,777.53
13569,2010-10-01,726.54
13587,2010-02-01,1673.5
13590,2009-12-01,6336.040000000001
13592,2011-03-01,247.95999999999998
13595,2010-03-01,784.48
13604,2010-02-01,717.62
13611,2009-12-01,3297.9300000000003
13615,2010-01-01,6272.53
13621,2011-08-01,213.85
13625,2010-04-01,301.26
13626,2010-11-01,707.04
13635,2009-12-01,2999.16
13640,2010-04-01,405.0
13641,2009-12-01,1016.47
13642,2010-10-01,472.19999999999993
13645,2011-08-01,252.1
13651,2010-11-01,226.85000000000002
13652,2010-02-01,2262.05
13655,2010-04-01,2280.51
13660,2010-11-01,306.64
13661,2010-04-01,325.24
13665,2010-07-01,1711.6599999999999
13666,2009-12-01,127.9
13667,2011-07-01,299.05
13668,2009-12-01,12948.479999999998
13671,2010-11-01,172.6
13676,2010-03-01,243.90000000000003
13684,2010-03-01,594.88
13688,2010-03-01,375.5
13691,2010-11-01,212.78
13693,2009-12-01,2011.82
13695,2010-05-01,2770.73
13698,2010-01-01,451.73
13699,2010-06-01,764.1500000000001
13709,2010-01-01,7571.3499999999985
13714,2010-08-01,161.35
13716,2011-03-01,138.28
13718,2011-02-01,306.55
13719,2010-05-01,2783.08
13729,2010-01-01,724.73
13735,2009-12-01,9762.77
13737,2011-05-01,339.59999999999997
13740,2009-12-01,1582.77
13742,2011-01-01,3107.8700000000003
13744,2011-02-01,1080.52
13745,2010-06-01,777.36
13748,2009-12-01,2064.35
13757,2010-02-01,195.55
13761,2010-02-01,1952.17
13775,2010-04-01,1049.66
13778,2010-05-01,1124.49
13780,2010-10-01,732.07
13783,2010-02-01,1542.0899999999997
13784,2010-09-01,2910.2299999999996
13785,2010-09-01,542.49
13786,2009-12-01,3127.9900000000002
13789,2010-11-01,239.45999999999998
13792,2010-10-01,383.95
13796,2010-07-01,289.7
13797,2010-03-01,1179.45
13800,2009-12-01,1679.56
13802,2010-02-01,26259.109999999997
13804,2010-09-01,3161.1200000000003
13809,2010-09-01,679.7
13810,2011-10-01,1499.01
13813,2009-12-01,2765.47
13817,2010-12-01,382.98
13821,2010-01-01,1379.08
13826,2011-06-01,189.5
13830,2010-05-01,156.85000000000002
13833,2010-10-01,700.4100000000001
13851,2010-01-01,4606.46
13852,2010-04-01,187.35000000000002
13859,2010-06-01,515.86
13861,2010-06-01,273.26
13870,2010-02-01,5712.08
13872,2009-12-01,919.57
13874,2010-02-01,2049.15
13875,2009-12-01,4814.37
13876,2011-10-01,122.7
13880,2010-05-01,4293.860000000001
13882,2011-10-01,1191.1299999999999
13883,2009-12-01,6560.0199999999995
13886,2011-09-01,243.56
13894,2011-02-01,564.62
13896,2010-03-01,388.55
13900,2010-03-01,1610.5900000000001
13904,2011-02-01,332.64
13908,2011-03-01,2369.55
13914,2011-11-01,626.45
13921,2009-12-01,730.7
13923,2011-10-01,351.13
13926,2011-11-01,223.85000000000002
13928,2011-07-01,464.56999999999994
13930,2011-07-01,337.34
13935,2010-02-01,6116.92
13936,2010-10-01,939.6600000000001
13937,2010-11-01,880.13
13941,2009-12-01,10027.18
13944,2010-02-01,200.43
13953,2009-12-01,6640.679999999999
13954,2011-09-01,439.91999999999996
13955,2010-11-01,544.0699999999999
13956,2011-03-01,1019.27
13960,2011-09-01,230.22
13965,2010-01-01,996.61
13969,2010-03-01,12973.460000000003
13972,2011-05-01,190.25
13974,2010-05-01,677.72
13975,2010-02-01,5256.4
13976,2010-02-01,1192.3600000000001
13984,2009-12-01,1893.8
13991,2011-07-01,852.88
13997,2010-06-01,376.46000000000004
13999,2009-12-01,9502.260000000002
14002,2011-07-01,529.73
14003,2009-12-01,209.41
14004,2010-09-01,6258.449999999999
14010,2010-05-01,445.15
14021,2010-04-01,1716.58
14029,2011-07-01,467.65999999999997
14032,2009-12-01,4546.41
14034,2011-07-01,648.89
14038,2010-02-01,3069.88
14044,2010-01-01,3077.7000000000003
14049,2010-04-01,13023.399999999998
14055,2009-12-01,1520.96
14056,2011-02-01,8152.710000000001
14064,2010-01-01,3260.2399999999993
14066,2011-03-01,152.55
14067,2011-09-01,374.7
14075,2010-06-01,1734.87
14083,2009-12-01,1082.1899999999998
14088,2010-10-01,64036.799999999996
14090,2011-01-01,76.32000000000001
14091,2010-01-01,9530.08
14093,2011-11-01,433.86
14098,2011-11-01,147.35
14099,2009-12-01,5750.910000000002
14100,2011-07-01,191.95000000000002
14104,2010-05-01,743.53
14108,2009-12-01,1044.96
14117,2011-07-01,90.0
14119,2009-12-01,183.37
14123,2009-12-01,436.18
14134,2009-12-01,11123.349999999999
14143,2011-07-01,115.8
14150,2010-12-01,658.6400000000001
14151,2009-12-01,679.45
14157,2010-03-01,978.69
14163,2010-09-01,2594.62
14169,2010-09-01,621.51
14170,2010-11-01,570.18
14174,2011-11-01,134.46
14178,2011-06-01,1600.26
14181,2010-05-01,308.35
14182,2010-04-01,678.77
14184,2011-10-01,452.89
14192,2010-11-01,293.74
14200,2010-04-01,379.2
14202,2010-03-01,847.76
14213,2010-10-01,1192.2
14217,2010-06-01,3298.59
14231,2010-09-01,1235.62
14232,2011-03-01,2048.0699999999997
14233,2010-03-01,2904.27
14241,2010-01-01,333.70000000000005
14242,2011-01-01,280.54999999999995
14244,2010-02-01,366.41999999999996
14248,2010-07-01,1032.95
14249,2010-01-01,5400.460999999999
14252,2010-11-01,350.99
14255,2010-06-01,1000.63
14256,2010-01-01,2460.79
14258,2009-12-01,32051.339999999997
14266,2010-10-01,40.56
14267,2011-03-01,1516.24
14269,2010-09-01,295.73
14272,2010-05-01,920.8100000000001
14274,2010-01-01,256.6
14275,2010-04-01,1189.3799999999999
14276,2010-02-01,2102.6800000000003
14280,2011-05-01,134.04
14284,2010-02-01,1299.65
14285,2009-12-01,3284.42
14287,2011-05-01,176.63
14291,2009-12-01,7904.100000000001
14295,2009-12-01,2362.91
14302,2009-12-01,742.9000000000001
14303,2010-10-01,277.94
14310,2010-10-01,492.1
14311,2010-05-01,516.45
14312,2010-07-01,3090.29
14318,2010-09-01,158.02
14322,2010-02-01,474.1
14326,2010-06-01,940.98
14336,2011-03-01,1614.91
14346,2010-07-01,2315.75
14349,2011-11-01,133.5
14351,2011-06-01,51.0
14354,2011-11-01,163.62
14356,2011-09-01,701.23
14368,2011-01-01,155.0
14372,2010-04-01,860.08
14376,2010-01-01,215.46
14378,2010-03-01,131.25
14379,2010-08-01,1265.1599999999999
14383,2011-06-01,1247.69
14388,2010-01-01,6388.199999999999
14392,2010-10-01,266.4
14397,2011-05-01,2612.9599999999996
14401,2009-12-01,6795.9
14402,2010-02-01,285.6
14403,2010-03-01,1880.51
14409,2010-05-01,3427.29
14413,2010-01-01,764.52
14416,2011-10-01,490.22
14419,2010-11-01,1254.64
14420,2010-01-01,1639.17
14424,2011-11-01,322.08
14425,2009-12-01,661.39
14428,2011-01-01,1224.06
14436,2010-06-01,271.70000000000005
14440,2009-12-01,5982.030000000001
14441,2010-01-01,4611.69
14444,2010-09-01,120.44
14445,2010-09-01,221.65
14447,2010-11-01,1711.73
14449,2010-09-01,2230.96
14453,2011-06-01,119.93
14455,2010-08-01,617.7199999999999
14458,2010-11-01,228.07
14462,2010-10-01,2242.81
14469,2010-01-01,2093.46
14470,2010-10-01,712.04
14473,2011-03-01,234.34000000000003
14480,2009-12-01,1299.52
14482,2010-08-01,4306.719999999999
14484,2009-12-01,1070.98
14486,2010-06-01,175.5
14496,2010-03-01,2363.89
14498,2010-06-01,3900.83
14501,2011-01-01,251.21
14503,2011-06-01,3543.2599999999998
14504,2011-03-01,673.26
14510,2010-09-01,979.85
14513,2010-05-01,788.0100000000001
14516,2010-07-01,151.17
14517,2011-07-01,330.45
14518,2011-10-01,174.37
14519,2009-12-01,203.14
14522,2010-01-01,1748.42
14530,2010-01-01,6088.870000000002
14538,2010-01-01,1370.8400000000001
14539,2011-10-01,537.48
14540,2009-12-01,3709.64
14546,2009-12-01,5184.84
14548,2009-12-01,2541.29
14549,2009-12-01,913.6
14558,2009-12-01,655.5
14560,2009-12-01,6114.029999999998
14563,2010-04-01,640.54
14566,2010-06-01,4092.0
14568,2010-09-01,919.7
14574,2009-12-01,143.70000000000002
14577,2009-12-01,1364.15
14579,2010-10-01,105.56
14587,2011-01-01,1580.29
14588,2010-05-01,135.39
14594,2010-12-01,363.33
14596,2010-03-01,222.22000000000003
14600,2010-11-01,865.1700000000001
14606,2009-12-01,29951.369999999988
14607,2009-12-01,23763.129999999997
14609,2010-02-01,1486.2
14615,2010-06-01,951.76
14620,2011-03-01,412.78
14630,2010-08-01,338.65
14633,2011-03-01,344.90000000000003
14635,2010-09-01,215.22
14637,2010-01-01,106.67999999999999
14647,2010-07-01,506.04
14649,2010-01-01,3651.1899999999996
14650,2010-04-01,62.5
14652,2011-09-01,114.18
14653,2009-12-01,3593.0599999999995
14661,2011-11-01,107.95
14663,2010-10-01,490.6
14664,2011-11-01,636.24
14669,2009-12-01,3216.7800000000007
14672,2010-01-01,1113.14
14677,2010-04-01,184.91
14682,2010-02-01,1514.81
14685,2009-12-01,4536.640000000001
14686,2010-02-01,852.53
14688,2010-09-01,7190.420000000002
14695,2009-12-01,1534.2200000000003
14720,2011-08-01,663.81
14725,2010-06-01,1252.7400000000002
14731,2011-05-01,380.02
14732,2009-12-01,5517.07
14734,2010-06-01,1056.42
14741,2010-10-01,1713.0900000000001
14742,2010-09-01,579.85
14743,2010-04-01,50.48
14747,2011-04-01,328.2
14755,2009-12-01,9972.55
14756,2010-10-01,2653.76
14759,2011-04-01,1625.97
14762,2010-03-01,417.57
14767,2010-08-01,382.81
14769,2009-12-01,15514.11
14777,2010-11-01,307.56
14785,2011-11-01,77.4
14788,2010-04-01,1156.32
14791,2010-04-01,303.63
14798,2010-03-01,724.3100000000001
14811,2010-11-01,170.5
14813,2010-04-01,888.9100000000001
14814,2010-05-01,154.21
14815,2011-10-01,778.5
14816,2011-05-01,271.85
14818,2010-03-01,1153.56
14819,2009-12-01,456.40999999999997
14820,2010-01-01,1274.76
14823,2011-05-01,321.43
14829,2010-09-01,1455.8700000000001
14832,2010-03-01,322.69
14833,2010-07-01,94.8
14834,2010-10-01,2206.16
14835,2010-04-01,297.0
14836,2011-11-01,102.44999999999999
14837,2010-01-01,3460.3199999999997
14840,2010-06-01,362.71000000000004
14841,2009-12-01,7163.0
14843,2010-09-01,211.79999999999998
14848,2010-10-01,310.56
14851,2010-03-01,829.4100000000001
14854,2010-01-01,4303.06
14859,2010-06-01,1705.64
14860,2011-11-01,170.32
14865,2009-12-01,92.52000000000001
14875,2010-09-01,2862.3999999999996
14879,2010-01-01,185.06
14895,2009-12-01,25119.54
14899,2010-11-01,1331.38
14900,2010-07-01,13.919999999999998
14912,2010-01-01,1889.25
14920,2010-05-01,1607.17
14921,2011-05-01,1316.07
14922,2010-07-01,843.74
14929,2010-10-01,836.69
14931,2011-04-01,1257.68
14932,2010-11-01,666.13
14935,2010-03-01,2849.83
14937,2011-08-01,1621.88
14941,2010-05-01,182.1
14942,2009-12-01,746.56
14945,2010-10-01,179.4
14947,2010-03-01,1049.79
14951,2011-09-01,311.69
14955,2009-12-01,163.77
14962,2010-05-01,366.91
14966,2009-12-01,1064.26
14967,2009-12-01,1982.61
14971,2011-10-01,1097.98
14974,2011-11-01,89.94
14984,2010-01-01,1260.51
14987,2009-12-01,1550.65
14989,2010-02-01,342.4
14994,2010-03-01,946.7199999999999
14998,2010-04-01,753.1800000000001
14999,2010-04-01,129.48000000000002
15006,2010-09-01,757.78
15008,2010-03-01,360.0
15010,2011-11-01,308.94
15011,2010-10-01,416.6
15013,2010-01-01,1610.82
15016,2010-06-01,620.89
15020,2010-11-01,198.47
15027,2010-03-01,3195.6
15028,2010-11-01,962.94
15029,2010-03-01,365.1
15041,2010-09-01,289.4
15043,2010-06-01,2870.32
15046,2010-01-01,7623.790000000001
15052,2011-01-01,207.73000000000002
15054,2011-10-01,302.1
15056,2010-07-01,113.64999999999999
15070,2009-12-01,737.0500000000001
15083,2011-03-01,88.2
15090,2011-02-01,381.32
15097,2010-05-01,908.35
15100,2010-01-01,2193.8999999999996
15105,2010-03-01,3094.9100000000003
15106,2011-03-01,1422.52
15110,2010-08-01,1505.8500000000001
15111,2010-04-01,2442.37
15115,2009-12-01,531.85
15122,2010-03-01,4487.2699999999995
15125,2010-03-01,17024.87
15129,2010-04-01,6860.18
15132,2011-03-01,977.9300000000001
15138,2010-11-01,502.52
15141,2010-03-01,1388.47
15144,2009-12-01,12160.310000000001
15146,2011-02-01,1327.16
15147,2011-04-01,623.5
15148,2011-11-01,301.29
15156,2011-11-01,961.49
15160,2010-10-01,589.27
15162,2009-12-01,312.9
15167,2010-02-01,1627.62
15169,2009-12-01,569.22
15172,2011-04-01,1624.0500000000002
15173,2010-04-01,1494.6
15174,2010-10-01,481.46
15175,2011-09-01,224.14
15177,2010-10-01,948.93
15182,2010-02-01,2998.952
15184,2009-12-01,685.3900000000001
15190,2010-10-01,834.4399999999999
15193,2011-10-01,499.32
15195,2011-12-01,3861.0
15199,2010-05-01,3122.4
15203,2009-12-01,4400.18
15204,2010-12-01,316.58
15207,2010-06-01,683.92
15210,2010-05-01,1176.19
15211,2010-12-01,894.4100000000001
15212,2010-11-01,208.27999999999997
15213,2011-01-01,328.34999999999997
15218,2010-01-01,11468.830000000002
15226,2011-02-01,154.41
15228,2010-07-01,5580.27
15229,2010-05-01,160.5
15230,2011-04-01,429.6
15233,2010-11-01,59.400000000000006
15234,2011-03-01,197.0
15235,2010-11-01,2772.76
15236,2011-02-01,321.05
15244,2010-02-01,912.08
15245,2010-04-01,4610.84
15248,2010-06-01,1893.93
15250,2010-03-01,60.0
15255,2009-12-01,3706.0199999999995
15262,2010-08-01,418.82000000000005
15270,2009-12-01,8524.86
15272,2010-02-01,2030.95
15273,2010-04-01,228.96
15279,2010-02-01,1580.54
15282,2010-05-01,348.59
15283,2010-07-01,148.33
15286,2011-10-01,240.55
15289,2010-03-01,1593.09
15293,2010-02-01,247.5
15298,2009-12-01,9061.769999999999
15304,2010-10-01,796.4000000000001
15307,2011-09-01,205.3
15308,2011-03-01,310.47
15309,2009-12-01,797.96
15322,2010-08-01,1390.86
15329,2009-12-01,2958.83
15331,2010-04-01,767.9100000000001
15335,2011-10-01,170.22
15338,2010-01-01,277.93
15339,2010-02-01,1821.02
15341,2010-09-01,2402.72
15347,2010-09-01,1162.0
15349,2011-06-01,463.90999999999997
15351,2010-10-01,3430.2200000000003
15352,2010-06-01,111.15
15353,2009-12-01,2794.4700000000003
15356,2010-10-01,3239.57
15358,2009-12-01,16425.860000000004
15363,2010-08-01,678.11
15365,2010-02-01,4557.13
15367,2009-12-01,5081.33
15378,2010-07-01,246.5
15379,2010-11-01,4877.840000000001
15381,2010-05-01,1890.57
15382,2009-12-01,13733.550000000001
15397,2011-02-01,94.0
15399,2011-09-01,815.77
15401,2010-05-01,216.95000000000002
15402,2010-04-01,1830.54
15406,2010-09-01,975.8699999999999
15407,2011-02-01,1046.74
15408,2011-03-01,267.18
15415,2011-01-01,559.61
15416,2010-02-01,4572.820000000001
15419,2011-11-01,135.86
15422,2010-02-01,1619.9700000000003
15426,2010-05-01,2156.3500000000004
15427,2011-10-01,1430.54
15428,2009-12-01,762.75
15434,2010-01-01,2567.0600000000004
15435,2011-11-01,149.29
15437,2010-03-01,393.45000000000005
15438,2011-07-01,156.57999999999998
15439,2010-02-01,1269.0500000000002
15443,2010-03-01,5114.23
15447,2010-03-01,492.88
15449,2011-03-01,974.52
15450,2011-11-01,429.84
15452,2010-07-01,1785.1100000000001
15456,2009-12-01,2091.52
15457,2011-03-01,237.07
15473,2010-09-01,2046.0
15477,2010-02-01,368.4
15484,2009-12-01,4652.1
15485,2009-12-01,4810.92
15488,2010-05-01,431.91999999999996
15489,2010-01-01,2419.61
15490,2010-10-01,210.85
15492,2011-09-01,659.46
15494,2009-12-01,3702.6
15500,2011-09-01,1131.56
15501,2010-10-01,399.95
15513,2010-01-01,26437.050000000003
15515,2010-11-01,171.81
15519,2010-09-01,344.61
15525,2010-11-01,890.22
15526,2011-11-01,148.44
15530,2010-07-01,1808.6799999999998
15538,2010-02-01,3358.4
15540,2010-11-01,460.68
15541,2011-08-01,85.13000000000001
15546,2010-04-01,1079.1000000000001
15553,2011-10-01,428.93
15554,2011-03-01,217.2
15555,2009-12-01,11243.91
15559,2010-05-01,1109.4
15560,2010-11-01,153.51999999999998
15561,2010-02-01,1934.3899999999999
15562,2009-12-01,671.4300000000001
15575,2010-03-01,30.1
15578,2011-06-01,127.1
15581,2009-12-01,7480.4
15583,2010-11-01,95.96
15585,2011-06-01,455.3
15586,2010-01-01,1139.1
15593,2011-09-01,199.8
15597,2010-05-01,563.37
15603,2010-03-01,88.48
15605,2010-01-01,1741.95
15606,2010-03-01,5230.990000000001
15608,2010-10-01,1785.98
15612,2011-10-01,195.15
15615,2009-12-01,21373.970000000005
15617,2010-07-01,828.55
15622,2010-03-01,7852.61
15628,2009-12-01,5333.08
15631,2010-03-01,596.67
15632,2011-03-01,3285.31
15639,2010-04-01,1065.08
15645,2010-10-01,1055.17
15648,2011-03-01,639.5
15655,2011-04-01,560.67
15661,2010-05-01,1215.95
15665,2010-03-01,3987.0699999999997
15673,2010-02-01,6204.32
15677,2010-09-01,1305.63
15684,2009-12-01,173.95000000000002
15685,2010-09-01,55.980000000000004
15687,2011-01-01,2993.1
15688,2010-10-01,190.57
15691,2009-12-01,571.3
15692,2011-11-01,191.04
15697,2010-01-01,246.75
15701,2011-08-01,1529.0
15706,2011-08-01,1060.56
15708,2010-10-01,3887.15
15716,2009-12-01,2485.26
15723,2010-05-01,930.7
15724,2010-11-01,310.85
15726,2010-11-01,321.91
15729,2010-11-01,192.55
15736,2010-09-01,1767.12
15737,2011-04-01,1188.12
15738,2009-12-01,13043.320000000002
15740,2011-10-01,154.88
15744,2011-09-01,34.8
15750,2009-12-01,6452.991000000001
15753,2011-02-01,79.2
15755,2009-12-01,5993.12
15757,2010-06-01,2940.36
15759,2009-12-01,830.9300000000001
15766,2010-01-01,831.06
15768,2009-12-01,15308.89
15770,2010-04-01,321.45
15777,2010-05-01,1762.61
15780,2010-12-01,475.28
15787,2011-10-01,933.2600000000001
15792,2010-03-01,933.84
15795,2010-01-01,1979.87
15802,2011-07-01,451.42
15807,2010-02-01,1817.52
15814,2010-04-01,2634.44
15817,2010-06-01,2766.3999999999996
15819,2010-03-01,3934.79
15821,2011-10-01,570.96
15828,2010-11-01,1108.82
15829,2011-07-01,636.14
15831,2011-01-01,794.64
15834,2010-10-01,3764.39
15850,2009-12-01,1006.75
15854,2009-12-01,5578.280000000002
15857,2010-10-01,570.48
15868,2010-05-01,94.53
15869,2010-03-01,321.11
15872,2010-06-01,729.25
15877,2011-11-01,490.33000000000004
15888,2010-07-01,429.16
15890,2010-04-01,535.65
15901,2010-06-01,687.72
15906,2010-09-01,2530.19
15911,2009-12-01,1700.2399999999998
15913,2010-06-01,6.300000000000001
15914,2010-11-01,205.98999999999998
15922,2010-12-01,369.5
15926,2010-06-01,134.44
15934,2010-10-01,2190.66
15942,2011-07-01,337.44
15944,2009-12-01,2164.2400000000002
15945,2009-12-01,646.2700000000001
15952,2011-04-01,781.91
15953,2009-12-01,3440.3400000000006
15954,2010-04-01,190.75
15955,2010-02-01,8085.98
15962,2010-09-01,289.48
15965,2009-12-01,2771.94
15967,2009-12-01,2966.0000000000005
15979,2010-04-01,329.22
15986,2010-11-01,354.42
15987,2010-11-01,1535.9900000000002
15988,2010-02-01,738.89
15995,2010-10-01,694.54
15999,2009-12-01,20.4
16003,2009-12-01,5613.83
16004,2010-01-01,2146.39
16008,2010-03-01,5339.129999999999
16015,2011-10-01,704.55
16029,2009-12-01,117763.62000000004
16031,2011-04-01,547.9
16032,2010-07-01,1965.7199999999998
16034,2010-10-01,911.3199999999998
16039,2010-03-01,456.40000000000003
16040,2010-04-01,2416.9
16047,2010-01-01,107.14
16048,2010-06-01,818.79
16054,2010-04-01,2111.88
16056,2011-10-01,650.75
16060,2010-08-01,541.95
16066,2011-08-01,1521.04
16067,2010-02-01,3269.11
16073,2011-02-01,122.39999999999999
16080,2010-09-01,602.5600000000001
16081,2010-02-01,4278.96
16084,2011-02-01,436.18
16089,2010-07-01,263.49
16103,2010-01-01,6191.710000000001
16105,2010-04-01,2386.19
16112,2011-01-01,195.73999999999998
16116,2011-05-01,612.78
16118,2010-02-01,4376.25
16121,2010-05-01,1450.04
16124,2009-12-01,1772.49
16129,2010-07-01,1396.05
16131,2009-12-01,9957.419999999998
16136,2010-02-01,946.8000000000001
16145,2010-05-01,6805.4400000000005
16146,2010-09-01,946.3800000000001
16147,2010-02-01,2398.91
16150,2009-12-01,4002.169999999999
16155,2010-06-01,796.9
16156,2009-12-01,6188.180000000001
16158,2009-12-01,628.32
16161,2010-02-01,12580.060000000001
16167,2009-12-01,1386.12
16170,2010-02-01,6869.0
16173,2011-09-01,1418.3200000000002
16180,2010-06-01,16249.87
16181,2011-09-01,305.54
16182,2010-03-01,9971.65
16189,2011-09-01,215.48
16190,2009-12-01,2723.55
16192,2009-12-01,351.3
16196,2010-08-01,93.3
16201,2010-10-01,2112.12
16208,2010-02-01,3440.4500000000003
16209,2010-06-01,4146.78
16213,2011-09-01,159.0
16215,2011-09-01,242.35
16217,2011-03-01,304.25
16219,2010-07-01,40.8
16234,2010-05-01,333.18
16239,2010-09-01,1492.2
16243,2011-10-01,409.1
16248,2011-10-01,152.94
16258,2010-03-01,11942.52
16263,2010-10-01,348.16
16265,2010-10-01,6935.17
16267,2010-04-01,186.66
16270,2010-12-01,1141.24
16277,2009-12-01,188.69
16282,2009-12-01,1307.58
16285,2010-03-01,176.9
16288,2010-08-01,129.85
16304,2010-01-01,381.66
16307,2010-05-01,1194.92
16315,2010-06-01,402.71000000000004
16316,2010-08-01,5744.91
16321,2009-12-01,604.55
16325,2009-12-01,3597.4999999999995
16327,2009-12-01,10159.640000000001
16332,2010-04-01,2000.01
16335,2009-12-01,2753.52
16344,2010-02-01,842.42
16346,2010-11-01,224.51
16348,2010-10-01,1744.42
16354,2010-04-01,1119.46
16361,2011-09-01,891.21
16362,2010-09-01,922.16
16363,2011-10-01,109.36000000000001
16366,2009-12-01,1548.1299999999999
16370,2011-04-01,1301.91
16375,2010-08-01,104.0
16376,2011-11-01,974.96
16379,2011-09-01,2157.3999999999996
16392,2010-05-01,756.6999999999999
16412,2010-02-01,593.19
16416,2010-02-01,2957.8799999999997
16417,2010-08-01,35.7
16422,2010-01-01,61920.869999999995
16430,2010-01-01,1117.94
16450,2010-02-01,1505.73
16451,2009-12-01,1013.1500000000001
16452,2010-01-01,332.17
16454,2010-04-01,30.950000000000003
16460,2011-09-01,811.23
16468,2010-08-01,787.52
16476,2010-10-01,350.35
16479,2011-11-01,300.83000000000004
16482,2011-11-01,220.62
16483,2011-05-01,139.35
16486,2010-06-01,134.36
16487,2010-02-01,209.4
16499,2010-06-01,2578.3399999999997
16503,2010-06-01,3614.34
16506,2011-10-01,90.30000000000001
16510,2010-01-01,1777.5
16519,2010-03-01,439.06
16531,2010-09-01,2298.33
16532,2010-03-01,8756.64
16533,2011-10-01,1082.81
16543,2010-04-01,292.21
16548,2010-04-01,30.15
16549,2010-03-01,12781.800000000001
16551,2009-12-01,2237.12
16553,2010-02-01,16584.010000000002
16555,2010-07-01,1915.68
16559,2010-11-01,175.0
16561,2011-10-01,511.12
16564,2010-05-01,87.8
16565,2010-06-01,773.05
16571,2010-03-01,4248.74
16586,2010-03-01,1462.78
16587,2011-04-01,225.15
16592,2009-12-01,7807.910000000001
16604,2010-05-01,432.45
16607,2010-04-01,5706.869999999999
16612,2009-12-01,3245.4300000000003
16614,2010-05-01,1179.79
16621,2011-03-01,813.4800000000001
16624,2011-05-01,810.5699999999999
16628,2010-03-01,2318.1000000000004
16631,2010-02-01,1892.52
16632,2010-05-01,406.4
16634,2010-01-01,1649.8099999999997
16639,2010-10-01,1747.98
16640,2010-11-01,179.4
16648,2010-04-01,672.8
16654,2010-04-01,1484.0700000000002
16663,2009-12-01,165.0
16666,2010-03-01,217.71
16672,2011-03-01,8134.940000000001
16673,2010-01-01,171.13
16679,2010-06-01,663.31
16682,2011-06-01,1028.0
16685,2011-10-01,324.24
16687,2010-11-01,157.63
16691,2010-05-01,178.82999999999998
16693,2010-02-01,1179.48
16696,2011-04-01,657.9000000000001
16697,2011-04-01,112.75
16704,2010-02-01,664.16
16717,2009-12-01,6663.68
16720,2009-12-01,758.74
16723,2009-12-01,1231.3600000000001
16728,2011-03-01,1048.28
16729,2011-04-01,7205.33
16733,2010-06-01,259.68
16734,2011-08-01,646.76
16741,2010-03-01,173.06
16742,2009-12-01,2799.87
16747,2011-10-01,836.06
16748,2009-12-01,3637.33
16750,2011-04-01,623.93
16751,2011-11-01,1764.72
16758,2011-10-01,369.34000000000003
16762,2011-07-01,1207.2400000000002
16767,2010-04-01,8056.759999999999
16773,2009-12-01,421.24
16777,2010-03-01,1292.1799999999998
16780,2010-10-01,596.4
16798,2009-12-01,841.16
16809,2010-04-01,1727.43
16810,2010-10-01,842.04
16812,2010-11-01,2392.0
16815,2010-06-01,406.02
16822,2010-01-01,181.39
16824,2010-11-01,686.24
16825,2010-06-01,1826.89
16831,2010-05-01,91.8
16836,2010-05-01,782.3700000000001
16842,2011-02-01,1264.19
16850,2011-01-01,332.41
16851,2011-10-01,342.45000000000005
16855,2011-10-01,328.4
16856,2010-09-01,358.49
16858,2009-12-01,4292.59
16860,2010-02-01,1610.6200000000001
16861,2010-07-01,946.5899999999999
16863,2010-10-01,834.27
16865,2010-11-01,130.95
16867,2010-01-01,76.74000000000001
16878,2011-09-01,13.3
16889,2010-05-01,2526.65
16892,2009-12-01,754.7499999999999
16897,2011-01-01,289.78
16900,2011-10-01,887.1100000000001
16910,2011-09-01,1508.9599999999998
16914,2011-11-01,183.76
16916,2010-10-01,902.02
16921,2010-04-01,409.21000000000004
16926,2010-07-01,1169.61
16928,2010-02-01,3897.5300000000007
16938,2010-02-01,6995.3600000000015
16944,2010-04-01,101.36
16948,2010-02-01,868.77
16950,2010-01-01,3541.77
16957,2011-03-01,416.64
16961,2010-06-01,794.56
16963,2011-06-01,110.55000000000001
16967,2011-06-01,319.02
16969,2011-06-01,650.4100000000001
16971,2011-11-01,357.21
16972,2010-09-01,749.0
16976,2011-03-01,251.51999999999998
16983,2010-09-01,3490.53
16988,2010-11-01,382.67
16990,2010-10-01,344.0
17000,2010-10-01,406.3
17014,2011-10-01,583.4300000000001
17019,2009-12-01,3602.2900000000004
17037,2011-09-01,1267.32
17038,2010-10-01,743.17
17043,2009-12-01,2593.65
17045,2010-10-01,827.6800000000001
17053,2011-08-01,498.48
17055,2010-09-01,232.85
17059,2010-01-01,4864.57
17061,2011-04-01,5232.23
17072,2010-03-01,273.35
17079,2011-09-01,118.80000000000001
17092,2010-02-01,5511.410000000001
17098,2010-06-01,591.07
17101,2010-06-01,2507.05
17105,2011-02-01,665.78
17109,2010-07-01,1291.7099999999998
17116,2010-03-01,389.78
17119,2011-10-01,606.91
17123,2010-05-01,977.17
17129,2010-07-01,31.85
17142,2010-01-01,1275.25
17147,2010-01-01,3199.9500000000003
17148,2011-10-01,124.88
17149,2010-09-01,143.10000000000002
17153,2011-11-01,213.78
17161,2010-09-01,856.01
17164,2011-03-01,2467.3500000000004
17175,2011-02-01,1443.69
17179,2010-05-01,1507.26
17181,2010-04-01,309.85
17183,2011-08-01,3347.3099999999995
17186,2011-10-01,144.0
17189,2009-12-01,953.6300000000001
17191,2009-12-01,4310.339999999999
17194,2010-06-01,812.5
17195,2010-02-01,562.98
17202,2010-10-01,160.65
17209,2009-12-01,595.7
17213,2009-12-01,4869.4
17215,2010-09-01,186.15
17222,2010-01-01,1579.5100000000002
17223,2010-11-01,558.04
17225,2010-05-01,131.15
17232,2011-11-01,417.77
17239,2010-07-01,1189.45
17240,2010-04-01,130.6
17244,2009-12-01,1826.04
17245,2010-01-01,371.63
17248,2010-08-01,500.53999999999996
17249,2010-10-01,68.03
17251,2009-12-01,798.98
17269,2010-11-01,491.81
17275,2010-11-01,114.1
17276,2010-11-01,502.49
17281,2010-02-01,797.8499999999999
17284,2010-09-01,2788.0600000000004
17286,2010-11-01,389.18
17288,2010-11-01,2468.43
17289,2010-03-01,2041.8000000000004
17293,2009-12-01,3750.6300000000006
17297,2011-11-01,128.18
17300,2010-08-01,393.64
17305,2010-03-01,2135.46
17307,2010-01-01,3999.8900000000003
17311,2010-02-01,3566.56
17312,2011-07-01,644.3
17313,2011-11-01,2328.84
17318,2009-12-01,157.32999999999998
17322,2009-12-01,922.59
17326,2010-06-01,312.35
17330,2010-03-01,423.79999999999995
17333,2011-09-01,494.25
17334,2010-10-01,635.15
17335,2010-01-01,497.04
17337,2011-02-01,1981.0600000000002
17341,2010-06-01,1272.21
17363,2010-11-01,920.46
17369,2010-09-01,979.1999999999999
17375,2010-10-01,660.55
17376,2010-07-01,453.64
17378,2010-11-01,10.95
17379,2011-11-01,389.71999999999997
17380,2010-06-01,645.0
17384,2010-08-01,507.55
17385,2011-11-01,256.11
17386,2010-11-01,2812.77
17387,2011-11-01,746.81
17389,2009-12-01,57215.33
17392,2010-09-01,585.92
17397,2010-10-01,1198.28
17400,2009-12-01,4623.28
17401,2010-06-01,114.85
17404,2010-01-01,47781.12
17412,2009-12-01,4220.22
17415,2011-09-01,507.84
17419,2010-01-01,6126.249999999999
17429,2010-10-01,1357.46
17434,2011-09-01,2373.82
17437,2010-06-01,369.68
17441,2009-12-01,293.35
17442,2010-02-01,4620.3
17443,2011-05-01,534.24
17444,2011-06-01,2940.0400000000004
17448,2010-03-01,14523.669999999998
17455,2011-05-01,131.7
17463,2010-04-01,2535.26
17464,2010-03-01,907.1400000000001
17470,2010-07-01,2626.47
17473,2010-09-01,607.0
17477,2010-03-01,1144.3
17486,2011-03-01,396.87
17489,2011-05-01,376.64
17490,2010-05-01,2750.5000000000005
17495,2010-11-01,806.72
17497,2010-04-01,287.25
17508,2009-12-01,4579.2300000000005
17512,2009-12-01,5467.820000000001
17520,2011-10-01,546.81
17521,2010-10-01,1278.0600000000002
17528,2011-09-01,3628.5
17535,2011-03-01,164.4
17538,2011-11-01,98.42
17543,2010-06-01,120.05
17548,2010-11-01,731.2599999999999
17549,2011-10-01,148.85999999999999
17560,2010-02-01,1895.8000000000002
17564,2011-09-01,454.01
17574,2011-04-01,185.65
17579,2010-05-01,753.28
17583,2010-05-01,135.95
17584,2010-01-01,5309.42
17585,2010-08-01,2064.71
17586,2010-03-01,167.4
17588,2010-03-01,2939.55
17590,2011-10-01,1468.0200000000002
17593,2009-12-01,8092.319999999999
17596,2009-12-01,4491.46
17609,2010-04-01,1887.9
17614,2011-10-01,386.32
17617,2010-05-01,385.19
17619,2011-01-01,214.37
17621,2010-10-01,3175.12
17622,2010-04-01,1130.21
17626,2010-04-01,254.0
17630,2011-04-01,503.6
17634,2011-01-01,2358.59
17635,2010-04-01,1265.58
17637,2011-08-01,547.06
17651,2010-07-01,5703.5199999999995
17652,2011-03-01,4867.719999999999
17654,2011-03-01,117.55
17660,2009-12-01,342.22
17662,2009-12-01,412.92
17666,2010-06-01,2047.7999999999997
17675,2009-12-01,37642.48
17677,2009-12-01,35058.46
17687,2010-10-01,432.68
17688,2010-11-01,304.2
17689,2010-08-01,317.08000000000004
17694,2010-05-01,1695.9699999999998
17695,2010-01-01,1746.0400000000002
17696,2009-12-01,7679.589999999998
17697,2011-04-01,338.95
17698,2011-03-01,154.95
17710,2010-10-01,293.5
17712,2011-10-01,522.91
17713,2010-06-01,1198.0900000000001
17714,2010-07-01,1410.18
17715,2010-04-01,489.59999999999997
17717,2010-10-01,376.92
17722,2010-11-01,3520.2200000000003
17730,2010-04-01,7773.8
17733,2011-03-01,692.19
17735,2010-07-01,16790.329999999998
17739,2009-12-01,7730.589999999999
17746,2010-04-01,904.18
17747,2011-08-01,71.4
17749,2010-06-01,1026.18
17750,2011-06-01,1710.45
17753,2010-01-01,382.05999999999995
17757,2010-01-01,9074.049999999997
17766,2010-11-01,299.61
17767,2010-10-01,413.04999999999995
17768,2009-12-01,3292.7299999999996
17773,2010-01-01,575.37
17775,2011-03-01,56.4
17778,2010-02-01,197.70000000000002
17780,2010-01-01,346.56
17784,2010-06-01,112.86
17788,2011-08-01,1117.9
17791,2011-11-01,106.1
17792,2010-08-01,368.35
17804,2009-12-01,383.78000000000003
17808,2010-05-01,262.64
17818,2009-12-01,124.78
17820,2010-11-01,180.60999999999999
17830,2011-02-01,398.7
17831,2011-11-01,35.400000000000006
17832,2011-10-01,155.37
17837,2011-06-01,1541.23
17839,2011-10-01,318.15
17841,2009-12-01,68545.25
17842,2010-04-01,430.69
17843,2010-10-01,320.4
17844,2011-08-01,51.559999999999995
17847,2010-03-01,129.69
17857,2010-03-01,27347.04
17867,2009-12-01,1582.0500000000002
17868,2010-11-01,227.15
17870,2010-11-01,2753.2899999999995
17885,2011-11-01,156.34
17896,2011-11-01,256.32
17898,2010-05-01,299.18
17901,2010-07-01,260.08
17915,2010-06-01,225.78
17919,2010-09-01,1840.32
17920,2009-12-01,23581.779999999995
17923,2010-06-01,497.0
17928,2010-05-01,341.24
17939,2011-07-01,99.14
17946,2011-03-01,149.57999999999998
17947,2011-11-01,176.68
17953,2010-06-01,159.17000000000002
17958,2009-12-01,973.8799999999999
17959,2010-04-01,140.75
17960,2010-03-01,135.08
17970,2011-05-01,562.79
17972,2011-04-01,135.19
17973,2011-10-01,337.04
17974,2010-10-01,1739.0899999999997
17976,2010-12-01,321.79
17988,2009-12-01,489.53999999999996
17994,2010-03-01,2270.03
17998,2009-12-01,639.24
18002,2009-12-01,244.36999999999998
18003,2010-11-01,353.51
18012,2009-12-01,115.3
18014,2011-11-01,162.22
18015,2011-12-01,120.03
18016,2010-01-01,1954.56
18022,2010-06-01,1507.25
18028,2010-05-01,192.05
18029,2010-03-01,433.77
18030,2011-10-01,230.64999999999998
18031,2010-11-01,451.3
18045,2011-10-01,178.34
18046,2010-02-01,189.63
18047,2010-11-01,326.09000000000003
18048,2010-08-01,394.93
18049,2010-04-01,500.92
18052,2010-05-01,10877.18
18054,2010-11-01,176.5
18055,2010-10-01,10142.640000000001
18067,2011-10-01,396.33
18068,2011-02-01,101.69999999999999
18073,2011-05-01,3859.8200000000006
18074,2010-07-01,1019.44
18075,2010-07-01,5783.290000000001
18081,2011-07-01,343.45000000000005
18089,2010-09-01,428.45
18093,2010-03-01,4452.710000000001
18094,2010-01-01,6391.5199999999995
18096,2010-07-01,1657.87
18107,2010-09-01,165.88
18111,2010-04-01,405.85
18112,2010-06-01,773.3599999999999
18114,2011-02-01,220.1
18117,2011-11-01,315.65
18129,2011-04-01,112.55000000000001
18135,2010-03-01,1249.62
18139,2011-11-01,8438.34
18143,2011-07-01,1000.1600000000001
18147,2011-08-01,179.33999999999997
18148,2010-03-01,112.85000000000001
18150,2011-05-01,566.5799999999999
18154,2010-08-01,932.5999999999999
18157,2010-05-01,213.9
18158,2011-09-01,453.4
18161,2010-11-01,1803.1
18162,2009-12-01,371.51
18170,2010-01-01,2878.0000000000005
18176,2010-12-01,476.35
18180,2011-07-01,1843.75
18186,2009-12-01,329.58
18193,2010-09-01,1207.35
18198,2011-01-01,5425.5599999999995
18207,2010-07-01,544.47
18208,2010-05-01,360.08
18216,2011-11-01,481.75
18217,2010-07-01,945.0400000000001
18218,2010-02-01,1121.84
18221,2010-11-01,1424.9399999999998
18226,2010-03-01,11878.88
18227,2010-08-01,388.75
18234,2010-06-01,179.6
18242,2010-01-01,3605.21
18245,2010-03-01,6324.9800000000005
18249,2011-11-01,95.34
18250,2011-02-01,349.27
18255,2010-09-01,303.15
18256,2010-11-01,110.7
18261,2011-09-01,324.24
18263,2011-04-01,1213.1599999999999
18270,2010-10-01,444.55000000000007
18271,2009-12-01,680.85
18272,2010-03-01,4385.9800000000005
18277,2010-08-01,1180.0500000000002
18279,2010-07-01,231.33999999999997
18282,2011-08-01,178.05
12346,2009-12-01,77556.46
12347,2010-10-01,4921.53
12365,2011-02-01,641.38
12369,2010-03-01,1791.1499999999999
12370,2010-02-01,4316.5599999999995
12371,2010-03-01,4067.38
12375,2011-09-01,457.5
12386,2010-12-01,401.9
12389,2010-02-01,1433.33
12394,2011-05-01,1272.48
12397,2011-07-01,2409.8999999999996
12402,2010-02-01,1256.8999999999999
12404,2010-01-01,63.24
12415,2010-06-01,144458.37
12418,2010-03-01,2021.1999999999998
12427,2010-12-01,825.8
12429,2010-06-01,6204.41
12430,2011-10-01,256.4
12434,2010-11-01,1103.4299999999998
12436,2011-09-01,509.01
12442,2011-12-01,172.06
12445,2010-10-01,434.98
12449,2010-09-01,4835.89
12456,2011-03-01,3181.04
12468,2010-01-01,3670.74
12480,2010-07-01,5464.85
12486,2010-10-01,1037.28
12487,2009-12-01,285.29999999999995
12489,2011-01-01,334.93
12490,2009-12-01,9823.64
12492,2010-11-01,715.21
12500,2010-02-01,5955.21
12502,2011-02-01,3723.87
12509,2011-02-01,176.5
12523,2009-12-01,4352.349999999999
12528,2011-01-01,1933.48
12534,2011-08-01,1089.18
12538,2010-11-01,640.45
12539,2009-12-01,11214.75
12542,2010-03-01,481.88
12543,2010-09-01,980.25
12549,2010-01-01,1575.68
12555,2010-01-01,129.23
12562,2010-09-01,4966.919999999999
12563,2010-10-01,249.24
12565,2011-02-01,145.92
12566,2011-09-01,351.65
12569,2011-04-01,4124.6900000000005
12570,2010-01-01,77.52
12572,2011-10-01,1020.4200000000001
12574,2011-01-01,218.45
12575,2010-07-01,622.8199999999999
12576,2010-07-01,2142.7200000000003
12577,2009-12-01,1617.0999999999997
12578,2010-09-01,4642.450000000001
12585,2010-12-01,2040.1
12588,2010-04-01,958.78
12591,2010-10-01,1338.95
12600,2009-12-01,4967.42
12603,2011-11-01,739.1999999999999
12606,2010-01-01,21.0
12609,2009-12-01,3435.8599999999997
12611,2011-10-01,1193.32
12617,2011-11-01,352.98
12624,2011-06-01,641.13
12627,2011-07-01,4478.530000000001
12634,2010-06-01,490.0
12636,2009-12-01,141.0
12640,2011-09-01,1174.5800000000002
12642,2011-08-01,1013.2600000000001
12646,2011-10-01,1346.9699999999998
12647,2010-01-01,16955.55
12659,2011-11-01,91.68
12663,2010-02-01,239.4
12669,2011-03-01,2744.0299999999997
12671,2010-04-01,2622.481
12672,2010-04-01,437.04999999999995
12677,2010-02-01,395.1
12678,2010-01-01,34281.18
12679,2011-03-01,1113.02
12681,2009-12-01,29834.760000000002
12684,2011-05-01,2283.63
12692,2010-03-01,110.95
12709,2009-12-01,30291.76
12713,2011-12-01,848.55
12720,2010-07-01,7787.28
12722,2011-07-01,997.6300000000001
12724,2010-06-01,2317.5200000000004
12729,2011-08-01,453.01
12730,2010-07-01,829.25
12732,2011-06-01,236.26000000000002
12741,2010-06-01,406.07
12742,2010-03-01,1201.52
12747,2009-12-01,8898.48
12754,2011-02-01,3010.74
12759,2009-12-01,5020.740000000001
12762,2011-11-01,1898.52
12763,2010-12-01,494.08
12769,2011-04-01,1143.6
12770,2010-09-01,3246.45
12778,2010-04-01,1775.6800000000003
12779,2009-12-01,6474.11
12782,2010-07-01,4618.24
12788,2010-06-01,444.9
12792,2010-06-01,827.01
12794,2011-09-01,860.41
12795,2011-11-01,430.48
12796,2010-03-01,381.0
12808,2010-09-01,776.7
12811,2010-10-01,1033.9
12814,2011-08-01,125.92
12818,2011-03-01,1542.08
12822,2011-09-01,948.88
12825,2010-03-01,518.63
12836,2009-12-01,6559.7300000000005
12840,2010-02-01,4041.9700000000003
12842,2009-12-01,1917.99
12843,2009-12-01,6583.359999999999
12855,2010-11-01,612.84
12856,2011-10-01,2170.7799999999997
12858,2010-11-01,147.27
12865,2010-08-01,3323.4700000000003
12866,2010-07-01,1227.35
12874,2010-06-01,948.42
12878,2011-03-01,854.99
12883,2011-09-01,703.47
12889,2010-07-01,385.46000000000004
12891,2010-02-01,840.5
12893,2011-11-01,176.55
12895,2011-09-01,372.8
12900,2010-10-01,340.33
12906,2011-09-01,2919.8100000000004
12910,2010-03-01,5796.5199999999995
12911,2010-06-01,1651.72
12915,2010-04-01,975.1
12919,2011-06-01,1335.19
12922,2011-07-01,405.38
12928,2010-06-01,4304.89
12929,2011-02-01,117.85
12932,2010-02-01,1698.56
12933,2009-12-01,1636.63
12935,2010-04-01,4243.86
12937,2009-12-01,3097.61
12954,2010-03-01,162.45
12956,2009-12-01,521.89
12957,2009-12-01,8706.970000000001
12963,2010-07-01,3235.7900000000004
12971,2009-12-01,15704.600000000004
12975,2009-12-01,2100.09
12981,2011-07-01,372.22
12983,2010-04-01,490.08000000000004
12985,2011-11-01,1239.38
12999,2011-04-01,455.88
13000,2009-12-01,1032.5
13003,2011-05-01,149.05
13012,2010-04-01,2957.8300000000004
13022,2010-10-01,65.3
13023,2010-06-01,1449.03
13032,2010-09-01,2815.96
13036,2010-01-01,307.1
13038,2011-02-01,908.46
13045,2010-08-01,808.9200000000001
13050,2009-12-01,11986.52
13051,2010-03-01,155.8
13056,2010-06-01,209.48
13058,2011-07-01,271.4
13061,2011-09-01,248.61
13067,2010-09-01,508.51
13073,2010-09-01,418.08
13079,2010-10-01,419.18
13085,2009-12-01,2433.28
13086,2010-11-01,439.33000000000004
13089,2009-12-01,113416.91
13092,2010-02-01,2140.28
13095,2011-09-01,74.39999999999999
13096,2010-11-01,419.70000000000005
13099,2011-09-01,207.35999999999999
13104,2010-02-01,1709.1000000000001
13105,2010-09-01,72.0
13107,2010-02-01,5253.07
13116,2011-07-01,501.14
13132,2011-03-01,77.3
13137,2010-07-01,7586.9400000000005
13140,2010-08-01,1054.9199999999998
13143,2010-05-01,405.1
13145,2010-04-01,1128.52
13146,2011-11-01,228.91
13147,2011-09-01,712.8000000000001
13149,2011-02-01,1676.06
13160,2011-11-01,91.8
13161,2010-07-01,472.13
13162,2009-12-01,9275.490000000002
13168,2010-06-01,1840.73
13169,2010-05-01,840.0799999999999
13172,2010-11-01,69.6
13174,2009-12-01,7995.360000000001
13180,2010-04-01,86.10000000000001
13181,2010-11-01,359.69
13192,2010-01-01,2558.5799999999995
13193,2011-10-01,112.08
13194,2010-10-01,472.78
13201,2010-03-01,1233.06
13202,2009-12-01,1580.3
13204,2009-12-01,966.6600000000001
13206,2009-12-01,8308.19
13213,2010-05-01,3851.5200000000004
13216,2011-03-01,333.74
13217,2010-02-01,666.48
13219,2010-03-01,76.23
13230,2010-03-01,6120.01
13240,2010-02-01,1475.79
13243,2010-03-01,1220.38
13245,2010-10-01,989.22
13246,2010-07-01,3351.75
13250,2010-07-01,253.09
13251,2010-11-01,252.68
13254,2010-11-01,51.410000000000004
13255,2010-07-01,678.76
13261,2011-02-01,944.1
13265,2011-03-01,2092.6600000000003
13267,2009-12-01,9429.809999999998
13270,2010-12-01,590.0
13272,2011-09-01,276.56
13273,2011-08-01,138.98
13275,2010-03-01,238.86
13276,2010-03-01,1891.91
13277,2010-06-01,523.3
13278,2010-04-01,1435.85
13288,2010-02-01,927.61
13302,2010-07-01,159.2
13304,2010-02-01,1217.9900000000002
13306,2010-10-01,53.65
13307,2010-04-01,273.34000000000003
13309,2010-11-01,1706.37
13311,2011-07-01,598.57
13319,2009-12-01,21323.220000000005
13321,2011-09-01,567.36
13322,2011-11-01,199.48000000000002
13331,2010-11-01,262.4
13334,2010-02-01,6201.799999999999
13338,2010-01-01,2445.62
13339,2011-05-01,860.12
13341,2011-03-01,775.85
13344,2011-03-01,2511.69
13345,2011-02-01,389.5
13348,2011-10-01,233.76
13359,2010-11-01,1043.31
13365,2011-05-01,2225.37
13372,2011-09-01,378.64
13381,2009-12-01,8224.369999999999
13382,2009-12-01,1387.58
13384,2010-07-01,6680.83
13388,2010-04-01,1185.6499999999999
13394,2009-12-01,6621.699999999999
13395,2010-10-01,1180.23
13398,2010-09-01,670.3399999999999
13406,2010-03-01,568.92
13407,2010-02-01,2244.7
13410,2009-12-01,2201.9600000000005
13416,2009-12-01,940.8
13418,2009-12-01,11559.660000000002
13423,2010-10-01,217.03
13425,2010-05-01,3390.43
13437,2011-06-01,3408.06
13438,2010-06-01,46.5
13442,2009-12-01,419.87
13444,2010-07-01,619.08
13447,2011-11-01,1129.1399999999999
13448,2009-12-01,8745.93
13450,2010-04-01,4120.04
13451,2010-03-01,7090.0599999999995
13455,2009-12-01,2212.9900000000002
13461,2010-04-01,4160.0
13462,2009-12-01,1153.85
13466,2010-03-01,1013.35
13480,2010-01-01,627.8199999999999
13481,2009-12-01,3830.8400000000006
13483,2011-10-01,140.34
13485,2009-12-01,3019.2200000000003
13487,2009-12-01,846.87
13489,2011-02-01,449.52
13491,2009-12-01,4467.659999999999
13499,2011-03-01,1159.1100000000001
13501,2010-05-01,2885.1099999999997
13503,2010-02-01,1859.24
13504,2011-10-01,295.93
13505,2011-04-01,4393.63
13508,2010-03-01,287.04999999999995
13509,2010-07-01,1114.72
13511,2010-02-01,282.76
13514,2010-01-01,815.9000000000001
13516,2010-10-01,1685.26
13518,2011-09-01,627.16
13530,2010-03-01,402.97999999999996
13531,2009-12-01,1433.07
13540,2010-02-01,632.39
13546,2010-10-01,1086.24
13547,2010-10-01,167.08
13555,2010-01-01,8891.84
13556,2010-09-01,200.82
13561,2010-02-01,1803.4
13565,2010-10-01,414.79999999999995
13566,2010-03-01,1688.6
13574,2010-10-01,404.45
13577,2009-12-01,3489.28
13579,2010-02-01,1374.34
13583,2010-01-01,1445.031
13589,2009-12-01,1120.74
13597,2010-11-01,396.71
13601,2010-06-01,1159.99
13602,2010-05-01,1025.17
13618,2011-06-01,177.34
13619,2010-02-01,224.94
13620,2010-06-01,112.34
13628,2010-02-01,310.14
13631,2011-03-01,3070.42
13634,2010-01-01,5033.7699999999995
13648,2009-12-01,1764.02
13653,2010-08-01,152.2
13654,2009-12-01,6308.000000000001
13658,2010-02-01,6025.5
13662,2010-02-01,2233.61
13674,2010-10-01,240.68
13675,2011-02-01,486.82000000000005
13677,2010-07-01,551.24
13678,2011-07-01,232.6
13680,2009-12-01,11419.670000000002
13682,2011-06-01,59.5
13683,2010-09-01,258.6
13686,2010-11-01,409.04
13697,2011-11-01,151.29999999999998
13700,2010-02-01,2596.97
13702,2010-09-01,135.18
13707,2010-06-01,3365.8599999999997
13710,2010-04-01,509.52
13715,2010-03-01,8153.039999999999
13720,2011-03-01,799.9000000000001
13722,2010-03-01,5635.41
13731,2011-04-01,610.59
13732,2011-11-01,491.86
13734,2010-04-01,6695.690000000001
13750,2010-04-01,3602.1800000000003
13752,2010-06-01,1579.83
13753,2009-12-01,2094.5699999999997
13754,2010-09-01,447.05000000000007
13755,2011-10-01,2108.06
13762,2010-01-01,2472.4800000000005
13765,2010-02-01,352.821
13769,2009-12-01,5478.120000000001
13781,2009-12-01,778.83
13790,2011-12-01,348.8
13793,2010-03-01,96.0
13798,2009-12-01,75428.87000000001
13803,2010-03-01,1338.9099999999999
13806,2011-10-01,256.38
13807,2009-12-01,422.20000000000005
13815,2010-02-01,7475.74
13819,2009-12-01,2642.3500000000004
13820,2010-01-01,652.75
13822,2011-10-01,632.0
13824,2010-03-01,3314.76
13827,2011-07-01,409.8
13828,2011-11-01,209.49
13829,2010-10-01,102.0
13831,2009-12-01,6585.539999999998
13832,2010-10-01,609.89
13834,2010-02-01,324.19
13835,2010-03-01,1095.27
13836,2010-10-01,620.37
13839,2010-08-01,139.95000000000002
13840,2010-10-01,651.4
13841,2011-04-01,85.0
13842,2010-02-01,5319.34
13854,2010-01-01,11944.560000000003
13856,2010-03-01,1142.0300000000002
13857,2010-05-01,1001.01
13858,2011-10-01,216.17
13860,2011-09-01,1245.8999999999999
13864,2010-11-01,662.4000000000001
13865,2011-02-01,501.55999999999995
13866,2011-09-01,145.67000000000002
13868,2011-11-01,3192.54
13869,2010-01-01,7996.87
13873,2010-03-01,1038.92
13877,2010-01-01,449.68000000000006
13891,2010-05-01,859.21
13893,2011-02-01,821.1
13895,2009-12-01,4008.52
13903,2010-11-01,165.45000000000002
13905,2009-12-01,312.65
13907,2010-01-01,136.8
13913,2010-07-01,42.22
13915,2010-11-01,70.80000000000001
13917,2011-06-01,272.03999999999996
13918,2011-03-01,1212.84
13933,2011-07-01,608.79
13934,2011-03-01,922.1
13940,2011-07-01,839.14
13943,2010-05-01,246.54
13946,2009-12-01,1876.23
13948,2009-12-01,548.76
13957,2010-02-01,458.25
13958,2009-12-01,4709.2300000000005
13963,2010-04-01,2860.57
13966,2010-09-01,384.26
13968,2010-10-01,123.66
13970,2010-09-01,846.55
13971,2010-01-01,4667.57
13977,2010-10-01,519.8100000000001
13978,2011-10-01,196.79000000000002
13979,2009-12-01,3379.93
13980,2010-02-01,768.82
13981,2010-10-01,331.14
13983,2009-12-01,6753.89
13987,2010-11-01,682.54
13989,2010-05-01,2026.06
13992,2010-09-01,219.5
13996,2010-11-01,895.76
14006,2010-02-01,2196.67
14007,2010-07-01,79.48
14009,2010-09-01,1099.91
14016,2010-01-01,11403.409999999998
14022,2010-08-01,792.1500000000001
14023,2011-04-01,584.0699999999999
14030,2009-12-01,7521.8
14033,2010-06-01,109.44
14046,2011-02-01,154.99
14047,2010-02-01,3968.1099999999997
14048,2010-11-01,748.69
14050,2011-08-01,746.36
14052,2010-11-01,466.66
14054,2011-10-01,92.46
14058,2010-06-01,469.19000000000005
14059,2011-03-01,183.6
14060,2010-03-01,8898.24
14063,2009-12-01,22710.2
14065,2010-10-01,891.02
14070,2010-01-01,321.6
14073,2011-11-01,151.04
14076,2011-08-01,118.67
14080,2009-12-01,1115.6799999999998
14086,2010-09-01,39.95
14097,2010-03-01,422.86
14101,2010-03-01,9961.93
14102,2011-10-01,1105.88
14106,2009-12-01,214.79999999999998
14112,2010-02-01,5834.59
14115,2010-02-01,622.6700000000001
14130,2009-12-01,1858.7700000000002
14137,2010-01-01,332.7
14140,2011-11-01,935.05
14160,2010-01-01,8421.47
14161,2009-12-01,2996.93
14164,2011-09-01,1631.77
14173,2009-12-01,586.0
14180,2010-06-01,6117.499999999999
14185,2011-01-01,197.65
14186,2010-03-01,1550.63
14191,2009-12-01,4817.66
14194,2010-01-01,18670.59
14195,2010-03-01,2615.6
14198,2010-01-01,1569.73
14206,2010-11-01,1185.0099999999998
14207,2010-01-01,157.8
14210,2010-01-01,5556.569999999999
14214,2011-03-01,1004.38
14215,2009-12-01,3250.33
14216,2010-10-01,2150.04
14218,2011-10-01,169.48000000000002
14221,2010-04-01,6517.49
14227,2010-02-01,6368.709999999999
14234,2011-10-01,754.12
14236,2010-07-01,1555.34
14238,2009-12-01,434.23
14245,2011-03-01,1693.45
14246,2011-04-01,1474.06
14247,2010-06-01,753.56
14253,2010-03-01,363.40000000000003
14254,2010-10-01,601.03
14265,2010-04-01,1373.35
14271,2010-10-01,214.18
14278,2010-10-01,205.83
14279,2010-01-01,191.86
14281,2010-10-01,245.15
14283,2010-05-01,628.44
14296,2010-05-01,456.4
14300,2011-11-01,43.2
14307,2009-12-01,4287.92
14315,2010-03-01,3197.82
14333,2011-10-01,415.2
14342,2010-08-01,918.4399999999999
14353,2010-10-01,376.5
14357,2011-10-01,225.12
14362,2011-11-01,151.5
14365,2010-01-01,634.6800000000001
14369,2010-02-01,469.13
14373,2010-12-01,76.55
14380,2010-01-01,48.96
14390,2010-10-01,6150.030000000001
14391,2010-05-01,135.6
14396,2009-12-01,1969.38
14400,2010-03-01,1732.47
14405,2010-11-01,195.0
14414,2010-11-01,2399.33
14427,2010-03-01,1263.52
14451,2010-01-01,3258.68
14454,2009-12-01,977.3
14457,2011-02-01,113.64
14459,2010-02-01,5375.741
14464,2010-03-01,111.0
14466,2009-12-01,4267.15
14476,2011-03-01,193.0
14479,2009-12-01,1124.71
14489,2010-04-01,1574.9299999999998
14490,2010-10-01,1273.47
14492,2010-03-01,1921.9099999999999
14493,2010-03-01,5087.86
14495,2010-02-01,174.8
14497,2010-02-01,697.06
14507,2009-12-01,3216.7400000000002
14509,2010-06-01,110.95
14512,2009-12-01,1215.97
14528,2011-11-01,364.21999999999997
14529,2011-08-01,578.61
14535,2010-02-01,5973.229999999999
14543,2009-12-01,14587.869999999999
14544,2010-08-01,2938.5299999999997
14552,2010-04-01,507.93000000000006
14553,2010-07-01,1818.6000000000001
14556,2010-01-01,815.69
14564,2009-12-01,2605.62
14571,2010-10-01,160.0
14572,2010-03-01,5526.879999999999
14573,2010-01-01,2163.12
14578,2011-12-01,168.63
14583,2010-03-01,1660.29
14584,2010-02-01,1738.16
14591,2011-05-01,1320.21
14592,2011-10-01,557.9399999999999
14598,2010-05-01,384.03999999999996
14603,2011-03-01,660.0
14613,2010-01-01,76.32000000000001
14616,2010-06-01,527.78
14618,2010-06-01,1342.32
14619,2010-06-01,1291.24
14621,2010-01-01,3000.57
14622,2011-06-01,320.58000000000004
14624,2010-04-01,814.07
14625,2009-12-01,4497.88
14631,2010-08-01,2025.69
14634,2010-06-01,2124.46
14638,2011-10-01,443.6
14641,2011-11-01,110.46
14642,2011-10-01,96.12
14644,2009-12-01,2247.7200000000003
14645,2010-03-01,876.8900000000001
14655,2010-04-01,3878.51
14656,2010-04-01,790.0
14659,2011-01-01,2529.9300000000003
14660,2011-08-01,285.74
14666,2011-11-01,195.25
14670,2009-12-01,583.3299999999999
14676,2010-03-01,8356.789999999999
14679,2009-12-01,1289.44
14681,2010-02-01,875.1500000000001
14683,2010-04-01,146.56
14689,2011-05-01,112.8
14708,2010-09-01,1793.2199999999998
14710,2009-12-01,1899.79
14714,2010-01-01,906.24
14715,2010-01-01,1825.4499999999998
14729,2010-03-01,586.24
14730,2011-03-01,1897.5700000000002
14735,2009-12-01,12240.160000000007
14737,2010-11-01,3554.17
14745,2010-03-01,2551.41
14746,2010-10-01,593.5
14748,2010-03-01,2681.9
14749,2010-08-01,310.15
14751,2009-12-01,126.45
14752,2011-10-01,389.64
14757,2011-09-01,420.5
14765,2011-06-01,254.11
14768,2011-08-01,192.60000000000002
14770,2010-02-01,3637.6399999999994
14771,2009-12-01,594.62
14773,2010-04-01,140.55
14776,2010-09-01,3708.2999999999997
14778,2011-02-01,730.86
14782,2011-01-01,200.10000000000002
14787,2010-08-01,110.65
14789,2011-11-01,197.64
14792,2011-10-01,6.2
14793,2010-06-01,625.9000000000001
14794,2010-08-01,1953.9
14796,2009-12-01,10169.330000000002
14803,2011-02-01,845.55
14804,2011-12-01,353.27
14808,2011-06-01,2718.6
14812,2010-04-01,178.85
14817,2010-03-01,3959.86
14822,2010-08-01,157.70000000000002
14824,2010-03-01,4022.91
14838,2009-12-01,769.9200000000001
14839,2010-01-01,915.28
14844,2010-04-01,6702.43
14846,2010-10-01,437.4
14847,2010-05-01,1348.9499999999998
14849,2010-01-01,15407.609999999999
14850,2010-05-01,1770.9599999999998
14852,2010-03-01,6132.43
14853,2010-04-01,1376.87
14857,2010-03-01,3651.851
14858,2010-07-01,180.75
14861,2009-12-01,1380.73
14862,2011-07-01,841.2
14866,2010-08-01,20746.539999999997
14867,2009-12-01,2952.0600000000004
14871,2009-12-01,1228.17
14882,2010-03-01,3546.65
14885,2010-08-01,1598.12
14886,2011-04-01,364.8
14890,2010-02-01,817.2499999999999
14892,2010-01-01,202.35000000000002
14898,2009-12-01,3365.95
14902,2010-06-01,1035.6200000000001
14904,2010-10-01,1630.49
14905,2009-12-01,1971.3899999999999
14907,2010-04-01,5547.72
14909,2010-02-01,1404.6799999999998
14910,2011-10-01,434.35
14911,2009-12-01,291420.81000000006
14915,2009-12-01,1811.25
14918,2010-04-01,5955.8099999999995
14923,2011-10-01,749.1
14930,2010-04-01,5236.7300000000005
14933,2010-09-01,1770.0
14934,2010-09-01,3503.5
14936,2010-05-01,12410.81
14938,2010-05-01,2322.43
14940,2009-12-01,531.49
14946,2011-11-01,100.9
14949,2009-12-01,515.0
14952,2009-12-01,17629.349999999995
14956,2010-10-01,1325.0
14957,2010-03-01,261.69
14958,2009-12-01,941.99
14961,2009-12-01,16410.15
14963,2010-07-01,3123.5699999999997
14965,2011-09-01,596.0899999999999
14969,2010-01-01,906.23
14979,2009-12-01,429.66
14985,2010-12-01,292.01
14991,2010-10-01,314.67
15003,2010-01-01,1027.03
15014,2011-06-01,257.66999999999996
15015,2009-12-01,2354.9700000000003
15017,2011-11-01,125.58
15022,2010-01-01,1133.44
15032,2009-12-01,11010.050000000001
15057,2009-12-01,3255.96
15066,2011-10-01,893.59
15068,2010-03-01,1174.9
15081,2010-06-01,1854.5700000000002
15087,2011-03-01,306.94
15088,2011-10-01,1160.0700000000002
15089,2011-08-01,2420.8399999999997
15091,2010-02-01,1046.61
15099,2011-09-01,410.48
15103,2011-09-01,703.36
15104,2011-03-01,993.54
15107,2010-09-01,824.3499999999999
15108,2011-04-01,1300.25
15116,2011-05-01,1352.75
15117,2010-03-01,2485.9700000000003
15119,2011-04-01,266.4
15130,2011-06-01,330.11
15134,2010-10-01,1596.29
15140,2010-09-01,3243.69
15142,2010-07-01,2619.92
15143,2010-10-01,563.63
15149,2010-02-01,1554.6100000000001
15154,2010-08-01,1343.72
15158,2010-11-01,606.02
15164,2010-01-01,2028.1100000000001
15166,2010-08-01,167.16
15168,2011-11-01,106.56
15171,2011-01-01,1289.5
15178,2011-03-01,40.5
15180,2010-04-01,816.9300000000001
15187,2011-05-01,4777.18
15189,2010-07-01,17524.380000000005
15192,2010-01-01,1666.3899999999999
15194,2009-12-01,12021.529999999999
15201,2010-04-01,1842.95
15205,2011-08-01,653.24
15209,2009-12-01,178.98000000000002
15222,2009-12-01,3550.91
15243,2010-09-01,927.28
15246,2010-06-01,780.4000000000001
15247,2010-06-01,976.06
15254,2010-05-01,1088.35
15256,2010-05-01,170.4
15259,2010-01-01,1182.3799999999999
15271,2010-08-01,4528.54
15280,2010-05-01,397.52
15284,2010-07-01,24.75
15291,2009-12-01,13517.760000000002
15299,2010-01-01,6156.530000000001
15305,2010-06-01,93.6
15306,2010-02-01,3484.7299999999996
15316,2011-01-01,165.0
15323,2010-02-01,434.6
15324,2010-01-01,140.22000000000003
15332,2010-07-01,4892.68
15334,2011-06-01,350.82000000000005
15337,2010-10-01,373.02
15340,2010-05-01,105.5
15350,2010-11-01,547.6
15362,2009-12-01,613.0799999999999
15364,2011-03-01,913.19
15368,2010-11-01,722.74
15371,2010-02-01,59.400000000000006
15374,2010-03-01,307.32
15375,2010-01-01,60.959999999999994
15380,2009-12-01,3248.9600000000005
15385,2010-01-01,942.08
15388,2011-03-01,140.54
15390,2010-10-01,1216.66
15392,2010-10-01,2911.62
15405,2010-05-01,659.84
15411,2011-06-01,1348.93
15418,2010-05-01,449.42
15421,2009-12-01,3805.3399999999992
15423,2010-03-01,266.89
15429,2011-09-01,397.35
15430,2010-06-01,954.75
15440,2011-05-01,383.68
15454,2010-03-01,305.99
15459,2010-07-01,202.82999999999998
15465,2009-12-01,12100.4
15470,2010-05-01,63.419999999999995
15474,2010-04-01,150.35
15475,2011-09-01,454.10999999999996
15481,2010-11-01,1993.34
15483,2010-01-01,817.82
15486,2010-06-01,102.0
15487,2010-01-01,231.32
15493,2010-02-01,4121.68
15496,2010-03-01,146.14000000000001
15499,2009-12-01,158.65
15503,2009-12-01,257.3
15508,2011-04-01,1000.27
15510,2011-01-01,250.0
15516,2011-10-01,62.43
15517,2011-04-01,267.03
15521,2010-01-01,7098.239999999998
15524,2010-04-01,591.4
15544,2010-01-01,7807.890000000001
15545,2010-12-01,288.97
15547,2009-12-01,10057.050000000001
15548,2010-04-01,158.09
15550,2009-12-01,2211.0499999999997
15557,2011-11-01,468.91
15563,2010-01-01,2859.46
15564,2010-02-01,70.74000000000001
15566,2009-12-01,227.87
15571,2009-12-01,3892.3500000000004
15573,2009-12-01,1188.4199999999998
15574,2010-09-01,1101.4399999999998
15580,2010-02-01,1375.3900000000003
15588,2010-01-01,579.6
15591,2010-02-01,217.9
15592,2011-10-01,388.58
15596,2010-07-01,2727.7200000000003
15598,2010-10-01,548.02
15599,2010-09-01,1250.06
15600,2010-04-01,1199.31
15602,2009-12-01,3137.96
15604,2011-10-01,216.39
15609,2011-06-01,298.48
15621,2011-11-01,1293.03
15623,2009-12-01,2437.05
15625,2010-06-01,3236.3999999999996
15629,2010-06-01,2240.9
15630,2010-03-01,1481.4
15634,2010-11-01,554.6500000000001
15640,2009-12-01,23494.309999999998
15643,2011-03-01,664.0
15646,2010-10-01,784.8100000000001
15647,2010-10-01,169.0
15653,2011-08-01,877.4399999999999
15656,2011-02-01,748.5
15658,2009-12-01,2117.27
15659,2010-02-01,532.49
15662,2009-12-01,283.73
15666,2010-08-01,632.94
15671,2011-03-01,2657.13
15676,2011-03-01,3435.76
15680,2009-12-01,4028.6900000000005
15681,2010-05-01,2989.7000000000003
15689,2010-04-01,521.03
15698,2010-03-01,46.2
15710,2010-10-01,898.87
15713,2009-12-01,839.6400000000001
15718,2010-06-01,293.79
15721,2011-11-01,471.40000000000003
15732,2010-02-01,1543.9699999999998
15733,2011-03-01,162.3
15734,2010-06-01,2263.3
15745,2011-04-01,1094.59
15749,2011-01-01,44534.3
15764,2010-08-01,4503.08
15769,2009-12-01,88612.52000000002
15776,2011-07-01,241.62
15778,2010-10-01,307.95
15781,2011-02-01,345.46000000000004
15782,2010-10-01,4014.1
15783,2011-11-01,246.3
15788,2010-07-01,221.82999999999998
15789,2010-03-01,1962.01
15791,2010-03-01,3608.34
15794,2009-12-01,777.0
15799,2010-10-01,1421.34
15800,2010-03-01,1227.07
15808,2009-12-01,17180.25
15815,2011-03-01,2100.6
15820,2011-01-01,206.98
15823,2009-12-01,3882.17
15824,2010-06-01,890.94
15825,2011-06-01,532.94
15827,2010-01-01,3603.1399999999994
15830,2011-11-01,576.0
15833,2009-12-01,80.4
15838,2009-12-01,73205.5
15839,2011-07-01,1048.49
15843,2011-02-01,118.95000000000002
15847,2010-03-01,822.57
15851,2010-07-01,109.73
15852,2010-07-01,257.26
15853,2011-10-01,110.8
15855,2010-08-01,1052.72
15856,2009-12-01,32275.950000000004
15860,2009-12-01,2361.3000000000006
15862,2009-12-01,2512.29
15863,2009-12-01,355.09999999999997
15865,2010-01-01,2241.42
15867,2009-12-01,8923.3
15873,2010-07-01,313.92
15875,2010-03-01,108.52
15876,2010-09-01,1449.1399999999999
15878,2009-12-01,330.77
15880,2010-12-01,329.03000000000003
15881,2010-12-01,501.39
15883,2011-11-01,396.48
15886,2010-04-01,1052.87
15887,2010-06-01,1027.15
15892,2010-02-01,128.2
15908,2010-07-01,758.62
15912,2009-12-01,1074.6999999999998
15915,2010-11-01,364.45
15923,2010-12-01,127.08
15924,2009-12-01,102.82
15933,2011-09-01,1107.46
15937,2011-10-01,145.35
15938,2010-06-01,734.81
15941,2010-03-01,405.0
15948,2010-10-01,1509.0900000000001
15949,2011-09-01,364.72
15951,2010-11-01,1013.1699999999998
15956,2009-12-01,617.5999999999999
15957,2010-10-01,921.25
15959,2010-01-01,542.8900000000001
15960,2010-09-01,410.95
15968,2010-11-01,404.55
15971,2009-12-01,5902.830000000001
15975,2011-09-01,371.01
15980,2010-06-01,6543.68
15989,2009-12-01,368.31
15990,2010-02-01,1997.7500000000002
15991,2010-06-01,150.55
15992,2010-09-01,896.6
15994,2010-03-01,1175.68
15996,2010-11-01,1386.3999999999999
15998,2009-12-01,8274.14
16005,2010-09-01,2365.4900000000002
16006,2010-11-01,332.82
16010,2010-10-01,1694.86
16014,2010-01-01,1100.28
16018,2009-12-01,698.13
16023,2011-03-01,719.8100000000001
16025,2011-11-01,439.65999999999997
16033,2010-08-01,10608.810000000001
16044,2010-09-01,340.84000000000003
16049,2010-07-01,1852.1499999999999
16050,2010-11-01,300.70000000000005
16051,2010-01-01,188.44
16052,2011-10-01,362.06
16055,2011-05-01,134.8
16058,2010-10-01,62.7
16061,2010-10-01,89.65
16062,2010-06-01,2863.45
16063,2011-03-01,335.32
16065,2010-09-01,1992.13
16068,2010-04-01,115.73
16070,2011-11-01,852.1500000000001
16072,2010-06-01,4180.09
16075,2010-05-01,736.9300000000001
16078,2010-02-01,362.99
16079,2011-10-01,1352.0
16083,2010-11-01,2351.42
16085,2010-01-01,2341.03
16086,2009-12-01,2687.73
16087,2010-01-01,1739.92
16093,2011-08-01,17.0
16095,2010-09-01,447.05
16096,2010-03-01,1584.9699999999998
16098,2009-12-01,4010.7
16101,2010-05-01,3229.16
16104,2009-12-01,2774.46
16106,2011-10-01,108.38
16107,2011-06-01,3204.1600000000003
16111,2010-10-01,549.33
16114,2011-06-01,135.75000000000003
16123,2011-10-01,307.78
16126,2009-12-01,14644.6
16128,2010-07-01,3801.05
16132,2010-03-01,664.2
16137,2010-01-01,422.7
16140,2010-09-01,1433.46
16149,2010-10-01,422.22
16157,2011-09-01,656.69
16163,2009-12-01,2407.98
16164,2011-10-01,822.48
16168,2009-12-01,10360.670000000002
16177,2010-03-01,2247.31
16184,2011-05-01,1158.79
16193,2010-10-01,630.4300000000001
16198,2010-09-01,1030.0410000000002
16205,2010-06-01,1820.11
16206,2010-01-01,2589.87
16207,2011-11-01,394.38
16216,2011-03-01,914.9300000000001
16218,2010-05-01,3968.67
16224,2010-11-01,1616.5400000000002
16227,2010-06-01,1027.22
16232,2010-06-01,2712.9700000000003
16235,2010-08-01,2053.71
16237,2010-09-01,136.65
16238,2010-10-01,63.66
16241,2010-10-01,3992.860000000001
16247,2011-06-01,114.56
16252,2010-11-01,295.09000000000003
16259,2010-04-01,340.94
16260,2011-10-01,1035.45
16262,2010-11-01,755.15
16266,2010-02-01,1757.9499999999998
16275,2010-03-01,2151.11
16278,2010-07-01,1117.8400000000001
16294,2010-08-01,126.05000000000001
16297,2011-03-01,301.9
16299,2010-08-01,193.65
16300,2010-02-01,1367.3200000000002
16309,2011-04-01,706.5699999999999
16312,2010-10-01,171.15
16317,2010-05-01,2192.5099999999998
16320,2010-01-01,5628.990000000001
16322,2011-11-01,326.75
16323,2010-05-01,353.66
16328,2010-05-01,310.83
16329,2009-12-01,1664.92
16338,2011-07-01,214.79999999999998
16339,2011-02-01,94.05
16341,2010-04-01,3850.7900000000004
16352,2011-11-01,494.44
16353,2009-12-01,9795.460000000001
16358,2010-11-01,2919.65
16360,2011-09-01,3450.4100000000003
16367,2010-11-01,1350.48
16368,2010-09-01,621.44
16372,2010-04-01,1290.31
16373,2010-10-01,309.49
16378,2011-02-01,362.94999999999993
16386,2010-11-01,1068.16
16395,2009-12-01,3518.4100000000008
16399,2010-11-01,630.22
16400,2009-12-01,3059.8500000000004
16404,2011-09-01,443.05
16406,2010-02-01,528.36
16410,2009-12-01,130.32
16418,2010-10-01,1028.74
16419,2010-02-01,1463.6999999999998
16424,2010-11-01,443.06
16425,2011-02-01,302.7
16426,2011-03-01,1863.76
16427,2011-02-01,241.06
16429,2011-08-01,284.55
16438,2011-09-01,798.3499999999999
16442,2009-12-01,891.98
16447,2010-02-01,727.1
16449,2011-03-01,707.69
16453,2010-06-01,251.71
16455,2010-03-01,3995.5699999999997
16458,2010-05-01,5690.89
16464,2011-07-01,1298.6599999999999
16473,2010-11-01,470.83
16481,2010-01-01,453.38
16489,2010-09-01,303.7
16491,2010-10-01,1533.1599999999999
16492,2010-06-01,385.56
16495,2011-03-01,648.26
16496,2010-07-01,2330.77
16498,2011-06-01,100.97
16502,2010-03-01,258.55
16508,2010-03-01,240.95
16509,2011-02-01,363.7
16516,2011-11-01,101.69999999999999
16517,2011-03-01,162.7
16518,2010-06-01,959.37
16522,2010-09-01,433.36
16524,2010-01-01,306.19
16534,2010-03-01,635.9
16535,2010-01-01,972.04
16536,2011-08-01,548.12
16537,2010-03-01,23.35
16538,2010-04-01,395.07
16541,2009-12-01,424.03
16542,2010-11-01,257.32
16550,2009-12-01,8813.579999999998
16557,2011-07-01,281.85
16563,2009-12-01,4412.56
16567,2011-01-01,865.6
16578,2010-03-01,156.6
16584,2010-02-01,3156.17
16589,2010-09-01,612.36
16594,2011-09-01,181.09
16601,2010-03-01,677.0
16602,2010-11-01,763.33
16609,2011-04-01,5493.46
16611,2010-03-01,1785.1299999999999
16616,2011-07-01,500.42
16617,2011-04-01,151.85
16623,2010-04-01,1015.24
16626,2011-03-01,4413.1
16627,2011-09-01,322.8
16635,2010-10-01,473.0
16646,2010-09-01,678.8
16647,2010-06-01,541.9000000000001
16650,2010-07-01,1916.1100000000001
16653,2011-09-01,1212.6599999999999
16655,2010-01-01,6423.260000000001
16659,2011-06-01,39.12
16661,2009-12-01,932.7600000000001
16664,2010-05-01,109.2
16669,2011-09-01,1348.88
16675,2010-08-01,608.8599999999999
16680,2010-06-01,821.45
16686,2009-12-01,4881.07
16699,2009-12-01,994.6000000000001
16709,2009-12-01,9056.009999999998
16710,2009-12-01,5921.35
16711,2009-12-01,2868.48
16712,2010-11-01,4232.870000000001
16713,2009-12-01,14115.560000000001
16715,2010-05-01,625.52
16718,2009-12-01,3006.0800000000004
16721,2011-03-01,292.47
16722,2009-12-01,8189.559999999999
16725,2009-12-01,1688.26
16736,2009-12-01,2956.5600000000004
16738,2011-02-01,3.75
16744,2011-06-01,1291.91
16745,2011-02-01,7180.699999999999
16746,2009-12-01,18046.749999999996
16749,2009-12-01,4157.88
16752,2010-12-01,207.5
16753,2011-10-01,223.92000000000002
16761,2011-09-01,316.62
16763,2009-12-01,964.7
16764,2011-07-01,2790.9499999999994
16766,2011-03-01,1145.6
16771,2009-12-01,3949.6
16774,2010-02-01,1567.48
16775,2010-09-01,2820.8400000000006
16784,2010-03-01,892.33
16789,2011-12-01,80.8
16790,2011-11-01,1545.6200000000001
16794,2010-03-01,2052.7000000000003
16797,2009-12-01,1802.02
16801,2011-03-01,1594.2299999999998
16819,2010-08-01,182.59
16820,2011-09-01,497.61
16821,2010-11-01,113.35
16823,2009-12-01,2243.0899999999997
16828,2011-08-01,128.5
16832,2010-09-01,417.61
16835,2010-05-01,1456.6599999999999
16844,2010-05-01,614.34
16847,2010-03-01,614.8900000000001
16849,2011-06-01,124.57
16852,2011-06-01,144.91
16857,2010-09-01,352.8
16862,2010-01-01,662.33
16872,2010-09-01,1213.13
16873,2010-02-01,14617.39
16874,2010-11-01,209.89000000000001
16877,2011-05-01,846.6200000000001
16881,2011-10-01,432.0
16882,2011-01-01,705.12
16885,2010-11-01,684.5999999999999
16887,2009-12-01,658.17
16891,2009-12-01,1727.94
16894,2010-06-01,1306.96
16898,2010-05-01,885.2099999999999
16906,2010-05-01,1410.9199999999998
16907,2010-07-01,1470.8899999999999
16908,2009-12-01,252.59
16909,2011-09-01,379.14
16920,2010-10-01,355.45
16924,2011-09-01,829.89
16927,2010-12-01,543.05
16931,2010-11-01,5032.22
16932,2010-05-01,412.55
16937,2010-07-01,196.25
16939,2010-02-01,433.85
16942,2011-04-01,1904.99
16943,2010-03-01,1299.4899999999998
16946,2010-03-01,1222.04
16951,2011-02-01,1277.75
16956,2011-11-01,308.74
16958,2010-09-01,778.49
16968,2011-08-01,439.43
16977,2010-03-01,496.0
16986,2010-02-01,4888.75
16987,2009-12-01,2521.3999999999996
16989,2011-07-01,1133.25
16991,2010-10-01,1041.21
16996,2010-10-01,2123.61
16998,2010-09-01,402.0
17004,2010-10-01,2324.36
17008,2010-10-01,81.36
17017,2009-12-01,12576.990000000002
17023,2010-01-01,800.18
17030,2011-10-01,146.87
17033,2010-11-01,1332.79
17034,2010-07-01,1276.42
17036,2010-11-01,176.9
17039,2010-04-01,1954.99
17040,2010-06-01,463.25
17044,2009-12-01,11962.300000000001
17047,2009-12-01,2289.2299999999996
17049,2010-03-01,9942.53
17052,2011-11-01,399.09
17054,2011-04-01,1356.33
17056,2009-12-01,128.60000000000002
17057,2010-04-01,294.74
17058,2011-04-01,1179.89
17062,2010-09-01,889.7499999999999
17064,2011-01-01,855.45
17069,2009-12-01,5517.23
17071,2010-01-01,3793.71
17073,2011-08-01,1446.0900000000001
17078,2011-11-01,378.2
17087,2009-12-01,221.53
17088,2011-03-01,1991.01
17091,2009-12-01,7495.75
17094,2010-10-01,402.2
17096,2010-06-01,3697.93
17097,2010-10-01,1143.3600000000001
17102,2011-03-01,25.5
17106,2010-11-01,481.58
17110,2010-04-01,499.9
17111,2010-10-01,459.58000000000004
17114,2011-01-01,801.12
17120,2011-04-01,307.46
17122,2010-07-01,570.5
17125,2011-10-01,230.5
17132,2010-08-01,1220.9099999999999
17136,2010-02-01,231.68
17145,2010-02-01,3120.91
17146,2010-02-01,5852.64
17150,2009-12-01,1357.95
17152,2010-10-01,2016.5
17157,2009-12-01,5151.9
17159,2010-03-01,2099.59
17162,2011-02-01,1715.4599999999998
17169,2010-05-01,1156.73
17173,2011-07-01,3766.6000000000004
17177,2010-07-01,119.5
17180,2010-01-01,2236.77
17184,2009-12-01,198.41000000000003
17185,2010-04-01,229.46
17187,2010-07-01,467.71
17193,2009-12-01,2310.04
17203,2010-11-01,5564.09
17208,2010-11-01,111.15
17217,2010-03-01,210.1
17224,2010-07-01,100.86
17237,2010-11-01,994.13
17242,2010-01-01,2889.2799999999997
17247,2011-11-01,280.09000000000003
17252,2011-06-01,348.90999999999997
17257,2010-09-01,189.78
17258,2010-02-01,417.30000000000007
17262,2009-12-01,2488.76
17265,2011-06-01,550.01
17270,2009-12-01,601.45
17282,2010-06-01,2308.54
17287,2009-12-01,3826.8600000000006
17291,2011-02-01,550.8000000000001
17292,2010-05-01,271.75
17295,2011-10-01,547.0
17296,2009-12-01,338.13
17299,2010-08-01,993.23
17301,2010-03-01,294.39
17303,2010-12-01,250.04
17304,2010-06-01,111.5
17314,2009-12-01,4904.43
17316,2010-10-01,124.45
17317,2011-09-01,2600.34
17319,2010-02-01,29.1
17320,2010-01-01,2444.85
17324,2009-12-01,2171.0699999999997
17325,2010-03-01,609.5699999999999
17328,2010-02-01,104.7
17332,2010-02-01,838.2700000000001
17343,2009-12-01,1259.94
17344,2009-12-01,457.36
17347,2011-09-01,228.96
17352,2010-01-01,36.25
17354,2010-10-01,3133.96
17373,2010-02-01,1167.5
17381,2010-06-01,36398.649999999994
17382,2010-05-01,902.28
17395,2010-07-01,97.5
17396,2010-09-01,8409.599999999999
17398,2011-03-01,653.38
17410,2011-05-01,1214.7199999999998
17413,2010-05-01,560.14
17416,2009-12-01,17298.449999999997
17422,2010-06-01,3594.76
17423,2010-11-01,1118.95
17428,2009-12-01,31466.76
17432,2009-12-01,1728.9899999999998
17435,2010-10-01,331.35
17439,2010-02-01,325.74
17447,2011-09-01,541.53
17449,2009-12-01,4868.15
17451,2011-08-01,1721.4
17457,2009-12-01,5984.810000000001
17465,2009-12-01,2542.79
17467,2010-11-01,102.6
17468,2010-11-01,194.8
17474,2010-04-01,1047.0
17479,2010-03-01,389.26000000000005
17487,2009-12-01,160.55
17493,2010-11-01,100.91000000000001
17501,2011-05-01,288.6
17505,2010-04-01,2435.48
17506,2011-09-01,302.2
17507,2011-02-01,605.5799999999999
17511,2009-12-01,172132.86999999994
17515,2010-06-01,1602.5100000000002
17518,2010-03-01,329.42
17519,2009-12-01,4774.17
17524,2010-09-01,539.14
17526,2009-12-01,3939.2400000000002
17529,2010-01-01,1240.25
17531,2010-03-01,1266.82
17537,2011-02-01,887.6700000000001
17542,2010-03-01,340.85
17544,2010-11-01,944.82
17551,2010-12-01,290.34
17556,2010-11-01,300.67
17559,2010-07-01,167.62
17563,2010-04-01,392.38
17566,2011-11-01,869.77
17567,2010-09-01,4838.08
17571,2010-06-01,1630.9099999999999
17573,2011-09-01,380.6
17577,2010-02-01,348.75
17580,2010-10-01,541.02
17587,2010-03-01,176.71
17589,2010-03-01,13837.939999999997
17601,2010-11-01,413.08
17602,2010-03-01,7354.43
17605,2010-04-01,160.75
17608,2010-04-01,488.06
17618,2010-01-01,4001.64
17624,2009-12-01,1568.63
17625,2009-12-01,5978.900000000001
17633,2010-11-01,2057.3900000000003
17642,2009-12-01,1824.49
17650,2011-11-01,166.08
17667,2010-02-01,3950.7
17670,2011-04-01,205.7
17671,2010-11-01,2009.1599999999999
17676,2010-03-01,2448.64
17683,2010-06-01,819.01
17685,2010-02-01,5454.95
17699,2010-05-01,442.0
17711,2011-02-01,385.1
17716,2009-12-01,15956.970000000001
17724,2011-07-01,1033.0
17725,2011-03-01,3439.0800000000004
17726,2010-01-01,1092.06
17728,2010-09-01,4238.76
17738,2010-03-01,4183.5599999999995
17740,2010-01-01,426.90000000000003
17741,2010-05-01,101.10000000000001
17756,2010-11-01,728.75
17760,2010-02-01,746.3899999999999
17762,2010-09-01,129.75
17772,2010-11-01,360.75000000000006
17776,2009-12-01,330.56
17781,2011-03-01,188.01999999999998
17782,2010-11-01,679.02
17783,2010-07-01,376.96
17785,2010-05-01,403.38
17797,2009-12-01,1971.8700000000001
17802,2009-12-01,4946.22
17807,2010-01-01,437.87
17810,2010-01-01,373.15999999999997
17813,2011-09-01,1698.07
17817,2010-10-01,788.1500000000001
17819,2009-12-01,6021.049999999999
17822,2010-05-01,2162.9300000000003
17825,2009-12-01,701.96
17828,2011-06-01,1820.0899999999997
17834,2010-09-01,689.6700000000001
17840,2010-09-01,175.9
17848,2009-12-01,3559.1099999999997
17852,2009-12-01,657.8100000000001
17869,2010-06-01,813.64
17871,2010-01-01,1068.95
17875,2010-01-01,167.1
17876,2010-02-01,3424.02
17878,2010-11-01,1378.93
17881,2011-02-01,133.35000000000002
17887,2011-08-01,111.35
17893,2011-04-01,107.21
17894,2010-08-01,2304.58
17902,2010-06-01,216.39999999999998
17905,2010-01-01,2178.87
17906,2011-04-01,72.9
17909,2009-12-01,110.05
17926,2010-05-01,1035.49
17927,2009-12-01,294.0
17930,2010-03-01,4275.22
17937,2010-12-01,4301.22
17938,2010-10-01,144.29
17942,2011-12-01,77.50000000000001
17951,2010-10-01,1340.58
17955,2010-02-01,949.8999999999999
17956,2011-04-01,12.75
17962,2010-01-01,666.9599999999999
17964,2010-12-01,463.21
17971,2010-06-01,161.94
17978,2009-12-01,1159.9899999999998
17979,2011-03-01,732.4100000000001
17983,2010-11-01,171.71
17990,2009-12-01,1527.6100000000001
17995,2010-11-01,495.48
17999,2010-11-01,528.46
18008,2010-01-01,19759.079999999998
18017,2010-10-01,688.0
18018,2010-10-01,297.99
18019,2011-10-01,38.45
18025,2010-03-01,1177.72
18026,2010-07-01,2074.07
18033,2011-10-01,93.82000000000001
18037,2009-12-01,167.42000000000002
18038,2010-06-01,141.48
18039,2010-03-01,548.22
18041,2010-01-01,8018.769999999999
18042,2010-06-01,281.15
18050,2010-11-01,412.06000000000006
18051,2009-12-01,2282.2799999999997
18053,2010-06-01,571.0699999999999
18056,2010-03-01,554.5999999999999
18060,2010-05-01,1185.46
18061,2009-12-01,6083.809999999999
18063,2010-03-01,186.60000000000002
18065,2009-12-01,5866.63
18069,2010-02-01,4464.92
18070,2010-02-01,314.1
18072,2011-06-01,247.44
18086,2011-03-01,101.34
18087,2009-12-01,14761.52
18095,2010-04-01,2303.09
18100,2010-06-01,451.56
18103,2010-06-01,105.8
18115,2010-01-01,9.700000000000001
18118,2010-11-01,6221.02
18120,2011-05-01,111.15
18122,2011-07-01,1793.06
18133,2011-05-01,931.4999999999999
18134,2010-01-01,445.0
18136,2010-09-01,1631.3600000000001
18138,2011-02-01,152.65
18141,2010-04-01,882.47
18151,2010-03-01,1879.4399999999998
18156,2010-12-01,675.64
18169,2011-10-01,202.65
18172,2009-12-01,17467.24
18179,2010-02-01,2547.55
18184,2011-11-01,49.8
18185,2011-04-01,304.25
18188,2010-03-01,3280.59
18190,2009-12-01,745.6200000000001
18191,2010-08-01,529.4
18192,2011-09-01,957.97
18196,2010-03-01,1457.1899999999998
18201,2009-12-01,447.53000000000003
18211,2011-03-01,600.07
18212,2010-01-01,514.37
18223,2009-12-01,14000.849999999999
18224,2011-03-01,158.95000000000002
18228,2011-09-01,779.9
18230,2010-07-01,4291.06
18231,2010-01-01,6854.17
18235,2011-05-01,1796.48
18239,2010-10-01,1712.2599999999998
18247,2010-03-01,839.73
18248,2011-06-01,804.02
18266,2010-10-01,251.1
18273,2010-04-01,357.0
18276,2009-12-01,1656.5200000000004
18280,2010-11-01,488.15000000000003
18283,2010-02-01,2664.9
18285,2010-02-01,427.0
18287,2010-05-01,4182.99
12351,2010-11-01,300.93
12356,2010-10-01,6371.7300000000005
12360,2010-02-01,4252.889999999999
12362,2009-12-01,5356.23
12367,2011-12-01,168.9
12368,2010-03-01,917.6999999999999
12374,2010-04-01,2989.2200000000003
12376,2010-10-01,503.15
12378,2010-05-01,5416.32
12385,2010-11-01,1938.4
12398,2011-10-01,1635.6599999999999
12408,2010-07-01,4340.7699999999995
12413,2010-11-01,999.45
12414,2010-09-01,952.41
12419,2010-10-01,503.01
12420,2011-10-01,600.39
12422,2009-12-01,5231.8
12425,2010-09-01,1741.41
12426,2010-02-01,1345.21
12432,2011-06-01,5059.320000000001
12433,2010-08-01,16794.14
12437,2009-12-01,12683.4
12438,2011-07-01,2906.85
12440,2009-12-01,859.2
12441,2010-12-01,173.55
12451,2010-06-01,12669.88
12455,2009-12-01,5879.95
12460,2010-09-01,326.65
12467,2010-10-01,132.8
12473,2011-06-01,3928.05
12475,2010-10-01,1149.6399999999999
12479,2011-11-01,527.2
12481,2010-04-01,12185.509999999997
12483,2010-01-01,5097.179999999999
12485,2010-06-01,708.1
12497,2010-03-01,6248.5
12498,2011-10-01,403.7
12499,2010-05-01,393.72
12507,2010-05-01,1844.06
12515,2010-12-01,383.7
12517,2011-06-01,2481.6
12521,2011-07-01,599.68
12531,2010-01-01,1933.2
12532,2011-11-01,349.83000000000004
12537,2010-10-01,732.94
12540,2009-12-01,22254.490000000005
12546,2011-09-01,1161.5
12547,2010-07-01,383.58
12548,2011-06-01,95.19999999999999
12551,2010-12-01,168.0
12554,2010-09-01,468.5
12558,2011-12-01,269.96
12561,2011-02-01,238.85
12580,2010-05-01,1052.9
12584,2011-03-01,2338.1499999999996
12590,2011-05-01,9864.26
12593,2011-05-01,418.1
12596,2011-04-01,618.27
12598,2010-03-01,4534.09
12607,2011-10-01,1579.51
12610,2011-08-01,2099.54
12612,2011-09-01,704.0400000000001
12616,2010-11-01,1131.1
12619,2010-05-01,3781.3799999999997
12622,2011-04-01,180.1
12629,2010-10-01,1558.22
12635,2010-09-01,2930.41
12639,2010-03-01,1312.37
12643,2010-04-01,8304.82
12651,2010-08-01,377.75
12652,2010-10-01,1017.03
12656,2010-05-01,6407.829999999999
12657,2011-09-01,1643.1799999999998
12662,2010-04-01,6726.54
12664,2009-12-01,6070.04
12666,2010-11-01,1248.42
12675,2010-05-01,957.25
12680,2011-08-01,880.81
12686,2010-12-01,89.14
12687,2010-08-01,2138.91
12691,2010-10-01,1170.4
12695,2010-02-01,1407.12
12697,2011-06-01,957.5899999999999
12703,2010-01-01,1006.53
12707,2011-02-01,603.42
12708,2009-12-01,5117.66
12719,2011-10-01,644.95
12721,2010-08-01,4013.08
12726,2010-03-01,4014.6000000000004
12728,2010-11-01,1070.17
12734,2010-11-01,639.65
12735,2011-01-01,779.5699999999999
12738,2010-12-01,155.35
12749,2010-07-01,6897.36
12750,2011-08-01,275.88
12752,2011-09-01,4366.78
12761,2010-09-01,782.95
12764,2011-01-01,1693.88
12767,2010-11-01,949.82
12768,2010-09-01,168.69000000000003
12773,2010-05-01,124.25
12776,2010-02-01,55.5
12780,2010-04-01,337.4
12785,2009-12-01,1100.4
12790,2010-10-01,591.85
12802,2010-05-01,2416.42
12807,2010-11-01,330.35
12810,2010-02-01,534.99
12813,2010-01-01,1687.8
12819,2010-09-01,540.52
12823,2010-01-01,6501.5
12826,2009-12-01,2800.75
12827,2011-10-01,430.15
12829,2010-06-01,385.3
12833,2011-07-01,417.38
12837,2010-05-01,662.6600000000001
12838,2010-04-01,2975.91
12839,2009-12-01,9669.12
12841,2010-07-01,6958.199999999998
12844,2010-04-01,648.6
12849,2010-04-01,3042.47
12853,2010-02-01,3907.4999999999995
12857,2010-01-01,3688.0
12876,2010-04-01,4081.79
12877,2010-01-01,2942.1399999999994
12879,2011-09-01,573.22
12880,2010-05-01,640.13
12885,2011-08-01,1175.2200000000003
12892,2010-11-01,263.38
12894,2010-05-01,157.35
12898,2010-02-01,296.21000000000004
12902,2011-03-01,138.68
12904,2011-06-01,496.06
12907,2010-08-01,508.90999999999997
12908,2010-03-01,1776.0
12909,2010-02-01,3103.19
12913,2009-12-01,6283.240000000001
12923,2010-05-01,770.4200000000001
12925,2010-04-01,729.33
12936,2011-09-01,1063.9
12938,2011-11-01,114.14
12942,2010-12-01,675.5999999999999
12943,2010-04-01,496.5
12944,2010-12-01,604.51
12945,2010-02-01,900.11
12947,2010-12-01,1603.9899999999998
12952,2011-09-01,1387.79
12959,2010-08-01,150.95
12960,2010-02-01,1322.0700000000002
12962,2011-08-01,266.39000000000004
12973,2010-10-01,385.55
12987,2010-01-01,1312.21
12988,2011-02-01,505.82
12995,2011-09-01,211.32
12998,2010-02-01,920.08
13001,2009-12-01,24042.65
13002,2010-10-01,414.13
13007,2010-05-01,175.25
13010,2010-03-01,330.12
13018,2010-03-01,9763.159999999996
13019,2009-12-01,1229.9500000000003
13020,2010-02-01,618.96
13024,2010-05-01,555.87
13025,2009-12-01,323.39
13026,2009-12-01,1733.08
13027,2010-01-01,17239.2
13029,2010-07-01,1927.3
13031,2010-06-01,3292.84
13035,2010-10-01,1364.1999999999998
13037,2009-12-01,3914.9500000000007
13042,2009-12-01,1488.5900000000001
13043,2011-03-01,516.42
13046,2010-09-01,949.25
13048,2010-01-01,4049.13
13060,2011-03-01,307.53
13064,2010-04-01,1666.84
13091,2009-12-01,2321.82
13094,2010-11-01,2209.44
13101,2010-01-01,695.3999999999999
13102,2010-05-01,11380.1
13106,2010-10-01,603.46
13108,2010-09-01,748.46
13112,2010-06-01,20.6
13113,2010-03-01,18230.07
13115,2010-04-01,5494.700000000001
13119,2010-02-01,134.9
13130,2011-09-01,64.0
13131,2010-02-01,3313.77
13133,2010-09-01,200.45
13134,2010-10-01,2475.23
13144,2010-10-01,135.35
13151,2010-03-01,2465.21
13152,2010-01-01,2146.38
13153,2011-12-01,486.22
13155,2010-08-01,1370.48
13157,2010-03-01,5687.360000000001
13158,2010-11-01,1508.1799999999998
13164,2010-02-01,372.20000000000005
13165,2010-10-01,1451.1599999999999
13178,2009-12-01,14059.189999999999
13179,2010-03-01,572.3100000000001
13182,2011-10-01,121.18
13185,2011-03-01,71.4
13186,2011-08-01,1575.89
13189,2011-08-01,260.68
13195,2010-10-01,136.73
13198,2010-10-01,4974.2300000000005
13199,2009-12-01,15964.209999999997
13207,2010-04-01,535.86
13208,2009-12-01,1976.3000000000002
13212,2011-10-01,786.83
13221,2010-12-01,847.4100000000001
13233,2010-01-01,1176.46
13234,2009-12-01,346.5
13236,2011-08-01,744.85
13238,2010-04-01,1006.63
13239,2010-07-01,1594.69
13244,2011-09-01,121.74000000000001
13249,2010-01-01,1608.9300000000003
13253,2010-01-01,2951.11
13257,2010-09-01,149.75
13259,2010-01-01,1402.5400000000002
13260,2011-10-01,557.62
13264,2010-09-01,722.5600000000001
13266,2009-12-01,6135.04
13280,2010-03-01,2293.33
13292,2010-07-01,994.5100000000001
13299,2010-06-01,1218.7
13305,2010-03-01,3616.41
13310,2010-11-01,1541.2000000000003
13312,2010-09-01,124.75
13313,2009-12-01,3445.32
13314,2011-09-01,775.94
13317,2009-12-01,6486.091
13320,2010-08-01,2211.6
13323,2011-09-01,787.8499999999999
13328,2011-01-01,1308.48
13333,2010-02-01,1015.7400000000001
13336,2011-09-01,795.12
13340,2010-02-01,22100.56
13343,2011-06-01,353.43
13349,2011-11-01,247.32
13350,2011-09-01,979.1200000000001
13354,2011-09-01,743.53
13355,2011-08-01,674.7
13362,2010-10-01,5394.07
13364,2011-09-01,134.95999999999998
13370,2010-12-01,754.87
13371,2010-03-01,2297.66
13376,2011-04-01,1019.76
13377,2010-03-01,1552.88
13380,2010-10-01,62.4
13383,2010-06-01,305.28000000000003
13391,2011-05-01,59.8
13392,2010-01-01,91.14
13400,2010-05-01,310.83
13402,2010-05-01,1226.8500000000001
13403,2009-12-01,229.5
13405,2009-12-01,1213.8110000000001
13415,2009-12-01,784.1700000000001
13417,2010-02-01,1669.49
13420,2011-06-01,159.85
13421,2010-02-01,4058.75
13424,2010-09-01,572.77
13426,2009-12-01,8167.379999999998
13428,2010-07-01,478.53999999999996
13433,2010-01-01,658.3199999999999
13434,2010-02-01,1666.8600000000001
13435,2010-07-01,4447.33
13436,2011-12-01,196.89
13445,2010-03-01,241.89999999999998
13449,2011-11-01,291.88
13452,2010-08-01,729.8
13453,2010-11-01,781.69
13454,2010-03-01,219.87
13456,2011-05-01,1766.7200000000003
13467,2011-11-01,1071.9099999999999
13468,2009-12-01,12793.279999999997
13476,2010-03-01,2061.4700000000003
13478,2010-01-01,2215.7799999999997
13482,2010-03-01,336.09
13486,2011-07-01,1122.4099999999999
13488,2010-01-01,14205.960000000001
13490,2010-02-01,154.25
13496,2010-12-01,653.3299999999999
13497,2010-02-01,1166.83
13506,2010-09-01,1338.08
13507,2011-07-01,2479.16
13517,2011-06-01,2128.42
13519,2010-09-01,343.21000000000004
13520,2009-12-01,6606.0
13521,2011-11-01,1071.73
13525,2011-04-01,628.78
13526,2009-12-01,1182.0
13541,2010-05-01,785.25
13543,2010-01-01,1439.6100000000001
13548,2010-08-01,901.4399999999999
13549,2010-11-01,1005.8000000000001
13550,2010-11-01,342.55
13551,2010-02-01,244.2
13559,2010-06-01,990.0
13562,2010-01-01,4838.18
13564,2009-12-01,16498.969999999998
13568,2011-06-01,187.05
13570,2011-04-01,239.49
13573,2010-03-01,904.52
13584,2010-02-01,385.70000000000005
13585,2009-12-01,684.54
13588,2011-03-01,2478.9499999999994
13593,2010-03-01,5493.29
13599,2009-12-01,9811.04
13600,2010-03-01,518.42
13603,2011-11-01,164.34
13605,2010-05-01,522.6700000000001
13609,2010-04-01,167.35
13612,2010-03-01,818.29
13613,2010-02-01,1039.85
13616,2010-01-01,283.85
13617,2010-08-01,1278.75
13622,2010-01-01,658.95
13624,2010-11-01,462.08
13630,2011-02-01,2031.78
13636,2011-02-01,949.1200000000001
13638,2011-11-01,122.64
13639,2010-09-01,1346.27
13650,2010-01-01,3288.0
13656,2010-04-01,1078.8500000000001
13663,2010-03-01,2047.51
13672,2009-12-01,419.92
13673,2011-11-01,387.44
13687,2010-09-01,11880.84
13701,2010-09-01,161.0
13708,2011-03-01,285.33
13713,2010-05-01,740.76
13723,2010-04-01,1194.08
13725,2011-02-01,1980.56
13726,2011-08-01,1079.66
13727,2009-12-01,1074.15
13730,2011-07-01,752.5999999999999
13733,2009-12-01,487.03000000000003
13738,2010-11-01,434.78000000000003
13739,2010-06-01,292.2
13741,2011-05-01,668.4300000000001
13746,2010-10-01,176.69
13756,2009-12-01,8655.949999999999
13758,2009-12-01,8698.13
13759,2011-09-01,659.4100000000001
13760,2010-04-01,1363.6399999999999
13767,2009-12-01,33903.57
13768,2009-12-01,875.97
13770,2009-12-01,785.37
13771,2010-02-01,5728.819999999999
13776,2010-10-01,623.98
13777,2009-12-01,49638.26000000001
13782,2009-12-01,1786.0799999999997
13787,2010-01-01,1222.5
13795,2010-03-01,836.3000000000001
13801,2011-10-01,324.8
13805,2011-08-01,924.6
13811,2011-04-01,814.5
13812,2011-08-01,539.0
13816,2011-10-01,571.6700000000001
13818,2010-10-01,61.28
13823,2009-12-01,3403.45
13825,2009-12-01,255.59000000000003
13837,2011-01-01,266.59000000000003
13844,2011-11-01,361.62
13848,2009-12-01,3015.0
13850,2011-08-01,1595.48
13855,2009-12-01,1310.34
13863,2010-04-01,1239.5500000000002
13867,2011-05-01,1005.09
13879,2010-03-01,395.5
13881,2010-03-01,45179.100000000006
13884,2010-08-01,1825.0300000000002
13887,2011-05-01,349.55
13889,2010-01-01,1991.2300000000002
13890,2009-12-01,2927.3799999999997
13901,2010-01-01,5676.340000000001
13909,2010-07-01,282.84999999999997
13911,2010-03-01,4234.99
13916,2010-02-01,1275.81
13920,2010-05-01,1774.6799999999998
13924,2011-09-01,1838.85
13925,2011-07-01,678.25
13929,2010-01-01,3494.0999999999995
13939,2010-04-01,1560.9599999999998
13942,2010-06-01,320.0
13945,2010-08-01,854.15
13947,2011-10-01,90.6
13949,2011-09-01,2427.32
13952,2009-12-01,12823.520999999999
13961,2010-11-01,538.4
13962,2010-09-01,362.8
13964,2010-10-01,438.9
13967,2010-11-01,166.3
13986,2011-11-01,320.46
13990,2011-05-01,311.3
13993,2009-12-01,6775.71
13994,2011-07-01,2274.14
14001,2010-08-01,4228.85
14005,2011-05-01,2874.7200000000003
14008,2010-10-01,509.04
14011,2010-04-01,457.82
14015,2011-10-01,917.34
14020,2010-06-01,1249.01
14025,2010-05-01,4057.9
14027,2011-10-01,104.82
14028,2010-06-01,10396.5
14031,2009-12-01,39019.51
14035,2010-04-01,2794.75
14037,2009-12-01,836.9499999999999
14039,2010-05-01,267.28
14040,2009-12-01,12523.810000000001
14045,2010-01-01,10986.63
14057,2009-12-01,8346.660000000002
14061,2009-12-01,917.4300000000001
14062,2009-12-01,25585.65
14077,2010-11-01,615.0799999999999
14079,2010-01-01,618.73
14081,2009-12-01,4867.57
14087,2009-12-01,829.47
14095,2009-12-01,2.95
14096,2011-08-01,65164.78999999999
14105,2009-12-01,5988.83
14107,2009-12-01,4877.3
14109,2011-09-01,144.2
14110,2009-12-01,12987.95
14113,2009-12-01,7092.610000000001
14114,2010-04-01,1364.0900000000001
14116,2011-08-01,1382.74
14118,2010-10-01,458.45
14121,2011-10-01,2780.15
14122,2009-12-01,362.41999999999996
14124,2011-09-01,419.58000000000004
14125,2011-09-01,2720.63
14126,2010-09-01,1172.46
14127,2010-10-01,1900.08
14129,2010-05-01,2591.34
14132,2011-06-01,3586.0299999999997
14133,2009-12-01,911.14
14138,2011-10-01,965.8800000000001
14144,2010-08-01,30.599999999999998
14145,2010-04-01,7600.049999999999
14149,2011-05-01,446.62
14152,2010-02-01,1997.3400000000001
14153,2010-08-01,233.4
14155,2011-03-01,118.75
14159,2009-12-01,7860.8
14165,2011-03-01,120.44
14168,2010-05-01,370.45
14172,2010-03-01,369.02
14175,2010-03-01,7678.879999999999
14179,2011-10-01,701.57
14187,2010-08-01,123.5
14188,2011-02-01,2054.36
14189,2010-11-01,5503.15
14193,2010-11-01,1210.19
14203,2010-11-01,339.34
14204,2009-12-01,1024.83
14208,2010-06-01,567.05
14209,2010-01-01,4993.27
14212,2010-09-01,2190.14
14219,2010-08-01,633.8299999999999
14220,2010-05-01,1515.0
14222,2011-06-01,683.17
14223,2011-03-01,991.1299999999999
14224,2010-06-01,1841.71
14225,2010-01-01,2031.07
14228,2010-06-01,745.5
14235,2010-03-01,4717.990000000001
14243,2010-08-01,7217.749999999999
14259,2011-07-01,120.0
14262,2011-04-01,2618.2299999999996
14268,2010-08-01,354.85
14270,2011-01-01,492.65000000000003
14273,2011-04-01,559.9699999999999
14282,2010-02-01,7250.76
14286,2009-12-01,8479.759999999998
14288,2011-05-01,426.6
14290,2009-12-01,4516.5599999999995
14292,2010-03-01,9226.249999999998
14294,2010-10-01,375.34
14297,2011-03-01,1305.33
14298,2009-12-01,91194.48999999999
14299,2009-12-01,14070.250000000002
14301,2010-02-01,1992.1799999999998
14305,2011-07-01,1858.96
14306,2010-01-01,3151.4000000000005
14309,2010-06-01,3780.8099999999995
14314,2010-10-01,229.8
14316,2010-03-01,1370.34
14317,2011-10-01,508.58000000000004
14320,2010-01-01,1346.75
14323,2011-04-01,605.06
14328,2010-09-01,445.05
14329,2009-12-01,9887.620000000003
14334,2010-05-01,4318.48
14338,2010-06-01,928.1
14340,2011-05-01,134.7
14343,2010-01-01,1079.66
14344,2010-03-01,2993.05
14345,2011-11-01,108.97999999999999
14347,2009-12-01,82.6
14355,2010-03-01,840.0500000000001
14358,2010-10-01,400.05999999999995
14359,2011-09-01,912.1800000000001
14361,2010-05-01,214.70999999999998
14366,2010-07-01,136.0
14367,2011-03-01,9227.82
14370,2010-02-01,1175.7800000000002
14371,2011-02-01,100.5
14374,2010-06-01,108.0
14375,2010-06-01,1106.82
14381,2010-09-01,625.94
14382,2010-11-01,1193.63
14385,2011-11-01,202.10999999999999
14387,2011-08-01,1727.6
14394,2010-05-01,93.8
14395,2010-04-01,7801.93
14404,2009-12-01,2724.13
14406,2011-08-01,156.75
14407,2011-03-01,2157.73
14408,2009-12-01,4102.27
14417,2010-11-01,524.65
14421,2010-01-01,2469.37
14423,2010-01-01,916.6099999999999
14426,2010-03-01,11727.94
14430,2010-04-01,1220.9
14431,2010-01-01,2614.2000000000003
14442,2010-01-01,5367.0199999999995
14443,2010-11-01,2082.97
14450,2010-04-01,1128.44
14452,2010-07-01,658.95
14460,2009-12-01,1093.5
14463,2010-07-01,786.5699999999999
14467,2009-12-01,2203.24
14471,2009-12-01,400.95
14472,2010-01-01,2118.7200000000003
14477,2010-01-01,1969.6
14481,2010-01-01,2284.69
14485,2011-11-01,162.8
14487,2010-11-01,1266.27
14488,2011-10-01,1064.28
14506,2010-04-01,2960.25
14508,2010-06-01,822.9199999999998
14511,2011-07-01,1314.81
14520,2011-02-01,270.6
14521,2010-08-01,199.45000000000002
14523,2011-08-01,241.09
14524,2010-10-01,2909.8600000000006
14526,2010-11-01,258.65
14532,2010-01-01,3845.7800000000007
14536,2011-03-01,170.95
14541,2010-01-01,2491.38
14542,2011-06-01,103.25
14550,2010-08-01,1345.06
14551,2010-01-01,878.0899999999999
14554,2011-10-01,2279.4900000000002
14555,2009-12-01,2304.0299999999997
14559,2010-11-01,75.6
14565,2010-08-01,3859.2200000000003
14567,2011-08-01,1530.3600000000001
14570,2010-09-01,613.75
14575,2010-08-01,420.22
14576,2010-12-01,35.400000000000006
14580,2010-07-01,14.850000000000001
14582,2011-10-01,114.11
14585,2010-10-01,1143.27
14590,2009-12-01,2993.3699999999994
14593,2009-12-01,3665.53
14597,2010-09-01,2184.6299999999997
14599,2010-07-01,457.89
14601,2011-11-01,213.96
14605,2009-12-01,921.5600000000001
14608,2009-12-01,3352.94
14611,2010-04-01,604.3299999999999
14612,2010-10-01,877.7
14614,2010-11-01,295.13
14617,2010-10-01,190.47000000000003
14623,2010-04-01,2016.98
14628,2010-01-01,1998.0
14632,2011-03-01,114.56
14643,2009-12-01,1679.8899999999999
14651,2010-03-01,2025.52
14667,2009-12-01,20395.339999999997
14671,2010-05-01,1127.45
14675,2010-11-01,1015.58
14684,2010-11-01,1430.0300000000002
14690,2010-10-01,777.6800000000001
14691,2011-05-01,2114.33
14692,2010-04-01,1715.14
14696,2010-10-01,2473.28
14697,2011-05-01,188.60999999999999
14699,2010-07-01,702.6
14700,2010-08-01,3076.06
14701,2010-01-01,4487.11
14702,2009-12-01,6368.78
14703,2011-11-01,318.17
14705,2011-05-01,179.0
14711,2011-03-01,2839.6200000000003
14716,2010-09-01,543.28
14718,2010-10-01,226.42
14722,2010-08-01,489.52000000000004
14723,2009-12-01,1803.06
14724,2010-04-01,341.9
14726,2010-02-01,116.5
14727,2010-06-01,463.73
14736,2010-08-01,374.04999999999995
14739,2009-12-01,11573.619999999999
14744,2010-05-01,3660.08
14750,2009-12-01,112.03
14753,2010-09-01,869.51
14754,2010-01-01,1547.93
14761,2010-09-01,447.91999999999996
14764,2011-10-01,278.3
14774,2010-06-01,241.45
14775,2010-12-01,1011.9000000000001
14783,2010-02-01,307.3
14784,2010-11-01,449.93
14786,2010-06-01,90.96
14790,2009-12-01,2526.6200000000003
14799,2009-12-01,338.15
14801,2011-10-01,189.34
14825,2010-04-01,4735.08
14826,2010-01-01,385.20000000000005
14828,2009-12-01,9839.46
14830,2011-10-01,188.88
14842,2011-02-01,2824.69
14845,2010-04-01,150.0
14863,2011-11-01,266.76
14868,2010-10-01,4184.009999999999
14869,2009-12-01,2778.14
14870,2010-01-01,1838.9499999999998
14873,2010-03-01,854.1299999999999
14874,2010-06-01,116.18
14876,2010-05-01,256.7
14877,2010-03-01,425.85
14878,2010-02-01,4076.5
14880,2011-02-01,690.5899999999999
14881,2011-11-01,255.4
14883,2011-05-01,761.59
14884,2010-02-01,120.6
14888,2011-05-01,369.2
14889,2011-01-01,135.9
14891,2010-09-01,1106.73
14894,2009-12-01,1492.81
14908,2010-09-01,381.90000000000003
14917,2010-04-01,1123.75
14924,2010-03-01,931.01
14927,2010-11-01,308.2
14943,2010-02-01,107.62
14948,2011-05-01,1101.97
14953,2010-09-01,971.3199999999999
14959,2011-02-01,695.42
14960,2011-06-01,221.26999999999998
14964,2011-04-01,206.21
14968,2010-09-01,501.24
14970,2010-02-01,4919.35
14980,2009-12-01,150.68
14981,2010-10-01,372.92
14993,2010-05-01,36.13
14997,2010-02-01,776.5999999999999
15000,2011-10-01,490.52
15001,2010-11-01,199.10999999999999
15002,2010-01-01,4138.08
15009,2011-11-01,1259.4299999999998
15024,2010-10-01,3559.3899999999994
15025,2010-05-01,979.79
15026,2010-09-01,1048.89
15030,2010-03-01,1979.91
15034,2010-05-01,8231.2
15036,2011-06-01,429.56
15038,2010-10-01,1146.53
15039,2009-12-01,39141.48000000001
15044,2009-12-01,16024.149999999998
15047,2011-03-01,343.62
15048,2010-12-01,381.0
15053,2011-03-01,693.95
15059,2009-12-01,3491.1999999999994
15060,2011-11-01,294.25
15062,2010-04-01,2585.6200000000003
15065,2010-10-01,3326.86
15069,2011-06-01,1109.53
15071,2010-05-01,1455.5600000000002
15072,2010-08-01,187.51999999999998
15074,2010-08-01,1553.1299999999999
15075,2011-09-01,773.03
15076,2010-07-01,1447.7400000000002
15077,2009-12-01,2428.08
15078,2009-12-01,17286.730000000007
15084,2010-03-01,965.1999999999999
15085,2009-12-01,347.54
15092,2010-09-01,776.4599999999999
15094,2010-03-01,83.0
15096,2011-10-01,219.39000000000001
15098,2011-06-01,39916.5
15101,2010-04-01,1477.9399999999998
15102,2010-06-01,554.67
15112,2010-04-01,209.4
15113,2011-10-01,3509.43
15114,2010-10-01,3400.12
15120,2011-07-01,358.82
15124,2010-02-01,450.82
15126,2010-01-01,449.49
15128,2010-10-01,1783.68
15131,2010-11-01,80.28
15133,2010-07-01,1806.9
15135,2010-06-01,305.68
15136,2011-09-01,1286.7
15151,2010-07-01,2085.61
15152,2010-01-01,5263.830000000001
15153,2011-11-01,329.25
15155,2010-11-01,383.96999999999997
15170,2010-10-01,81.15
15176,2010-02-01,988.04
15179,2009-12-01,7491.92
15196,2009-12-01,313.7
15197,2009-12-01,1877.5100000000002
15198,2010-01-01,571.35
15214,2011-04-01,1661.4400000000003
15219,2010-03-01,685.45
15220,2011-03-01,1778.9600000000003
15223,2009-12-01,1417.95
15232,2011-07-01,612.06
15237,2011-04-01,1412.32
15238,2011-06-01,1071.99
15240,2009-12-01,4459.98
15241,2010-02-01,3050.16
15242,2010-10-01,302.04
15252,2010-04-01,2103.41
15253,2010-05-01,2055.0899999999997
15260,2009-12-01,8767.729999999998
15263,2011-08-01,156.51
15264,2010-06-01,848.4000000000001
15267,2011-06-01,1717.36
15275,2011-11-01,615.14
15290,2010-02-01,10496.28
15295,2010-02-01,207.04
15297,2011-10-01,641.94
15300,2011-10-01,496.44
15301,2010-09-01,6909.670000000001
15310,2010-08-01,1634.64
15311,2009-12-01,114966.41999999998
15312,2009-12-01,2930.1900000000005
15317,2010-01-01,129.75
15318,2011-12-01,312.62
15319,2011-03-01,204.5
15321,2010-02-01,6709.7300000000005
15325,2010-02-01,1601.4600000000003
15330,2011-10-01,714.96
15333,2011-05-01,1028.56
15344,2011-09-01,563.9399999999999
15346,2010-10-01,596.1200000000001
15354,2010-04-01,284.4
15359,2010-01-01,181.35
15361,2010-06-01,689.07
15369,2009-12-01,6251.26
15373,2010-05-01,3084.54
15376,2011-05-01,1221.56
15386,2011-06-01,394.14
15387,2010-08-01,468.65
15389,2010-01-01,2733.8
15391,2010-05-01,289.87
15393,2009-12-01,891.34
15395,2011-01-01,107.45
15398,2011-09-01,1345.5300000000002
15403,2009-12-01,170.88
15404,2010-11-01,257.06
15409,2009-12-01,131.25
15410,2010-04-01,4685.72
15412,2011-06-01,190.53
15413,2009-12-01,6798.72
15417,2011-09-01,508.8
15431,2010-07-01,153.24
15436,2011-04-01,1067.75
15442,2011-04-01,594.0
15448,2010-02-01,788.81
15453,2011-06-01,1371.77
15455,2010-04-01,38.25
15458,2010-11-01,370.43999999999994
15463,2011-11-01,126.14
15464,2011-01-01,1044.65
15466,2009-12-01,1560.46
15467,2011-07-01,524.88
15476,2010-09-01,2209.9799999999996
15482,2009-12-01,14417.359999999999
15491,2011-04-01,3100.0899999999997
15498,2009-12-01,24972.859999999997
15502,2010-06-01,13003.869999999999
15504,2010-02-01,402.7
15507,2011-06-01,475.86
15509,2010-11-01,152.41
15511,2011-09-01,900.53
15514,2009-12-01,6392.0599999999995
15518,2009-12-01,4189.989999999999
15523,2009-12-01,17259.19
15527,2009-12-01,5554.890000000001
15531,2011-11-01,1972.3899999999999
15533,2011-09-01,807.5699999999999
15535,2010-09-01,1044.3700000000001
15542,2009-12-01,855.71
15543,2010-09-01,242.26
15549,2010-01-01,2334.16
15551,2010-06-01,1679.81
15556,2011-11-01,279.77
15558,2010-03-01,202.68
15565,2011-09-01,173.16000000000003
15567,2011-11-01,186.01
15569,2010-02-01,3583.4500000000003
15570,2010-03-01,8736.49
15577,2009-12-01,396.03
15582,2011-05-01,682.91
15584,2010-02-01,1268.1999999999998
15589,2011-02-01,478.53
15590,2010-04-01,1496.6
15595,2010-08-01,357.6
15601,2009-12-01,14191.739999999998
15607,2010-01-01,1708.9700000000003
15611,2010-01-01,2997.2799999999997
15613,2010-04-01,433.71999999999997
15614,2010-03-01,3147.36
15616,2010-09-01,317.11
15620,2010-10-01,1942.3600000000001
15624,2011-03-01,588.13
15626,2010-10-01,1067.52
15633,2009-12-01,4335.959999999999
15636,2010-05-01,1444.58
15637,2009-12-01,797.59
15641,2009-12-01,5345.55
15642,2009-12-01,105.78000000000002
15644,2011-03-01,803.54
15650,2010-03-01,553.88
15654,2011-11-01,922.53
15660,2010-02-01,2603.69
15668,2011-05-01,76.32000000000001
15669,2011-03-01,684.3399999999999
15672,2009-12-01,45.300000000000004
15674,2009-12-01,6948.23
15678,2010-07-01,1825.94
15682,2010-01-01,318.24
15686,2010-10-01,90.0
15693,2010-02-01,37.5
15696,2010-01-01,3881.2200000000003
15699,2011-11-01,309.65
15703,2011-03-01,211.5
15704,2010-05-01,3734.6599999999994
15707,2011-09-01,916.98
15711,2010-01-01,420.25
15719,2009-12-01,10195.970000000001
15720,2010-06-01,739.22
15728,2010-09-01,544.6
15735,2010-10-01,327.68
15739,2011-10-01,449.12
15741,2010-03-01,208.62
15752,2010-09-01,3924.9100000000003
15754,2010-02-01,3037.6100000000006
15758,2011-11-01,205.25
15761,2010-09-01,143.05
15763,2011-09-01,1086.92
15771,2010-01-01,1006.54
15772,2010-10-01,280.88
15774,2010-02-01,1288.3400000000001
15784,2010-02-01,848.3299999999999
15785,2009-12-01,5969.929999999999
15790,2011-11-01,218.75
15811,2010-11-01,3486.15
15813,2011-04-01,1303.9099999999999
15818,2010-04-01,340.5
15822,2009-12-01,1840.06
15826,2010-05-01,2598.28
15835,2011-01-01,954.0899999999999
15836,2011-10-01,137.37
15837,2010-08-01,777.01
15842,2010-06-01,548.8
15844,2011-10-01,130.73999999999998
15845,2010-01-01,4426.28
15846,2010-11-01,107.01
15864,2010-11-01,2180.76
15866,2011-08-01,211.89
15871,2010-09-01,33.099999999999994
15874,2010-01-01,11284.760000000002
15879,2009-12-01,1137.8
15882,2009-12-01,1124.66
15884,2009-12-01,244.60000000000002
15885,2010-01-01,1951.8200000000002
15891,2011-04-01,511.68
15894,2010-12-01,258.25
15895,2011-07-01,179.17
15907,2011-05-01,882.72
15910,2010-01-01,2661.1699999999996
15921,2010-03-01,775.26
15928,2010-02-01,293.53
15932,2011-02-01,2495.8699999999994
15936,2010-08-01,282.79
15939,2010-11-01,9060.39
15943,2010-01-01,271.28999999999996
15950,2010-01-01,7120.909999999999
15958,2010-06-01,462.12
15961,2010-11-01,451.28999999999996
15964,2010-02-01,269.21000000000004
15969,2010-07-01,1127.05
15970,2010-04-01,1017.32
15972,2010-04-01,1769.3300000000002
15973,2010-10-01,680.6200000000001
15976,2010-06-01,1694.41
15977,2011-10-01,1054.73
15978,2010-03-01,3279.42
15984,2009-12-01,8393.019999999999
15993,2011-10-01,2777.67
16002,2010-03-01,169.21
16007,2010-06-01,3053.06
16012,2010-06-01,2978.59
16016,2010-11-01,2083.4
16020,2011-10-01,851.01
16037,2010-03-01,1509.34
16038,2011-05-01,471.78
16042,2010-09-01,2245.3199999999997
16043,2010-08-01,1856.5900000000001
16045,2010-07-01,3434.9300000000007
16057,2010-01-01,3854.8500000000004
16059,2010-05-01,3053.5699999999997
16071,2010-02-01,1076.8000000000002
16074,2010-11-01,252.5
16077,2010-03-01,2300.4
16088,2010-04-01,1437.4299999999998
16091,2011-05-01,315.06
16092,2010-05-01,1587.94
16094,2010-04-01,3695.5599999999995
16100,2010-09-01,582.64
16108,2010-03-01,2235.92
16109,2010-01-01,939.4799999999999
16110,2010-07-01,1781.59
16113,2011-06-01,161.38
16119,2009-12-01,1720.8100000000004
16127,2009-12-01,801.31
16133,2010-03-01,22992.260000000013
16138,2010-04-01,910.35
16141,2010-10-01,955.94
16152,2011-03-01,1829.04
16160,2011-09-01,1025.44
16162,2011-04-01,37.4
16165,2010-07-01,79.9
16166,2010-01-01,435.83000000000004
16171,2011-10-01,73.2
16174,2010-04-01,2246.75
16175,2010-05-01,1836.4399999999998
16179,2011-10-01,215.83
16185,2010-05-01,644.72
16188,2010-10-01,1087.66
16191,2009-12-01,15677.820000000003
16195,2009-12-01,323.25
16197,2009-12-01,2016.71
16200,2009-12-01,5608.099999999999
16203,2010-07-01,943.84
16204,2009-12-01,918.71
16210,2009-12-01,33750.97
16214,2010-09-01,2038.25
16221,2010-08-01,2019.9199999999998
16225,2010-02-01,2859.3099999999995
16228,2010-11-01,885.71
16229,2010-05-01,2867.8599999999997
16230,2011-05-01,542.03
16231,2010-04-01,1074.47
16233,2009-12-01,1818.3100000000002
16245,2011-03-01,1413.66
16250,2010-11-01,565.24
16253,2009-12-01,7272.2
16254,2010-03-01,967.44
16257,2011-06-01,46.95
16261,2010-09-01,1041.16
16269,2010-09-01,717.57
16272,2011-08-01,411.7
16274,2010-12-01,351.75
16281,2010-01-01,3424.02
16283,2010-02-01,4350.32
16286,2010-03-01,328.95
16289,2010-09-01,136.31
16295,2011-10-01,1328.55
16298,2010-09-01,1085.7
16301,2009-12-01,107.33
16303,2010-03-01,7928.270000000001
16305,2011-07-01,361.21999999999997
16306,2010-10-01,1124.7199999999998
16308,2009-12-01,5120.0
16311,2011-10-01,616.26
16314,2010-08-01,1491.4
16318,2011-11-01,328.15
16330,2010-02-01,625.3800000000001
16331,2010-03-01,2037.7
16333,2011-02-01,26626.800000000003
16342,2011-06-01,322.40999999999997
16343,2010-10-01,614.1200000000001
16347,2010-03-01,3442.96
16364,2011-07-01,705.79
16365,2009-12-01,3167.34
16380,2011-10-01,1743.1499999999999
16382,2010-06-01,353.1
16384,2010-04-01,1358.9500000000003
16388,2010-02-01,186.05
16391,2010-05-01,1052.26
16393,2009-12-01,5297.7699999999995
16397,2010-03-01,123.13
16401,2010-06-01,6849.149999999999
16402,2010-12-01,293.45
16408,2010-04-01,231.93
16414,2010-01-01,551.21
16415,2010-02-01,696.76
16420,2010-11-01,75.0
16421,2010-08-01,526.27
16423,2011-11-01,346.12
16431,2011-02-01,623.28
16433,2010-10-01,384.52
16435,2010-07-01,1003.07
16436,2009-12-01,319.14
16439,2009-12-01,310.70000000000005
16445,2010-10-01,583.16
16456,2010-03-01,6000.9400000000005
16457,2011-05-01,208.36
16462,2011-03-01,136.0
16466,2010-03-01,3767.0900000000006
16469,2010-07-01,803.9000000000001
16470,2009-12-01,2416.85
16472,2010-04-01,789.5999999999999
16475,2011-03-01,544.3
16480,2011-09-01,769.29
16484,2011-06-01,404.3
16485,2009-12-01,2287.19
16488,2011-07-01,498.8
16501,2010-11-01,1191.23
16505,2011-11-01,777.6
16511,2010-03-01,1760.4900000000002
16515,2010-06-01,3179.06
16520,2010-03-01,2148.38
16525,2009-12-01,24151.3
16527,2010-10-01,1232.94
16528,2011-12-01,244.41
16540,2010-10-01,205.75
16546,2010-09-01,5307.07
16554,2009-12-01,2841.7199999999993
16556,2009-12-01,8012.580000000001
16558,2009-12-01,13304.109999999999
16562,2010-08-01,223.85999999999999
16568,2010-03-01,1020.9000000000001
16570,2010-03-01,7434.3099999999995
16572,2011-03-01,1009.5999999999999
16573,2011-02-01,663.61
16579,2010-10-01,295.05
16581,2011-06-01,105.84
16582,2011-08-01,313.62
16583,2010-02-01,297.95
16588,2010-05-01,1361.28
16595,2010-01-01,1757.7500000000002
16596,2009-12-01,458.98
16603,2011-09-01,482.47
16605,2009-12-01,60.48
16606,2010-10-01,357.66
16610,2011-05-01,75.66
16615,2010-03-01,291.5
16618,2011-01-01,2647.59
16620,2009-12-01,1758.93
16633,2011-04-01,2883.1
16637,2011-04-01,1154.47
16641,2010-01-01,554.5
16642,2010-10-01,1077.45
16643,2010-10-01,923.11
16645,2009-12-01,160.39
16651,2010-05-01,136.2
16657,2011-03-01,874.4300000000001
16658,2010-03-01,690.8300000000002
16665,2010-12-01,135.39999999999998
16667,2011-02-01,567.18
16677,2010-02-01,880.62
16681,2010-03-01,1921.84
16683,2010-06-01,320.25
16684,2009-12-01,147142.77000000002
16692,2010-09-01,1914.6999999999998
16694,2009-12-01,98.30000000000001
16700,2009-12-01,8830.77
16701,2009-12-01,9916.73
16702,2009-12-01,1110.83
16705,2009-12-01,43515.05100000002
16707,2010-03-01,533.41
16714,2010-02-01,1497.33
16727,2010-01-01,1377.77
16730,2011-01-01,743.11
16735,2009-12-01,6217.410000000002
16737,2010-05-01,835.1999999999999
16754,2010-03-01,65500.07
16756,2010-03-01,1312.3700000000001
16759,2011-11-01,789.79
16760,2010-10-01,228.0
16765,2010-11-01,454.75
16769,2009-12-01,1117.05
16772,2009-12-01,3698.05
16781,2010-02-01,623.0
16783,2010-09-01,391.95
16785,2010-10-01,533.78
16787,2010-01-01,1017.53
16791,2009-12-01,3957.63
16792,2010-01-01,623.46
16793,2011-10-01,243.84
16795,2010-01-01,2062.4100000000003
16796,2011-09-01,305.62
16800,2011-11-01,1162.65
16803,2011-10-01,332.3
16804,2011-03-01,536.99
16805,2009-12-01,1091.34
16807,2010-03-01,2123.88
16808,2011-03-01,288.42
16813,2011-05-01,1652.1799999999998
16814,2010-04-01,11924.85
16816,2010-12-01,417.06000000000006
16826,2011-10-01,341.7
16827,2010-04-01,392.13000000000005
16829,2010-11-01,513.32
16834,2010-02-01,898.96
16838,2010-02-01,1159.6100000000001
16839,2010-02-01,21758.250000000004
16841,2010-01-01,4006.0599999999995
16843,2009-12-01,19571.43
16846,2010-03-01,842.4100000000001
16859,2010-03-01,1932.4099999999999
16869,2011-06-01,817.12
16875,2010-01-01,4234.530000000001
16883,2009-12-01,2246.06
16884,2010-05-01,1070.97
16888,2010-01-01,434.2
16893,2010-11-01,249.89000000000001
16895,2010-02-01,1102.9
16896,2010-06-01,103.95
16901,2009-12-01,204.26
16902,2011-08-01,1706.88
16903,2010-10-01,1041.75
16904,2010-10-01,4675.360000000001
16911,2010-02-01,255.25000000000003
16913,2010-02-01,423.91
16915,2010-05-01,1543.18
16922,2010-05-01,611.08
16925,2010-06-01,125.65
16929,2011-07-01,1295.39
16930,2011-10-01,378.89
16933,2009-12-01,3099.3
16934,2010-03-01,2083.14
16935,2010-10-01,530.86
16945,2009-12-01,8548.160000000002
16953,2011-11-01,20.8
16955,2010-01-01,1120.31
16959,2011-09-01,117.35000000000001
16964,2009-12-01,207.85
16965,2011-04-01,201.19
16970,2010-03-01,71.4
16973,2010-11-01,127.0
16974,2010-05-01,365.5
16975,2010-07-01,926.12
16982,2011-10-01,384.06
16985,2009-12-01,10923.16
16992,2010-02-01,5476.500000000001
16993,2010-05-01,1950.95
16997,2011-01-01,702.0
17002,2010-03-01,2571.55
17005,2010-04-01,622.36
17007,2010-09-01,1120.1
17011,2010-02-01,671.6999999999999
17012,2009-12-01,360.61
17018,2009-12-01,2287.7
17020,2010-03-01,935.62
17022,2010-10-01,260.0
17028,2009-12-01,1593.83
17031,2010-05-01,2773.85
17032,2009-12-01,2984.32
17042,2011-04-01,1036.58
17046,2010-03-01,1906.0700000000002
17050,2010-01-01,4648.59
17065,2010-03-01,194.7
17066,2009-12-01,228.34
17068,2010-03-01,8987.680000000002
17075,2009-12-01,2236.63
17076,2009-12-01,1242.75
17077,2010-05-01,306.0
17080,2010-07-01,957.5300000000001
17083,2010-02-01,4049.79
17086,2011-10-01,2050.08
17089,2010-11-01,128.45
17090,2010-07-01,3080.18
17099,2010-06-01,582.17
17100,2011-11-01,971.74
17108,2010-02-01,174.95
17113,2010-01-01,2305.59
17115,2009-12-01,2761.4900000000002
17117,2011-02-01,116.19999999999999
17118,2011-01-01,157.02
17121,2010-11-01,314.74
17124,2011-06-01,294.24
17127,2009-12-01,1155.03
17128,2011-01-01,157.09
17133,2010-03-01,14622.330000000002
17134,2010-09-01,625.3
17135,2010-05-01,1722.18
17139,2010-01-01,19566.76
17140,2011-04-01,454.12
17143,2010-07-01,880.97
17154,2011-09-01,329.34
17156,2010-08-01,591.87
17170,2010-11-01,178.68
17171,2010-02-01,384.59000000000003
17176,2010-01-01,902.3199999999999
17178,2009-12-01,432.96
17182,2009-12-01,321.3
17188,2009-12-01,4592.929999999999
17190,2010-03-01,1726.57
17192,2010-06-01,75.28
17197,2011-11-01,1013.01
17201,2010-02-01,1143.1
17204,2010-06-01,5504.69
17210,2010-11-01,251.72
17211,2009-12-01,3773.35
17219,2010-10-01,259.13
17226,2010-02-01,895.47
17227,2010-01-01,1878.9299999999998
17230,2009-12-01,9388.49
17231,2009-12-01,7064.799999999999
17236,2010-03-01,1929.2600000000002
17241,2010-02-01,2736.6400000000003
17243,2009-12-01,20203.579999999994
17246,2009-12-01,38.92
17250,2011-03-01,381.97
17253,2011-11-01,178.26
17254,2010-11-01,469.48
17255,2010-09-01,781.7
17256,2010-04-01,498.93
17259,2010-02-01,1452.3899999999999
17260,2010-10-01,120.95
17264,2010-10-01,268.28
17266,2010-03-01,501.71999999999997
17267,2011-08-01,317.20000000000005
17272,2011-03-01,2148.63
17273,2010-10-01,141.12
17274,2010-11-01,573.22
17277,2011-01-01,1065.35
17278,2010-05-01,271.24
17298,2010-03-01,954.26
17302,2011-02-01,1135.63
17310,2010-06-01,1025.1
17321,2010-05-01,1665.21
17327,2010-05-01,152.35
17331,2011-08-01,175.2
17336,2010-08-01,81.12
17338,2010-03-01,11889.33
17340,2010-02-01,19617.95
17345,2009-12-01,1586.6299999999999
17349,2010-03-01,772.4100000000001
17355,2010-11-01,273.31
17356,2010-01-01,946.47
17358,2010-02-01,861.01
17362,2010-01-01,1024.04
17364,2009-12-01,11972.920000000002
17366,2010-09-01,1077.24
17367,2011-04-01,167.55
17372,2009-12-01,4347.31
17374,2010-11-01,727.1099999999999
17377,2009-12-01,17644.27
17388,2009-12-01,2675.37
17390,2010-10-01,149.3
17394,2011-05-01,203.86999999999998
17403,2010-09-01,382.87
17414,2009-12-01,2249.52
17417,2010-06-01,164.18
17418,2010-11-01,670.06
17421,2009-12-01,1059.41
17426,2010-02-01,8077.7699999999995
17427,2011-09-01,100.8
17430,2010-08-01,622.5699999999999
17440,2010-06-01,323.58
17450,2010-09-01,244784.24999999994
17453,2011-10-01,486.7199999999999
17456,2010-09-01,975.5600000000001
17460,2010-01-01,2157.9700000000003
17461,2011-11-01,735.82
17462,2011-02-01,675.6899999999999
17466,2011-09-01,763.28
17478,2010-03-01,1272.8000000000002
17480,2010-09-01,882.23
17481,2011-09-01,1255.5900000000001
17482,2010-05-01,775.6400000000001
17483,2010-10-01,591.73
17491,2010-04-01,5653.67
17498,2011-09-01,272.22
17500,2011-11-01,1138.0
17503,2011-11-01,558.96
17504,2010-02-01,9490.17
17509,2011-10-01,6083.64
17510,2010-10-01,514.56
17513,2010-08-01,1158.8000000000002
17514,2010-02-01,522.0
17527,2011-05-01,939.37
17530,2009-12-01,2791.69
17533,2010-10-01,34.8
17540,2010-04-01,1590.6000000000004
17541,2010-07-01,119.86
17554,2011-07-01,1952.4499999999996
17555,2010-05-01,1045.7399999999998
17565,2010-05-01,131.83
17568,2010-03-01,374.45
17569,2011-01-01,344.14
17592,2009-12-01,148.3
17594,2010-04-01,2497.88
17595,2011-11-01,386.69
17597,2010-05-01,3484.09
17603,2009-12-01,1788.3800000000003
17604,2010-01-01,942.3800000000001
17607,2010-11-01,333.81
17612,2009-12-01,5394.860000000001
17616,2010-09-01,734.3999999999999
17639,2010-08-01,615.1700000000001
17640,2010-03-01,3168.94
17644,2010-02-01,6028.600000000001
17647,2010-02-01,331.65999999999997
17649,2010-08-01,1578.8899999999999
17655,2010-10-01,2976.38
17656,2011-08-01,1674.69
17657,2010-10-01,126.0
17665,2010-08-01,563.1
17673,2010-03-01,4173.88
17680,2010-07-01,497.45000000000005
17690,2010-02-01,6963.799999999998
17691,2010-06-01,637.55
17693,2011-07-01,200.47
17701,2011-04-01,417.95
17702,2010-11-01,3144.04
17706,2010-01-01,20272.15
17707,2009-12-01,609.3000000000001
17720,2010-05-01,2666.91
17721,2010-02-01,307.21000000000004
17727,2011-11-01,1060.25
17734,2010-03-01,1442.3200000000002
17736,2011-08-01,377.44
17737,2011-10-01,168.24
17742,2009-12-01,2098.48
17743,2010-09-01,229.2
17745,2010-06-01,600.34
17754,2009-12-01,4451.22
17763,2010-02-01,86.15
17765,2010-09-01,524.0
17769,2010-01-01,7053.379999999999
17779,2011-07-01,650.3199999999999
17787,2010-12-01,1817.54
17790,2010-06-01,2779.41
17796,2010-10-01,1236.39
17798,2010-05-01,178.07
17801,2010-01-01,770.03
17805,2010-04-01,927.03
17806,2011-11-01,546.04
17812,2010-06-01,911.99
17814,2010-10-01,1609.37
17821,2010-10-01,334.62
17824,2011-10-01,298.4
17826,2010-11-01,133.34
17827,2010-03-01,2376.17
17835,2011-11-01,342.24
17836,2011-10-01,110.21000000000001
17845,2010-05-01,596.09
17850,2009-12-01,51208.869999999966
17851,2009-12-01,1552.3499999999997
17855,2010-12-01,208.97
17858,2009-12-01,12518.649999999998
17860,2009-12-01,717.39
17861,2009-12-01,5088.29
17862,2010-05-01,1254.89
17863,2010-02-01,5360.48
17865,2009-12-01,26312.190000000006
17866,2009-12-01,1134.95
17872,2010-11-01,235.87
17877,2011-06-01,237.61
17882,2010-11-01,291.56
17884,2009-12-01,2698.4700000000003
17889,2010-03-01,746.42
17890,2010-12-01,586.89
17891,2011-06-01,203.85999999999999
17895,2011-10-01,95.45
17899,2011-07-01,154.55
17900,2011-06-01,112.19999999999999
17907,2010-03-01,291.76
17910,2009-12-01,261.7
17911,2011-11-01,366.23
17912,2010-11-01,374.55
17913,2009-12-01,3429.29
17917,2010-12-01,335.03
17921,2010-07-01,2394.3600000000006
17924,2010-10-01,3257.7000000000003
17925,2010-12-01,244.08
17929,2009-12-01,3082.1
17936,2011-12-01,380.13
17944,2010-10-01,74.99
17949,2009-12-01,117314.07999999997
17952,2010-06-01,788.46
17954,2009-12-01,3804.3800000000006
17965,2009-12-01,7006.6500000000015
17966,2010-01-01,1963.92
17967,2010-10-01,223.42
17968,2010-07-01,590.44
17975,2010-08-01,6696.329999999999
17980,2010-11-01,1012.72
17986,2011-10-01,20.8
17991,2010-04-01,300.3
17993,2010-04-01,225.99
17996,2010-06-01,482.33
18000,2010-05-01,124.25
18005,2011-10-01,226.47
18006,2009-12-01,969.51
18007,2010-11-01,215.22
18009,2010-02-01,2144.23
18010,2011-03-01,174.8
18013,2011-07-01,187.29000000000002
18020,2010-06-01,190.48000000000002
18021,2010-07-01,216.41
18024,2011-07-01,389.78
18027,2011-09-01,115.31
18035,2010-11-01,1260.2299999999998
18036,2009-12-01,1545.4900000000002
18040,2011-04-01,357.2
18043,2010-12-01,529.2900000000001
18044,2010-05-01,3505.61
18057,2010-01-01,1188.46
18058,2010-02-01,774.06
18064,2010-02-01,4481.83
18066,2010-10-01,1440.4
18076,2010-11-01,151.49
18078,2010-03-01,725.53
18079,2010-08-01,4203.929999999999
18080,2011-04-01,1231.5
18083,2010-11-01,463.53
18085,2010-03-01,1341.8500000000001
18090,2010-10-01,321.9
18091,2010-04-01,360.85
18097,2009-12-01,4627.92
18101,2010-02-01,622.01
18102,2009-12-01,580987.0399999999
18104,2011-11-01,754.64
18105,2011-11-01,113.48000000000002
18110,2010-10-01,392.28000000000003
18121,2011-07-01,653.3
18124,2010-08-01,102.65
18126,2011-10-01,200.92000000000002
18131,2010-03-01,222.95999999999998
18132,2010-07-01,220.13
18140,2010-08-01,536.41
18144,2009-12-01,4892.95
18146,2011-05-01,160.35000000000002
18152,2010-03-01,426.69
18160,2010-11-01,1003.88
18164,2011-11-01,399.65000000000003
18171,2010-01-01,2437.31
18173,2010-04-01,2696.36
18174,2010-04-01,162.5
18175,2010-02-01,176.1
18177,2009-12-01,2216.32
18178,2010-02-01,6103.74
18181,2009-12-01,1188.3400000000001
18183,2011-03-01,632.07
18187,2010-03-01,724.89
18189,2010-03-01,1403.73
18195,2010-11-01,101.16
18197,2010-05-01,230.1
18200,2011-08-01,150.35
18206,2010-06-01,314.65999999999997
18214,2010-06-01,1780.3400000000001
18215,2010-03-01,2232.4900000000002
18236,2010-04-01,1795.3500000000001
18238,2010-07-01,270.92
18251,2009-12-01,26278.86
18252,2009-12-01,1533.69
18254,2010-05-01,267.9
18257,2010-02-01,4600.150000000001
18260,2009-12-01,9947.259999999998
18264,2010-07-01,603.25
18265,2011-07-01,801.51
18268,2009-12-01,1490.23
18275,2009-12-01,741.85
18281,2010-05-01,201.14
18284,2010-10-01,461.68
18286,2009-12-01,1296.43
