timeline,First observed Jul-Dec,First observed Jul-Dec_lower_0.95,First observed Jul-Dec_upper_0.95
-0.5111111111111111,1.0,1.0,1.0
0.45069444444444445,1.0,1.0,1.0
0.5430555555555555,1.0,1.0,1.0
0.5604166666666667,1.0,1.0,1.0
1.4861111111111112,1.0,1.0,1.0
1.4902777777777778,1.0,1.0,1.0
2.279166666666667,1.0,1.0,1.0
2.3097222222222222,1.0,1.0,1.0
2.401388888888889,1.0,1.0,1.0
2.46875,1.0,1.0,1.0
2.501388888888889,1.0,1.0,1.0
2.5208333333333335,1.0,1.0,1.0
2.5861111111111112,1.0,1.0,1.0
3.3,1.0,1.0,1.0
3.341666666666667,1.0,1.0,1.0
3.3444444444444446,1.0,1.0,1.0
3.3826388888888888,1.0,1.0,1.0
4.436111111111111,1.0,1.0,1.0
4.490277777777778,1.0,1.0,1.0
6.3381944444444445,1.0,1.0,1.0
6.433333333333334,1.0,1.0,1.0
6.450694444444444,1.0,1.0,1.0
6.467361111111111,1.0,1.0,1.0
6.552083333333333,1.0,1.0,1.0
6.554861111111111,1.0,1.0,1.0
7.366666666666666,1.0,1.0,1.0
7.381944444444445,1.0,1.0,1.0
7.527777777777778,1.0,1.0,1.0
8.380555555555556,1.0,1.0,1.0
8.414583333333333,1.0,1.0,1.0
8.473611111111111,1.0,1.0,1.0
9.347916666666666,1.0,1.0,1.0
9.36875,1.0,1.0,1.0
9.379861111111111,1.0,1.0,1.0
9.455555555555556,1.0,1.0,1.0
9.590277777777779,1.0,1.0,1.0
9.591666666666667,1.0,1.0,1.0
9.652083333333334,1.0,1.0,1.0
9.656944444444445,1.0,1.0,1.0
9.661805555555556,1.0,1.0,1.0
10.355555555555556,1.0,1.0,1.0
10.408333333333333,1.0,1.0,1.0
10.4125,1.0,1.0,1.0
10.419444444444444,1.0,1.0,1.0
10.440277777777778,1.0,1.0,1.0
10.44375,1.0,1.0,1.0
10.490277777777777,1.0,1.0,1.0
11.314583333333333,1.0,1.0,1.0
11.38888888888889,1.0,1.0,1.0
11.502083333333333,1.0,1.0,1.0
13.435416666666667,1.0,1.0,1.0
13.4375,1.0,1.0,1.0
13.483333333333333,1.0,1.0,1.0
13.540277777777778,1.0,1.0,1.0
13.609027777777778,1.0,1.0,1.0
14.2875,1.0,1.0,1.0
14.355555555555556,1.0,1.0,1.0
14.360416666666667,1.0,1.0,1.0
14.38125,1.0,1.0,1.0
14.430555555555555,1.0,1.0,1.0
14.477083333333333,1.0,1.0,1.0
14.556944444444444,1.0,1.0,1.0
15.663194444444445,1.0,1.0,1.0
16.278472222222224,1.0,1.0,1.0
16.300694444444446,1.0,1.0,1.0
16.37013888888889,1.0,1.0,1.0
16.375,1.0,1.0,1.0
16.386805555555554,1.0,1.0,1.0
16.402083333333334,1.0,1.0,1.0
16.508333333333333,1.0,1.0,1.0
16.529166666666665,1.0,1.0,1.0
16.59513888888889,1.0,1.0,1.0
16.627777777777776,1.0,1.0,1.0
16.648611111111112,1.0,1.0,1.0
17.308333333333334,1.0,1.0,1.0
17.382638888888888,1.0,1.0,1.0
17.40486111111111,1.0,1.0,1.0
17.4125,1.0,1.0,1.0
17.459027777777777,1.0,1.0,1.0
17.474305555555556,1.0,1.0,1.0
17.55,1.0,1.0,1.0
17.564583333333335,1.0,1.0,1.0
17.568055555555556,1.0,1.0,1.0
17.627083333333335,1.0,1.0,1.0
18.32847222222222,1.0,1.0,1.0
18.38888888888889,1.0,1.0,1.0
18.40486111111111,1.0,1.0,1.0
18.425,1.0,1.0,1.0
18.430555555555557,1.0,1.0,1.0
18.5375,1.0,1.0,1.0
18.558333333333334,1.0,1.0,1.0
20.380555555555556,1.0,1.0,1.0
20.460416666666667,1.0,1.0,1.0
20.507638888888888,1.0,1.0,1.0
20.53472222222222,1.0,1.0,1.0
20.554166666666667,1.0,1.0,1.0
21.30625,1.0,1.0,1.0
21.331944444444446,1.0,1.0,1.0
21.369444444444444,1.0,1.0,1.0
21.4,1.0,1.0,1.0
21.45347222222222,1.0,1.0,1.0
21.486805555555556,1.0,1.0,1.0
22.3125,1.0,1.0,1.0
22.417361111111113,1.0,1.0,1.0
22.447222222222223,1.0,1.0,1.0
22.50347222222222,1.0,1.0,1.0
22.647222222222222,1.0,1.0,1.0
23.313194444444445,1.0,1.0,1.0
23.32777777777778,1.0,1.0,1.0
23.425,1.0,1.0,1.0
23.429166666666667,1.0,1.0,1.0
23.460416666666667,1.0,1.0,1.0
23.55,1.0,1.0,1.0
23.60902777777778,1.0,1.0,1.0
23.610416666666666,1.0,1.0,1.0
24.26388888888889,1.0,1.0,1.0
24.3625,1.0,1.0,1.0
24.4,1.0,1.0,1.0
24.400694444444444,1.0,1.0,1.0
24.422916666666666,1.0,1.0,1.0
24.429166666666667,1.0,1.0,1.0
24.46736111111111,1.0,1.0,1.0
24.46875,1.0,1.0,1.0
24.491666666666667,1.0,1.0,1.0
24.523611111111112,1.0,1.0,1.0
24.527083333333334,1.0,1.0,1.0
25.335416666666667,1.0,1.0,1.0
25.354861111111113,1.0,1.0,1.0
25.364583333333332,1.0,1.0,1.0
25.486805555555556,1.0,1.0,1.0
25.50625,1.0,1.0,1.0
27.340972222222224,1.0,1.0,1.0
27.355555555555554,1.0,1.0,1.0
27.381944444444443,1.0,1.0,1.0
27.408333333333335,1.0,1.0,1.0
27.468055555555555,1.0,1.0,1.0
27.469444444444445,1.0,1.0,1.0
27.49513888888889,1.0,1.0,1.0
27.625694444444445,1.0,1.0,1.0
28.30625,1.0,1.0,1.0
28.314583333333335,1.0,1.0,1.0
28.372222222222224,1.0,1.0,1.0
28.389583333333334,1.0,1.0,1.0
28.460416666666667,1.0,1.0,1.0
28.49375,1.0,1.0,1.0
28.499305555555555,1.0,1.0,1.0
28.50486111111111,1.0,1.0,1.0
28.510416666666668,1.0,1.0,1.0
28.56111111111111,1.0,1.0,1.0
28.619444444444444,1.0,1.0,1.0
29.259027777777778,1.0,1.0,1.0
29.284027777777776,1.0,1.0,1.0
29.289583333333333,1.0,1.0,1.0
29.3375,1.0,1.0,1.0
29.35,1.0,1.0,1.0
29.367361111111112,1.0,1.0,1.0
29.375694444444445,1.0,1.0,1.0
29.425694444444446,1.0,1.0,1.0
29.440277777777776,1.0,1.0,1.0
29.476388888888888,1.0,1.0,1.0
29.55,1.0,1.0,1.0
29.620833333333334,1.0,1.0,1.0
30.285416666666666,1.0,1.0,1.0
30.29513888888889,1.0,1.0,1.0
30.34375,1.0,1.0,1.0
30.490277777777777,1.0,1.0,1.0
30.52777777777778,1.0,1.0,1.0
31.2875,1.0,1.0,1.0
31.308333333333334,1.0,1.0,1.0
31.340972222222224,1.0,1.0,1.0
31.34722222222222,1.0,1.0,1.0
31.56736111111111,1.0,1.0,1.0
32.36875,1.0,1.0,1.0
32.37430555555556,1.0,1.0,1.0
32.37777777777778,1.0,1.0,1.0
32.38194444444444,1.0,1.0,1.0
32.421527777777776,1.0,1.0,1.0
32.446527777777774,1.0,1.0,1.0
32.47152777777778,1.0,1.0,1.0
32.482638888888886,1.0,1.0,1.0
32.52430555555556,1.0,1.0,1.0
32.52638888888889,1.0,1.0,1.0
32.56041666666667,1.0,1.0,1.0
34.390972222222224,1.0,1.0,1.0
34.454861111111114,1.0,1.0,1.0
34.47083333333333,1.0,1.0,1.0
34.576388888888886,1.0,1.0,1.0
35.21597222222222,1.0,1.0,1.0
35.294444444444444,1.0,1.0,1.0
35.31388888888889,1.0,1.0,1.0
35.322916666666664,1.0,1.0,1.0
35.35625,1.0,1.0,1.0
35.39375,1.0,1.0,1.0
35.574305555555554,1.0,1.0,1.0
35.58125,1.0,1.0,1.0
36.28541666666667,1.0,1.0,1.0
36.32013888888889,1.0,1.0,1.0
36.39513888888889,1.0,1.0,1.0
36.41180555555555,1.0,1.0,1.0
36.44027777777778,1.0,1.0,1.0
36.454861111111114,1.0,1.0,1.0
36.45763888888889,1.0,1.0,1.0
36.46111111111111,1.0,1.0,1.0
36.49722222222222,1.0,1.0,1.0
36.49791666666667,1.0,1.0,1.0
36.52569444444445,1.0,1.0,1.0
36.52777777777778,1.0,1.0,1.0
36.55555555555556,1.0,1.0,1.0
36.63611111111111,1.0,1.0,1.0
37.37083333333333,1.0,1.0,1.0
37.385416666666664,1.0,1.0,1.0
37.46875,1.0,1.0,1.0
37.482638888888886,1.0,1.0,1.0
37.4875,1.0,1.0,1.0
37.53333333333333,1.0,1.0,1.0
37.58958333333333,1.0,1.0,1.0
37.61527777777778,1.0,1.0,1.0
38.31666666666667,1.0,1.0,1.0
38.49236111111111,1.0,1.0,1.0
38.544444444444444,1.0,1.0,1.0
38.60069444444444,1.0,1.0,1.0
38.62777777777778,1.0,1.0,1.0
39.325,1.0,1.0,1.0
39.334722222222226,1.0,1.0,1.0
39.33680555555556,1.0,1.0,1.0
39.34027777777778,1.0,1.0,1.0
39.36944444444445,1.0,1.0,1.0
39.39375,1.0,1.0,1.0
39.41319444444444,1.0,1.0,1.0
39.454166666666666,1.0,1.0,1.0
39.50277777777778,1.0,1.0,1.0
39.517361111111114,1.0,1.0,1.0
41.27291666666667,1.0,1.0,1.0
41.36805555555556,1.0,1.0,1.0
41.420138888888886,1.0,1.0,1.0
41.56458333333333,1.0,1.0,1.0
41.583333333333336,1.0,1.0,1.0
41.61666666666667,1.0,1.0,1.0
42.31180555555556,1.0,1.0,1.0
42.31736111111111,1.0,1.0,1.0
42.36875,1.0,1.0,1.0
42.37777777777778,1.0,1.0,1.0
42.421527777777776,1.0,1.0,1.0
42.43541666666667,1.0,1.0,1.0
42.50347222222222,1.0,1.0,1.0
42.53472222222222,1.0,1.0,1.0
42.55486111111111,1.0,1.0,1.0
43.291666666666664,1.0,1.0,1.0
43.31875,1.0,1.0,1.0
43.34444444444444,1.0,1.0,1.0
43.42638888888889,1.0,1.0,1.0
43.43958333333333,1.0,1.0,1.0
43.46805555555556,1.0,1.0,1.0
43.480555555555554,1.0,1.0,1.0
43.49791666666667,1.0,1.0,1.0
43.5875,1.0,1.0,1.0
44.361805555555556,1.0,1.0,1.0
44.37222222222222,1.0,1.0,1.0
44.41041666666667,1.0,1.0,1.0
44.42638888888889,1.0,1.0,1.0
44.453472222222224,1.0,1.0,1.0
44.454861111111114,1.0,1.0,1.0
44.486111111111114,1.0,1.0,1.0
44.522222222222226,1.0,1.0,1.0
44.56458333333333,1.0,1.0,1.0
45.34513888888889,1.0,1.0,1.0
45.361805555555556,1.0,1.0,1.0
45.454166666666666,1.0,1.0,1.0
45.50416666666667,1.0,1.0,1.0
45.51875,1.0,1.0,1.0
45.62569444444444,1.0,1.0,1.0
46.324305555555554,1.0,1.0,1.0
46.384027777777774,1.0,1.0,1.0
46.388888888888886,1.0,1.0,1.0
46.451388888888886,1.0,1.0,1.0
46.5125,1.0,1.0,1.0
48.39652777777778,1.0,1.0,1.0
48.449305555555554,1.0,1.0,1.0
48.46111111111111,1.0,1.0,1.0
48.46388888888889,1.0,1.0,1.0
48.511805555555554,1.0,1.0,1.0
48.53611111111111,1.0,1.0,1.0
48.59027777777778,1.0,1.0,1.0
48.62222222222222,1.0,1.0,1.0
49.28263888888889,1.0,1.0,1.0
49.388194444444444,1.0,1.0,1.0
49.43263888888889,1.0,1.0,1.0
49.50625,1.0,1.0,1.0
49.576388888888886,1.0,1.0,1.0
49.59722222222222,1.0,1.0,1.0
50.388194444444444,1.0,1.0,1.0
50.40694444444444,1.0,1.0,1.0
50.41319444444444,1.0,1.0,1.0
50.4625,1.0,1.0,1.0
50.49305555555556,1.0,1.0,1.0
50.55694444444445,1.0,1.0,1.0
50.55833333333333,1.0,1.0,1.0
50.55972222222222,1.0,1.0,1.0
50.579861111111114,1.0,1.0,1.0
50.58402777777778,1.0,1.0,1.0
50.59166666666667,1.0,1.0,1.0
50.6125,1.0,1.0,1.0
50.65277777777778,1.0,1.0,1.0
51.384027777777774,1.0,1.0,1.0
51.416666666666664,1.0,1.0,1.0
51.45,1.0,1.0,1.0
51.455555555555556,1.0,1.0,1.0
51.50347222222222,1.0,1.0,1.0
51.581944444444446,1.0,1.0,1.0
52.359722222222224,1.0,1.0,1.0
52.39652777777778,1.0,1.0,1.0
52.40694444444444,1.0,1.0,1.0
52.44097222222222,1.0,1.0,1.0
52.46527777777778,1.0,1.0,1.0
52.47708333333333,1.0,1.0,1.0
52.49722222222222,1.0,1.0,1.0
53.35625,1.0,1.0,1.0
53.365972222222226,1.0,1.0,1.0
53.392361111111114,1.0,1.0,1.0
53.49375,1.0,1.0,1.0
53.5375,1.0,1.0,1.0
55.40138888888889,1.0,1.0,1.0
55.424305555555556,1.0,1.0,1.0
55.46041666666667,1.0,1.0,1.0
55.55694444444445,1.0,1.0,1.0
55.60069444444444,1.0,1.0,1.0
56.321527777777774,1.0,1.0,1.0
56.33263888888889,1.0,1.0,1.0
56.334722222222226,1.0,1.0,1.0
56.36944444444445,1.0,1.0,1.0
56.40416666666667,1.0,1.0,1.0
56.418055555555554,1.0,1.0,1.0
56.46527777777778,1.0,1.0,1.0
56.46805555555556,1.0,1.0,1.0
56.50138888888889,1.0,1.0,1.0
56.604166666666664,1.0,1.0,1.0
57.291666666666664,1.0,1.0,1.0
57.3875,1.0,1.0,1.0
57.44861111111111,1.0,1.0,1.0
57.52638888888889,1.0,1.0,1.0
57.53611111111111,1.0,1.0,1.0
58.37291666666667,1.0,1.0,1.0
58.38055555555555,1.0,1.0,1.0
58.38125,1.0,1.0,1.0
58.46597222222222,1.0,1.0,1.0
58.49444444444445,1.0,1.0,1.0
58.53958333333333,1.0,1.0,1.0
58.55625,1.0,1.0,1.0
58.58819444444445,1.0,1.0,1.0
58.611805555555556,1.0,1.0,1.0
59.291666666666664,1.0,1.0,1.0
59.329166666666666,1.0,1.0,1.0
59.415277777777774,1.0,1.0,1.0
59.420138888888886,1.0,1.0,1.0
59.45902777777778,1.0,1.0,1.0
59.46388888888889,1.0,1.0,1.0
59.479166666666664,1.0,1.0,1.0
59.480555555555554,1.0,1.0,1.0
59.484027777777776,1.0,1.0,1.0
59.486805555555556,1.0,1.0,1.0
59.4875,1.0,1.0,1.0
59.515972222222224,1.0,1.0,1.0
59.59652777777778,1.0,1.0,1.0
59.62430555555556,1.0,1.0,1.0
59.65069444444445,1.0,1.0,1.0
60.34722222222222,1.0,1.0,1.0
60.358333333333334,1.0,1.0,1.0
60.38333333333333,1.0,1.0,1.0
60.395833333333336,1.0,1.0,1.0
60.42777777777778,1.0,1.0,1.0
60.42986111111111,1.0,1.0,1.0
60.43888888888889,1.0,1.0,1.0
60.44375,1.0,1.0,1.0
60.450694444444444,1.0,1.0,1.0
60.46597222222222,1.0,1.0,1.0
60.519444444444446,1.0,1.0,1.0
62.34375,1.0,1.0,1.0
62.446527777777774,1.0,1.0,1.0
62.44861111111111,1.0,1.0,1.0
62.46597222222222,1.0,1.0,1.0
62.47361111111111,1.0,1.0,1.0
62.511805555555554,1.0,1.0,1.0
62.52638888888889,1.0,1.0,1.0
62.55277777777778,1.0,1.0,1.0
62.56805555555555,1.0,1.0,1.0
62.59583333333333,1.0,1.0,1.0
62.59861111111111,1.0,1.0,1.0
62.611805555555556,1.0,1.0,1.0
62.62847222222222,1.0,1.0,1.0
62.63263888888889,1.0,1.0,1.0
63.24444444444445,1.0,1.0,1.0
63.272222222222226,1.0,1.0,1.0
63.28611111111111,1.0,1.0,1.0
63.290277777777774,1.0,1.0,1.0
63.34166666666667,1.0,1.0,1.0
63.355555555555554,1.0,1.0,1.0
63.386805555555554,1.0,1.0,1.0
63.390972222222224,1.0,1.0,1.0
63.41736111111111,1.0,1.0,1.0
63.42916666666667,1.0,1.0,1.0
63.44444444444444,1.0,1.0,1.0
63.484722222222224,1.0,1.0,1.0
63.552083333333336,1.0,1.0,1.0
63.55277777777778,1.0,1.0,1.0
63.605555555555554,1.0,1.0,1.0
63.64930555555556,1.0,1.0,1.0
64.27222222222223,1.0,1.0,1.0
64.33888888888889,1.0,1.0,1.0
64.34097222222222,1.0,1.0,1.0
64.38194444444444,1.0,1.0,1.0
64.38402777777777,1.0,1.0,1.0
64.3875,1.0,1.0,1.0
64.39722222222223,1.0,1.0,1.0
64.42083333333333,1.0,1.0,1.0
64.49861111111112,1.0,1.0,1.0
64.50486111111111,1.0,1.0,1.0
64.55763888888889,1.0,1.0,1.0
65.37638888888888,1.0,1.0,1.0
65.37986111111111,1.0,1.0,1.0
65.42916666666666,1.0,1.0,1.0
65.46180555555556,1.0,1.0,1.0
65.47013888888888,1.0,1.0,1.0
65.51666666666667,1.0,1.0,1.0
65.56041666666667,1.0,1.0,1.0
65.57291666666667,1.0,1.0,1.0
66.38055555555556,1.0,1.0,1.0
66.41319444444444,1.0,1.0,1.0
66.51666666666667,1.0,1.0,1.0
66.55694444444444,1.0,1.0,1.0
66.57083333333334,1.0,1.0,1.0
66.60416666666667,1.0,1.0,1.0
67.37013888888889,1.0,1.0,1.0
67.39930555555556,1.0,1.0,1.0
67.4576388888889,1.0,1.0,1.0
67.55347222222223,1.0,1.0,1.0
69.33888888888889,1.0,1.0,1.0
69.37847222222223,1.0,1.0,1.0
69.4125,1.0,1.0,1.0
69.43888888888888,1.0,1.0,1.0
69.49791666666667,1.0,1.0,1.0
69.50972222222222,1.0,1.0,1.0
69.54722222222222,1.0,1.0,1.0
69.55277777777778,1.0,1.0,1.0
70.22916666666667,1.0,1.0,1.0
70.24097222222223,1.0,1.0,1.0
70.26805555555555,1.0,1.0,1.0
70.30694444444444,1.0,1.0,1.0
70.33541666666666,1.0,1.0,1.0
70.34722222222223,1.0,1.0,1.0
70.43194444444444,1.0,1.0,1.0
70.44652777777777,1.0,1.0,1.0
70.44930555555555,1.0,1.0,1.0
70.45555555555555,1.0,1.0,1.0
70.47291666666666,1.0,1.0,1.0
70.5201388888889,1.0,1.0,1.0
70.52152777777778,1.0,1.0,1.0
70.57638888888889,1.0,1.0,1.0
70.58819444444444,1.0,1.0,1.0
71.30208333333333,1.0,1.0,1.0
71.33055555555555,1.0,1.0,1.0
71.35347222222222,1.0,1.0,1.0
71.37013888888889,1.0,1.0,1.0
71.44652777777777,1.0,1.0,1.0
71.50833333333334,1.0,1.0,1.0
71.57083333333334,1.0,1.0,1.0
72.39097222222222,1.0,1.0,1.0
72.43194444444444,1.0,1.0,1.0
72.56944444444444,1.0,1.0,1.0
73.34513888888888,1.0,1.0,1.0
73.35069444444444,1.0,1.0,1.0
73.37916666666666,1.0,1.0,1.0
73.38333333333334,1.0,1.0,1.0
73.41527777777777,1.0,1.0,1.0
73.49861111111112,1.0,1.0,1.0
73.64027777777778,1.0,1.0,1.0
74.33402777777778,1.0,1.0,1.0
74.35069444444444,1.0,1.0,1.0
74.35763888888889,1.0,1.0,1.0
74.39166666666667,1.0,1.0,1.0
74.41111111111111,1.0,1.0,1.0
74.42916666666666,1.0,1.0,1.0
74.4375,1.0,1.0,1.0
74.47083333333333,1.0,1.0,1.0
74.48263888888889,1.0,1.0,1.0
74.51388888888889,1.0,1.0,1.0
74.51458333333333,1.0,1.0,1.0
74.51875,1.0,1.0,1.0
74.55972222222222,1.0,1.0,1.0
76.36111111111111,1.0,1.0,1.0
76.36319444444445,1.0,1.0,1.0
76.40208333333334,1.0,1.0,1.0
76.41319444444444,1.0,1.0,1.0
76.42777777777778,1.0,1.0,1.0
76.48125,1.0,1.0,1.0
76.49305555555556,1.0,1.0,1.0
76.56527777777778,1.0,1.0,1.0
76.58888888888889,1.0,1.0,1.0
76.59444444444445,1.0,1.0,1.0
77.0,0.46912650602409645,0.4500305991886572,0.4879760952407523
77.00069444444445,0.4649849397590364,0.44590446111727394,0.4838290116544942
77.00138888888888,0.4612198795180722,0.44215457124765334,0.4800578023364761
77.00208333333333,0.45896084337349385,0.43990516144351566,0.4777945579034916
77.00277777777778,0.45745481927710846,0.438405773558897,0.47628551184675466
77.00347222222223,0.45632530120481923,0.4372813475343562,0.47515361358548863
77.00416666666666,0.4551957831325301,0.43615702005225826,0.47402161778909213
77.00486111111111,0.4548192771084339,0.43578226613376464,0.47364426417260386
77.00555555555556,0.45406626506024117,0.4350327911739158,0.4728895244001262
77.00625,0.4521837349397591,0.43315929566768796,0.4710024850518504
77.00694444444444,0.45105421686746994,0.43203533004451566,0.46987013112333376
77.00763888888889,0.45030120481927705,0.43128607453717294,0.46911517416574916
77.00833333333334,0.4495481927710845,0.4305368629799431,0.46836017371505534
77.00902777777777,0.44766566265060237,0.4286640265046441,0.46647248217772597
77.00972222222222,0.44728915662650626,0.42828949221661655,0.4660949112085112
77.01041666666667,0.4461596385542167,0.427165955415122,0.4649621329315447
77.0111111111111,0.4457831325301205,0.42679146517797356,0.46458451837413256
77.01180555555555,0.4454066265060242,0.42641698596045996,0.4642068929131344
77.01388888888889,0.44427710843373486,0.42529361445389097,0.46307395108198046
77.01458333333333,0.44390060240963874,0.42491917934318096,0.4626962819798968
77.01805555555555,0.4435240963855422,0.4245447552663383,0.4623186019607566
77.02152777777778,0.4431475903614457,0.42417034222627065,0.46194091102180673
77.02847222222222,0.44277108433734946,0.4237959402259059,0.46156320916027394
77.03541666666666,0.44239457831325313,0.4234215492681914,0.46118549637336415
77.0375,0.44201807228915685,0.42304716935609554,0.460807772658264
77.05,0.44164156626506046,0.4226728004926066,0.4604300380121398
77.05902777777777,0.44126506024096374,0.42229844268073324,0.4600522924321376
77.08472222222223,0.44088855421686746,0.4219240959235056,0.4596745359153845
77.18333333333334,0.4405120481927713,0.42154976022397306,0.4592967684589865
77.30763888888889,0.4405120481927713,0.42154976022397306,0.4592967684589865
77.34722222222223,0.4405120481927713,0.42154976022397306,0.4592967684589865
77.37291666666667,0.4405120481927713,0.42154976022397306,0.4592967684589865
77.37777777777778,0.4405120481927713,0.42154976022397306,0.4592967684589865
77.40763888888888,0.4405120481927713,0.42154976022397306,0.4592967684589865
77.42291666666667,0.4405120481927713,0.42154976022397306,0.4592967684589865
77.51388888888889,0.4405120481927713,0.42154976022397306,0.4592967684589865
77.55069444444445,0.4405120481927713,0.42154976022397306,0.4592967684589865
77.58819444444444,0.4405120481927713,0.42154976022397306,0.4592967684589865
77.60208333333334,0.4405120481927713,0.42154976022397306,0.4592967684589865
77.6138888888889,0.4405120481927713,0.42154976022397306,0.4592967684589865
77.72083333333333,0.440131968772415,0.4211717437413163,0.4589155411596826
77.87152777777777,0.43975188935205917,0.42079373876265747,0.45853430250732014
77.9125,0.43937180993170305,0.42041574529097636,0.45815305249902305
77.91597222222222,0.4389917305113467,0.42003776332927534,0.4577717911318945
78.02986111111112,0.43861165109099076,0.4196597928805797,0.4573905184030168
78.13680555555555,0.4382315716706344,0.41928183394793517,0.45700923430944906
78.24583333333334,0.4378514922502785,0.41890388653441135,0.45662793884823066
78.33541666666666,0.4378514922502785,0.41890388653441135,0.45662793884823066
78.36458333333333,0.4378514922502785,0.41890388653441135,0.45662793884823066
78.43541666666667,0.4378514922502785,0.41890388653441135,0.45662793884823066
78.55,0.4378514922502785,0.41890388653441135,0.45662793884823066
78.77430555555556,0.43747008851138486,0.4185245820305773,0.45624535425851936
79.11875,0.4370886847724909,0.418145289218679,0.4558627581409005
79.20347222222222,0.43670728103359696,0.417766008101801,0.4554801504923791
79.225,0.4363258772947028,0.4173867386830502,0.4550975313099374
79.41666666666667,0.4363258772947028,0.4173867386830502,0.4550975313099374
79.4875,0.4363258772947028,0.4173867386830502,0.4550975313099374
79.67013888888889,0.4359438055982975,0.41700679060879164,0.4547142561840646
79.81111111111112,0.43556173390189246,0.41662685432372804,0.45433096943966533
79.87430555555555,0.435179662205487,0.41624692983100836,0.45394767107367046
79.89027777777778,0.43479759050908195,0.4158670171338063,0.45356436108298964
79.94236111111111,0.43441551881267687,0.41548711623531775,0.453181039464509
80.09930555555556,0.4340334471162718,0.41510722713876197,0.45279770621509197
80.15069444444444,0.4336513754198666,0.41472734984738185,0.45241436133157953
80.42569444444445,0.4336513754198666,0.41472734984738185,0.45241436133157953
80.49930555555555,0.4336513754198666,0.41472734984738185,0.45241436133157953
80.57291666666667,0.4336513754198666,0.41472734984738185,0.45241436133157953
80.85416666666667,0.4332682911659622,0.4143464378852032,0.4520300279472864
81.0111111111111,0.43288520691205734,0.41396553786436474,0.4516456828024813
81.12222222222222,0.4325021226581529,0.41358464978814125,0.4512613258939611
81.43680555555555,0.4325021226581529,0.41358464978814125,0.4512613258939611
81.43819444444445,0.4325021226581529,0.41358464978814125,0.4512613258939611
81.5201388888889,0.4325021226581529,0.41358464978814125,0.4512613258939611
81.7611111111111,0.4321180177534831,0.4132027186941054,0.45087597267836405
81.89652777777778,0.4317339128488132,0.4128207996831023,0.4504906075705193
81.93541666666667,0.4313498079441434,0.41243889275843815,0.4501052305671776
81.98125,0.4309657030394736,0.41205699792344325,0.4497198416650659
82.02708333333334,0.430581598134804,0.4116751151814729,0.44933444086088775
82.03333333333333,0.4301974932301342,0.4112932445359061,0.44894902815132204
82.05,0.4298133883254644,0.4109113859901475,0.44856360353302477
82.12638888888888,0.4294292834207947,0.41052953954762555,0.4481781670026277
82.31805555555556,0.42904517851612506,0.41014770521179367,0.44779271855673863
82.81666666666666,0.42866107361145517,0.40976588298612954,0.4474072581919412
82.94444444444444,0.4282769687067855,0.40938407287413636,0.447021785904796
82.94722222222222,0.4278928638021158,0.4090022748793412,0.4466363016918386
83.00416666666666,0.42750875889744594,0.40862048900529635,0.4462508055495809
83.01041666666667,0.4271246539927761,0.4082387152555787,0.445865297474511
83.03333333333333,0.4267405490881065,0.40785695363379054,0.4454797774630929
83.14166666666667,0.4263564441834366,0.407475204143558,0.4450942455117658
83.22291666666666,0.425972339278767,0.4070934667885331,0.4447087016169457
83.32152777777777,0.42558823437409715,0.4067117415723921,0.4443231457750234
83.44236111111111,0.42558823437409715,0.4067117415723921,0.4443231457750234
83.4625,0.42558823437409715,0.4067117415723921,0.4443231457750234
83.85833333333333,0.4252034348855128,0.40632931081178814,0.44393690777460565
83.8875,0.4248186353969286,0.4059468922882345,0.4435506577357123
83.92708333333333,0.4244338359083447,0.4055644860054585,0.44316439565467614
83.94166666666666,0.42404903641976016,0.4051820919672119,0.44277812152780394
83.95277777777778,0.4236642369311761,0.4047997101772738,0.44239183535138005
83.95902777777778,0.4232794374425919,0.404417340639447,0.44200553712166213
83.97083333333333,0.4228946379540078,0.40403498335756105,0.44161922683488436
83.99027777777778,0.4225098384654236,0.40365263833547027,0.4412329044872552
84.0,0.4221250389768394,0.403270305577055,0.440846570074959
84.02916666666667,0.4217402394882555,0.40288798508622153,0.4404602235941551
84.05347222222223,0.42135543999967123,0.4025056768669006,0.44007386504097734
84.0625,0.42097064051108696,0.40212338092305006,0.4396874944115354
84.07152777777777,0.42058584102250296,0.401741097258653,0.4393011117019138
84.29097222222222,0.4202010415339187,0.40135882587771793,0.4389147169081717
84.36041666666667,0.4202010415339187,0.40135882587771793,0.4389147169081717
84.37152777777777,0.4202010415339187,0.40135882587771793,0.4389147169081717
84.42083333333333,0.4202010415339187,0.40135882587771793,0.4389147169081717
84.54652777777778,0.4202010415339187,0.40135882587771793,0.4389147169081717
84.94305555555556,0.4198148273413326,0.400975105306395,0.4385269447698354
84.9486111111111,0.41942861314874613,0.40059139721375353,0.4381391603659448
85.02152777777778,0.41904239895615997,0.4002077016038344,0.4377513636925096
85.3625,0.41904239895615997,0.4002077016038344,0.4377513636925096
85.39861111111111,0.41904239895615997,0.4002077016038344,0.4377513636925096
85.40347222222222,0.41904239895615997,0.4002077016038344,0.4377513636925096
85.42083333333333,0.41904239895615997,0.4002077016038344,0.4377513636925096
85.49652777777777,0.41904239895615997,0.4002077016038344,0.4377513636925096
85.60625,0.41904239895615997,0.4002077016038344,0.4377513636925096
85.64236111111111,0.41904239895615997,0.4002077016038344,0.4377513636925096
85.80208333333333,0.4186536768792064,0.39982142689568223,0.43736113532093374
85.84375,0.4182649548022527,0.3994351650155705,0.4369708943592251
85.8951388888889,0.4178762327252987,0.3990489159675325,0.43658064080336406
85.95833333333333,0.4174875106483452,0.39866267975562986,0.4361903746493047
85.96527777777777,0.4170987885713913,0.3982764563839512,0.43580009589297247
85.99861111111112,0.41671006649443754,0.3978902458566144,0.43540980453026723
86.04583333333333,0.41632134441748375,0.39750404817776497,0.4350195005570606
86.04652777777778,0.4159326223405299,0.39711786335157656,0.43462918396919753
86.0736111111111,0.4155439002635762,0.3967316913822514,0.43423885476249563
86.4263888888889,0.4155439002635762,0.3967316913822514,0.43423885476249563
86.48194444444445,0.4155439002635762,0.3967316913822514,0.43423885476249563
86.57222222222222,0.4155439002635762,0.3967316913822514,0.43423885476249563
86.62291666666667,0.4155439002635762,0.3967316913822514,0.43423885476249563
86.83958333333334,0.4151537181976013,0.39634402336760305,0.4338471046831165
86.85625,0.4147635361316259,0.39595636841818277,0.4334553417911517
86.86944444444444,0.41437335406565085,0.3955687265382269,0.43306356608236596
86.91527777777777,0.4139831719996755,0.3951810977320001,0.4326717775524947
86.92986111111111,0.4135929899337004,0.394793482003797,0.43227997619724634
87.0111111111111,0.4132028078677253,0.39440587935794086,0.43188816201229996
87.07222222222222,0.4128126258017501,0.39401828979878456,0.4314963349933069
87.08611111111111,0.4124224437357749,0.3936307133307104,0.4311044951358902
87.10625,0.41203226166979967,0.3932431499581301,0.43071264243564444
87.10694444444445,0.4116420796038246,0.39285559968548495,0.430320776888136
87.38888888888889,0.4116420796038246,0.39285559968548495,0.430320776888136
87.42361111111111,0.4116420796038246,0.39285559968548495,0.430320776888136
87.81805555555556,0.4112511564513045,0.39246729666336105,0.42992818363405544
87.91875,0.41086023329878424,0.39207900685279157,0.4295355774285694
87.93611111111112,0.41046931014626387,0.39169073025828127,0.42914295826717197
87.99027777777778,0.4100783869937436,0.3913024668843657,0.42875032614532865
88.05694444444444,0.40968746384122334,0.3909142167356097,0.4283576810584755
88.07777777777778,0.4092965406887032,0.3905259798166089,0.4279650230020196
88.14305555555555,0.40890561753618304,0.39013775613198864,0.42757235197133886
88.15,0.40851469438366267,0.3897495456864047,0.42717966796178203
88.23958333333333,0.4081237712311422,0.3893613484845432,0.42678697096866874
88.34652777777778,0.4081237712311422,0.3893613484845432,0.42678697096866874
88.3625,0.4081237712311422,0.3893613484845432,0.42678697096866874
88.41041666666666,0.4081237712311422,0.3893613484845432,0.42678697096866874
88.46875,0.4081237712311422,0.3893613484845432,0.42678697096866874
88.49583333333334,0.4081237712311422,0.3893613484845432,0.42678697096866874
88.85347222222222,0.4077309668314972,0.38897122043347654,0.426392446380988
88.92013888888889,0.40733816243185234,0.3885811058996087,0.4259979085554201
88.97152777777778,0.40694535803220716,0.38819100488765507,0.4256033574872284
89.04583333333333,0.4065525536325622,0.38780091740236367,0.4252087931716469
89.08402777777778,0.4061597492329173,0.3874108434485135,0.4248142156038786
89.75277777777778,0.4057669448332723,0.38702078303091525,0.42441962477909595
89.85347222222222,0.40537414043362735,0.3866307361544115,0.4240250206924413
89.86666666666666,0.4049813360339824,0.38624070282387657,0.4236304033390261
89.91388888888889,0.40458853163433744,0.3858506830442166,0.42323577271393137
89.96944444444445,0.40419572723469227,0.38546067682036944,0.42284112881220726
90.0423611111111,0.4038029228350472,0.3850706841573053,0.42244647162887367
90.05555555555556,0.4034101184354022,0.38468070506002605,0.4220518011589192
90.16041666666666,0.40301731403575736,0.38429073953356596,0.42165711739730216
90.25486111111111,0.40262450963611257,0.383900787582991,0.42126242033894945
90.40694444444445,0.40262450963611257,0.383900787582991,0.42126242033894945
90.45694444444445,0.40262450963611257,0.383900787582991,0.42126242033894945
90.49236111111111,0.40262450963611257,0.383900787582991,0.42126242033894945
90.79583333333333,0.40223055219028453,0.38350965779648954,0.42086659769947493
90.87291666666667,0.40183659474445665,0.3831185417606144,0.4204707616003717
90.89791666666666,0.4014426372986289,0.3827274394804935,0.4200749120364908
90.95833333333333,0.40104867985280085,0.38233635096128726,0.41967904900265085
90.96875,0.40065472240697303,0.3819452762081905,0.41928317249364
90.9798611111111,0.4002607649611452,0.38155421522643,0.41888728250421364
90.99513888888889,0.3998668075153172,0.38116316802126604,0.41849137902909517
91.01666666666667,0.3994728500694895,0.38077213459799253,0.418095462062977
91.02152777777778,0.3990788926236614,0.3803811149619358,0.41769953160051815
91.02569444444444,0.39868493517783365,0.37999010911845676,0.41730358763634723
91.0375,0.3982909777320057,0.37959911707294847,0.41690763016505905
91.0625,0.39789702028617757,0.37920813883083815,0.4165116591812171
91.10208333333334,0.3975030628403497,0.3788171743975869,0.41611567467935306
91.16666666666667,0.39710910539452204,0.3784262237786889,0.4157196766539656
91.27986111111112,0.3967151479486942,0.37803528697967176,0.4153236650995208
91.61458333333333,0.3963211905028662,0.377644364006097,0.4149276400104526
91.80972222222222,0.3959272330570383,0.3772534548635606,0.414531601381163
91.85625,0.39553327561121027,0.3768625595576915,0.4141355492060205
91.85972222222222,0.3951393181653826,0.37647167809415333,0.4137394834793621
91.89027777777778,0.3943514032737266,0.3756899567168912,0.41294731134867707
91.94652777777777,0.39395744582789866,0.37529911681466427,0.41255120493315983
91.98055555555555,0.393563488382071,0.3749082907777616,0.4121550849431442
91.98472222222222,0.393169530936243,0.37451747861201645,0.4117589513728016
92.00277777777778,0.39277557349041503,0.3741266803232972,0.4113628042162717
92.01527777777778,0.39238161604458716,0.3737358959175065,0.4109666434676606
92.03402777777778,0.3919876585987593,0.37334512540058123,0.4105704691210411
92.12013888888889,0.39159370115293146,0.37295436877849275,0.41017428117045307
92.55833333333334,0.39159370115293146,0.37295436877849275,0.41017428117045307
92.56388888888888,0.39159370115293146,0.37295436877849275,0.41017428117045307
92.58541666666666,0.39159370115293146,0.37295436877849275,0.41017428117045307
92.82777777777778,0.3911985511013139,0.37256239453546736,0.4097769285584291
92.91041666666666,0.3908034010496965,0.37217043437289105,0.40937956216919724
92.95902777777778,0.3904082509980791,0.3717784882968131,0.40898218199670466
93.04097222222222,0.3900131009464615,0.37138655631331857,0.40858478803486453
93.40347222222222,0.3900131009464615,0.37138655631331857,0.40858478803486453
93.50138888888888,0.3900131009464615,0.37138655631331857,0.40858478803486453
93.50347222222223,0.3900131009464615,0.37138655631331857,0.40858478803486453
93.91388888888889,0.38961674616907693,0.3709933942471854,0.40818621769465757
93.99097222222223,0.3892203913916923,0.37060024646315,0.40778763338819135
94.025,0.38882403661430787,0.37020711296737807,0.4073890351092847
94.04583333333333,0.388427681836923,0.36981399376607116,0.40699042285172043
94.15138888888889,0.38803132705953847,0.3694208888654685,0.40659179660924766
94.60138888888889,0.38803132705953847,0.3694208888654685,0.40659179660924766
94.8236111111111,0.38763456701142,0.369027379726275,0.40619276529351
94.95625,0.3872378069633019,0.368633884960489,0.4057937199244062
94.95833333333333,0.38684104691518395,0.36824040457445095,0.40539466049558087
94.99097222222223,0.3864442868670658,0.3678469385745378,0.40499558700064264
95.01736111111111,0.3860475268189476,0.36745348696716446,0.404596499433165
95.1048611111111,0.3856507667708295,0.36706004975878315,0.4041973977866853
95.325,0.3856507667708295,0.36706004975878315,0.4041973977866853
95.32986111111111,0.3856507667708295,0.36706004975878315,0.4041973977866853
95.49513888888889,0.3856507667708295,0.36706004975878315,0.4041973977866853
95.5,0.3856507667708295,0.36706004975878315,0.4041973977866853
95.84583333333333,0.3852523672183804,0.36666493372058623,0.40379670002644735
95.91527777777777,0.3848539676659311,0.3662698323401271,0.4033959879458561
95.97430555555556,0.3844555681134821,0.36587474562393674,0.4029952615383502
95.97638888888889,0.3840571685610328,0.36547967357858396,0.40259452079732977
96.0736111111111,0.3836587690085837,0.36508461621067745,0.40219376571615906
96.11944444444444,0.3832603694561344,0.36468957352686354,0.40179299628816395
96.72847222222222,0.3828619699036852,0.3642945455338285,0.40139221250663376
96.96111111111111,0.382463570351236,0.3638995322382971,0.40099141436481983
96.97847222222222,0.38206517079878693,0.36350453364703356,0.4005906018559362
97.10555555555555,0.3816667712463375,0.36310954976684046,0.4001897749731587
97.35902777777778,0.3816667712463375,0.36310954976684046,0.4001897749731587
97.4173611111111,0.3816667712463375,0.36310954976684046,0.4001897749731587
97.425,0.3816667712463375,0.36310954976684046,0.4001897749731587
97.49930555555555,0.3816667712463375,0.36310954976684046,0.4001897749731587
97.8638888888889,0.381266701255513,0.3627128553977673,0.39978732193960204
97.89722222222223,0.3808666312646887,0.3623161760081364,0.3993848542817308
97.92291666666667,0.3804665612738646,0.3619195116048367,0.39898237199261405
97.94305555555556,0.38006649128304043,0.3615228621947979,0.3985798750652821
97.94444444444444,0.37966642129221617,0.36112622778499015,0.39817736349272587
97.96180555555556,0.3792663513013917,0.36072960838242485,0.39777483726789753
97.98819444444445,0.3788662813105676,0.3603330039941546,0.3973722963837103
98.01805555555555,0.37846621131974323,0.359936414627272,0.3969697408330371
98.04166666666667,0.3776660713380947,0.3591432809862491,0.3961645857035304
98.07083333333334,0.3772660013472706,0.358746736726501,0.3957619861102464
98.075,0.37686593135644636,0.3583502075169251,0.3953593718215751
98.08888888888889,0.37646586136562193,0.35795369336482113,0.394956742830192
98.19930555555555,0.3760657913747979,0.35755719427753063,0.3945540991287331
98.48055555555555,0.3760657913747979,0.35755719427753063,0.3945540991287331
98.69097222222223,0.37566529532434545,0.35716027033927394,0.394151029539734
98.91597222222222,0.375264799273893,0.3567633615465285,0.3937479451645446
99.03888888888889,0.3748643032234405,0.3563664679067537,0.39334484599568
99.14444444444445,0.37446380717298844,0.3559695894274525,0.3929417320256153
99.39236111111111,0.37446380717298844,0.3559695894274525,0.3929417320256153
99.5375,0.37446380717298844,0.3559695894274525,0.3929417320256153
99.86805555555556,0.3740624526101019,0.3555718396685096,0.39253777475525303
99.98819444444445,0.37366109804721565,0.35517410521884324,0.3921338025442173
100.02291666666666,0.3732597434843291,0.3547763860860699,0.3917298153848592
100.04097222222222,0.37285838892144274,0.3543786822778504,0.39132581326948895
100.54930555555555,0.37285838892144274,0.3543786822778504,0.39132581326948895
100.84583333333333,0.3724566018644152,0.35398054723484207,0.390921378829137
100.94513888888889,0.3720548148073879,0.35358242759963815,0.39051692935421556
101.1375,0.37165302775036035,0.353184323380023,0.3901124648369084
101.88263888888889,0.371251240693333,0.3527862345838256,0.3897079852693582
101.94652777777777,0.37084945363630545,0.3523881612189184,0.3893034906436643
101.95694444444445,0.37044766657927825,0.3519901032932188,0.38889898095188496
102.05763888888889,0.37004587952225076,0.351592060814687,0.38849445618603445
102.33819444444444,0.3696440924652235,0.3511940337913291,0.388089916338086
102.69166666666666,0.3692423054081959,0.3507960222311942,0.3876853613999688
102.72291666666666,0.3688405183511686,0.35039802614237725,0.38728079136357063
102.825,0.36843873129414106,0.35000004553301683,0.38687620622073526
102.92708333333333,0.36763515718008616,0.34920413078544604,0.38606699058291555
102.96527777777777,0.36723337012305873,0.3488061966637377,0.38566236007140436
103.08611111111111,0.3668315830660313,0.3484082780544906,0.38525771442040235
103.19375,0.3664297960090039,0.3480103749660686,0.3848530536215378
104.17083333333333,0.36602800895197657,0.3476124874068809,0.38444837766639556
104.2125,0.3656262218949492,0.3472146153853818,0.3840436865465166
104.35763888888889,0.3656262218949492,0.3472146153853818,0.3840436865465166
104.38888888888889,0.3656262218949492,0.3472146153853818,0.3840436865465166
104.4625,0.3656262218949492,0.3472146153853818,0.3840436865465166
104.50416666666666,0.3656262218949492,0.3472146153853818,0.3840436865465166
104.50486111111111,0.3656262218949492,0.3472146153853818,0.3840436865465166
104.51388888888889,0.3656262218949492,0.3472146153853818,0.3840436865465166
104.85138888888889,0.3652217681096673,0.3468140061574657,0.3836364063494099
104.86597222222223,0.3648173143243854,0.3464134129111544,0.38322911057330467
104.90833333333333,0.36441286053910316,0.34601283565501856,0.38282179920959014
104.94236111111111,0.3640084067538213,0.34561227439767767,0.3824144722496107
104.96875,0.3636039529685391,0.3452117291477981,0.38200712968466344
104.975,0.3631994991832573,0.3448111999140954,0.38159977150600044
104.99861111111112,0.3627950453979751,0.3444106867053323,0.38119239770482616
105.00763888888889,0.3623905916126931,0.34401018953032075,0.38078500827230005
105.10902777777778,0.3619861378274111,0.34360970839792077,0.38037760319953423
105.1138888888889,0.3615816840421289,0.34320924331704067,0.37997018247759423
105.14791666666666,0.36117723025684695,0.3428087942966382,0.3795627460974994
105.17430555555555,0.36077277647156514,0.34240836134571956,0.3791552940502218
105.18888888888888,0.3603683226862829,0.34200794447333915,0.3787478263266858
105.26666666666667,0.359963868901001,0.34160754368860224,0.37834034291777036
105.27569444444444,0.359559415115719,0.3412071590006614,0.3779328438143056
105.4263888888889,0.359559415115719,0.3412071590006614,0.3779328438143056
105.93472222222222,0.35915450586446246,0.3408063203461631,0.37752488934821044
106.11111111111111,0.35874959661320616,0.3404054978812813,0.3771169190998556
106.1138888888889,0.3583446873619496,0.340004691615316,0.37670893305992326
106.60902777777778,0.3583446873619496,0.340004691615316,0.37670893305992326
106.63958333333333,0.35793932006855367,0.3396034288298112,0.3763004890779495
106.83333333333333,0.3575339527751579,0.3392021823371424,0.3758920292156369
106.97638888888889,0.3571285854817622,0.3388009521467595,0.37548355346351714
107.025,0.35672321818836605,0.3383997382681634,0.37507506181207323
107.11805555555556,0.3563178508949702,0.3379985407109066,0.37466655425174017
107.48472222222222,0.3563178508949702,0.3379985407109066,0.37466655425174017
107.85902777777778,0.3559120219076182,0.33759688302300755,0.3742575850852165
107.89652777777778,0.3555061929202664,0.3371952417519501,0.373848599919528
107.96180555555556,0.3551003639329143,0.3367936169074395,0.3734395987449539
107.97708333333334,0.35469453494556247,0.33639200849923373,0.373030581551725
108.00069444444445,0.35428870595821055,0.33599041653714207,0.372621548330021
108.00694444444444,0.35388287697085874,0.3355888410310265,0.37221249906997206
108.09652777777778,0.3534770479835069,0.3351872819908007,0.37180343376165786
108.39097222222222,0.3534770479835069,0.3351872819908007,0.37180343376165786
108.40763888888888,0.3534770479835069,0.3351872819908007,0.37180343376165786
108.58819444444444,0.3534770479835069,0.3351872819908007,0.37180343376165786
108.725,0.3530698163614058,0.33478429199315435,0.37139299838074175
108.82083333333334,0.35266258473930506,0.3343813187155877,0.37098254671344244
108.84236111111112,0.35225535311720413,0.3339783621681748,0.3705720787496637
108.89861111111111,0.3518481214951033,0.3335754223610444,0.3701615944792585
108.96041666666666,0.3514408898730026,0.33317249930437953,0.3697510938920273
108.97916666666667,0.3510336582509017,0.332769593008417,0.3693405769777184
109.40972222222223,0.3510336582509017,0.332769593008417,0.3693405769777184
109.44583333333334,0.3510336582509017,0.332769593008417,0.3693405769777184
109.475,0.3510336582509017,0.332769593008417,0.3693405769777184
109.88402777777777,0.3506250043996203,0.33236523570880533,0.3689286709706061
109.92361111111111,0.3502163505483387,0.3319608954313677,0.3685167483914267
109.92777777777778,0.349807696697057,0.33155657218650914,0.3681048092297457
109.95694444444445,0.34939904284577533,0.3311522659846912,0.3676928534750749
110.04027777777777,0.34899038899449397,0.33074797683643176,0.3672808811168721
110.79722222222222,0.3485817351432123,0.3303437047523043,0.3668688921445399
110.88819444444445,0.34817308129193053,0.3299394497429397,0.3664568865474275
110.94027777777778,0.3477644274406491,0.32953521181902606,0.36604486431482997
110.96597222222222,0.3473557735893676,0.3291309909913071,0.36563282543598646
111.01666666666667,0.34694711973808595,0.3287267872705846,0.36522076990008207
111.01875,0.3465384658868042,0.32832260066771723,0.3648086976962468
111.04722222222222,0.34612981203552273,0.3279184311936216,0.3643966088135559
111.35833333333333,0.34612981203552273,0.3279184311936216,0.3643966088135559
111.88402777777777,0.3457206751418639,0.32751378045659824,0.36398403692913067
111.92083333333333,0.34531153824820493,0.3271091469533364,0.3635714482665053
111.97916666666667,0.3449024013545458,0.32670453069492955,0.36315884281457683
111.9798611111111,0.34449326446088674,0.32629993169252963,0.3627462205621869
111.98263888888889,0.3440841275672279,0.3258953499573475,0.36233358149812045
112.00902777777777,0.34367499067356877,0.3254907855006521,0.36192092561110534
112.09513888888888,0.34326585377990965,0.32508623833377215,0.3615082528898133
112.09930555555556,0.3428567168862507,0.3246817084680954,0.36109556332285947
112.34444444444445,0.3428567168862507,0.3246817084680954,0.36109556332285947
112.39375,0.3428567168862507,0.3246817084680954,0.36109556332285947
112.90555555555555,0.3424466011961952,0.3242761861211402,0.36068191192606763
112.96458333333334,0.34203648550614,0.32387068126827534,0.3602682435022829
112.97708333333334,0.3416263698160848,0.32346519392107814,0.35985455803992217
113.1125,0.3412162541260294,0.32305972409118683,0.3594408555273443
113.33819444444444,0.3412162541260294,0.32305972409118683,0.3594408555273443
113.375,0.3412162541260294,0.32305972409118683,0.3594408555273443
113.72152777777778,0.34080515020539576,0.3226532522009668,0.3590261819608697
113.9125,0.34039404628476194,0.32224679802478173,0.35861149115920804
113.92430555555555,0.3399829423641281,0.321840361574466,0.3581967831105155
113.93888888888888,0.33957183844349426,0.321433942861916,0.35778205780288785
113.96111111111111,0.33916073452286055,0.3210275418990912,0.35736731522436094
114.02361111111111,0.338749630602227,0.3206211586980132,0.3569525553629102
114.07638888888889,0.3383385266815931,0.3202147932707668,0.3565377782064502
114.5111111111111,0.3383385266815931,0.3202147932707668,0.3565377782064502
114.69305555555556,0.33792692263453517,0.31980792968095423,0.35612250091900777
114.97916666666667,0.33751531858747724,0.3194010839779139,0.3557072062296162
115.01805555555555,0.3371037145404196,0.3189942561739287,0.35529189412599294
115.08125,0.33669211049336145,0.31858744628134505,0.35487656459579264
115.16180555555556,0.33628050644630375,0.3181806543125752,0.35446121762661
115.16805555555555,0.3358689023992458,0.31777388028009446,0.3540458532059755
115.36319444444445,0.3358689023992458,0.31777388028009446,0.3540458532059755
115.39444444444445,0.3358689023992458,0.31777388028009446,0.3540458532059755
115.83819444444444,0.3354562870400329,0.3173660809488578,0.3536294949790874
115.90277777777777,0.3350436716808202,0.31695829975991274,0.3532131191069755
115.93402777777777,0.33463105632160745,0.31655053672594824,0.3527967255769506
116.01944444444445,0.33421844096239445,0.3161427918597198,0.35238031437625955
116.11319444444445,0.33380582560318156,0.3157350651740503,0.351963885492086
116.14722222222223,0.33339321024396873,0.31532735668182876,0.3515474389115489
116.26388888888889,0.3329805948847561,0.3149196663960116,0.3511309746217028
116.64583333333333,0.3325679795255431,0.31451199432962174,0.3507144926095371
116.83819444444444,0.33215536416633046,0.3141043404957509,0.35029799286197766
116.92986111111111,0.33174274880711757,0.3136967049075572,0.34988147536588404
116.95902777777778,0.3313301334479047,0.31328908757826723,0.3494649401080513
116.97291666666666,0.33091751808869196,0.312881488521176,0.349048387075209
116.97916666666667,0.3305049027294792,0.312473907749646,0.3486318162540208
116.98819444444445,0.33009228737026614,0.3120663452771087,0.3482152276310842
117.07152777777777,0.32967967201105336,0.3116588011170648,0.34779862119293153
117.15486111111112,0.32926705665184064,0.3112512752830832,0.3473819969260281
117.19166666666666,0.32885444129262775,0.3108437677888023,0.34696535481677254
117.92083333333333,0.32844182593341487,0.31043627864793,0.3465486948514975
118.04930555555555,0.3280292105742021,0.3100288078742438,0.3461320170164679
118.09375,0.32761659521498937,0.3096213554815911,0.34571532129788196
118.26527777777778,0.32720397985577626,0.30921392148388893,0.3452986076818699
118.58541666666666,0.32720397985577626,0.30921392148388893,0.3452986076818699
118.74722222222222,0.32679084351757465,0.30880596877808897,0.3448813729503
118.89722222222223,0.32596457084117086,0.3079901189349884,0.34404684943066044
118.90277777777777,0.3255514345029693,0.30758222182605016,0.34362956061432964
118.97708333333334,0.3251382981647675,0.3071743432778803,0.3432122537413684
118.97847222222222,0.3247251618265658,0.30676648330483974,0.3427949287974734
118.99444444444444,0.324312025488364,0.30635864192136103,0.34237758576827143
119.00486111111111,0.32389888915016224,0.3059508191419498,0.34196022463931963
119.00694444444444,0.3234857528119605,0.3055430149811842,0.34154284539610513
119.01041666666667,0.3230726164737589,0.3051352294537153,0.3411254480240448
119.02569444444444,0.3226594801355572,0.3047274625742676,0.34070803250848486
119.02638888888889,0.32224634379735545,0.3043197143576388,0.3402905988347009
119.10763888888889,0.3218332074591536,0.3039119848187008,0.3398731469878976
119.13263888888889,0.3214200711209518,0.3035042739723992,0.3394556769532082
119.1451388888889,0.32100693478275016,0.30309658183375415,0.33903818871569513
119.14861111111111,0.3205937984445485,0.3026889084178601,0.3386206822603482
119.15763888888888,0.32018066210634677,0.3022812537398861,0.3382031575720856
119.17013888888889,0.31976752576814504,0.30187361781507654,0.33778561463575335
119.17361111111111,0.3193543894299433,0.301466000658751,0.337368053436125
119.35833333333333,0.3193543894299433,0.301466000658751,0.337368053436125
119.8236111111111,0.3189407179410443,0.3010578508680766,0.33694995682649204
119.9173611111111,0.31852704645214536,0.3006497199763097,0.33653184182992324
119.95486111111111,0.3181133749632467,0.30024160799902044,0.3361137084309427
120.0125,0.3176997034743477,0.2998335149518556,0.33569555661399975
120.05208333333333,0.31728603198544875,0.29942544085053996,0.33527738636347015
120.09791666666666,0.3168723604965499,0.2990173857108754,0.3348591976636549
120.14652777777778,0.316458689007651,0.29860934954874163,0.3344409904987802
120.14930555555556,0.3160450175187522,0.2982013323800962,0.3340227648529967
120.19513888888889,0.3156313460298532,0.2977933342209749,0.33360452071037977
120.46944444444445,0.3156313460298532,0.2977933342209749,0.33360452071037977
120.94930555555555,0.3152171316649846,0.29738479582497684,0.3331857333778035
120.95972222222223,0.31480291730011606,0.29697627657296044,0.33276692742090047
121.00625,0.3143887029352475,0.29656777648122506,0.33234810282348454
121.1875,0.31397448857037885,0.2961592955661499,0.33192925956929165
121.90416666666667,0.31356027420551014,0.2957508338441949,0.33151039764198115
121.91666666666667,0.3131460598406418,0.2953423913319007,0.3310915170251346
121.94375,0.31273184547577315,0.294933968045888,0.330672617702255
121.96458333333334,0.3123176311109046,0.2945255640028597,0.33025369965676776
122.02638888888889,0.31190341674603594,0.2941171792195996,0.32983476287201924
122.15902777777778,0.31148920238116745,0.2937088137129738,0.3294158073312778
122.375,0.31148920238116745,0.2937088137129738,0.3294158073312778
122.51041666666667,0.31148920238116745,0.2937088137129738,0.3294158073312778
122.66597222222222,0.3110738834446592,0.2932993297974067,0.3289957653466357
122.90277777777777,0.31065856450815116,0.29288986540333983,0.3285757043752488
123.05416666666666,0.31024324557164284,0.29248042054794726,0.3281556244000698
123.39375,0.31024324557164284,0.29248042054794726,0.3281556244000698
123.95208333333333,0.3098273699073379,0.2920704217854543,0.32773498732525025
124.00138888888888,0.30941149424303255,0.29166044270345265,0.32731433111211605
124.00347222222223,0.30899561857872754,0.2912504833194031,0.3268936557433376
124.0125,0.3085797429144223,0.29084054365085166,0.3264729612015013
124.04930555555555,0.30816386725011713,0.29043062371543077,0.326052247469111
124.05208333333333,0.30774799158581195,0.29002072353085956,0.3256315145285871
124.09722222222223,0.3073321159215068,0.289610843114944,0.32521076236226615
124.16319444444444,0.30691624025720177,0.2892009824855773,0.32478999095240074
124.69583333333334,0.30650036459289653,0.28879114166074005,0.32436920028115884
124.89236111111111,0.3060844889285916,0.28838132065850136,0.3239483903306243
124.91666666666667,0.30566861326428624,0.2879715194970173,0.32352756108279485
124.94722222222222,0.305252737599981,0.287561738194534,0.3231067125195841
124.97569444444444,0.30483686193567594,0.2871519767693858,0.32268584462281946
125.18402777777777,0.30442098627137076,0.28674223523999615,0.32226495737424204
125.38194444444444,0.30442098627137076,0.28674223523999615,0.32226495737424204
125.42222222222222,0.30442098627137076,0.28674223523999615,0.32226495737424204
125.80486111111111,0.304003971221684,0.2863313403751006,0.32184294927361107
125.83472222222223,0.3035869561719971,0.2859204656666559,0.3214209215753786
125.8951388888889,0.30316994112231027,0.28550961113343204,0.3209988742609346
125.99513888888889,0.30275292607262344,0.285098776794291,0.3205768073115803
126.03611111111111,0.30233591102293667,0.28468796266818747,0.3201547207085279
126.05833333333334,0.3019188959732498,0.2842771687741685,0.3197326144328998
126.09861111111111,0.3015018809235631,0.28386639513137485,0.3193104884657294
126.77430555555556,0.3010848658738762,0.28345564175904003,0.3188883427879587
126.83958333333334,0.3006678508241895,0.2830449086764924,0.31846617738044075
126.84861111111111,0.30025083577450273,0.28263419590315375,0.31804399222393614
126.85138888888889,0.2998338207248159,0.2822235034585409,0.31762178729911555
126.975,0.29941680567512896,0.2818128313622654,0.31719956258655707
127.09791666666666,0.29899979062544213,0.2814021796340348,0.3167773180667476
127.40694444444445,0.29899979062544213,0.2814021796340348,0.3167773180667476
127.46527777777777,0.29899979062544213,0.2814021796340348,0.3167773180667476
127.55208333333333,0.29899979062544213,0.2814021796340348,0.3167773180667476
127.61875,0.29899979062544213,0.2814021796340348,0.3167773180667476
127.86527777777778,0.2985804360803854,0.28098913953397914,0.31635279203318895
127.88333333333334,0.2981610815353286,0.28057612031227624,0.3159282457129655
128.03055555555557,0.29774172699027207,0.28016312198909976,0.31550367908607824
128.05694444444444,0.29732237244521525,0.2797501445847228,0.315079092132431
128.0611111111111,0.2969030179001585,0.27933718811951946,0.31465448483183134
128.0875,0.29648366335510196,0.27892425261396486,0.31422985716398977
128.1263888888889,0.2960643088100451,0.2785113380886345,0.3138052091085181
128.33402777777778,0.2956449542649885,0.27809844456420685,0.3133805406449316
128.35486111111112,0.2956449542649885,0.27809844456420685,0.3133805406449316
128.55694444444444,0.2956449542649885,0.27809844456420685,0.3133805406449316
128.77847222222223,0.2952244066771292,0.2776843436119805,0.3129546985590955
129.14375,0.2948038590892701,0.27727026394726556,0.3125288357947629
129.32222222222222,0.2948038590892701,0.27727026394726556,0.3125288357947629
129.40555555555557,0.2948038590892701,0.27727026394726556,0.3125288357947629
129.425,0.2948038590892701,0.27727026394726556,0.3125288357947629
129.88472222222222,0.29438150399028845,0.27685434399652087,0.3121012056762377
129.89375,0.2939591488913067,0.27643844575140303,0.311673554485776
129.9284722222222,0.2935367937923248,0.27602256923334967,0.3112458822021123
129.9361111111111,0.29311443869334314,0.2756067144639072,0.310818188803877
130.04513888888889,0.29269208359436133,0.2751908814647305,0.31039047426959493
130.05416666666667,0.29226972849537947,0.27477507025758424,0.3099627385776856
130.0638888888889,0.2918473733963979,0.27435928086434325,0.30953498170646304
130.35694444444445,0.2918473733963979,0.27435928086434325,0.30953498170646304
131.12777777777777,0.2914244061885772,0.273942882893719,0.3091066121623102
131.84166666666667,0.2910014389807562,0.2735265069103562,0.3086782212742101
131.9777777777778,0.29057847177293533,0.27311015293651447,0.3082498090200961
131.99930555555557,0.2901555045651144,0.27269382099456574,0.3078213753777926
132.14513888888888,0.28973253735729376,0.27227751110699516,0.3073929203250153
132.19305555555556,0.28930957014947273,0.27186122329640106,0.30696444383936977
132.33125,0.2888866029416519,0.2714449575854967,0.30653594589835265
132.33402777777778,0.2888866029416519,0.2714449575854967,0.30653594589835265
132.4909722222222,0.2888866029416519,0.2714449575854967,0.30653594589835265
132.50277777777777,0.2888866029416519,0.2714449575854967,0.30653594589835265
132.83125,0.288461769702032,0.27102679218641157,0.30610562345917797
132.84652777777777,0.28803693646241185,0.27060864933321566,0.30567527914460946
132.86041666666668,0.28761210322279185,0.2701905290491369,0.3052449129316174
132.89166666666668,0.2871872699831718,0.2697724313575214,0.30481452479705656
132.96041666666667,0.2867624367435518,0.269354356281835,0.3043841147176673
132.9701388888889,0.28633760350393156,0.2689363038456635,0.30395368267007394
132.98402777777778,0.28591277026431156,0.2685182740727136,0.303523228630785
132.98472222222222,0.28548793702469144,0.2681002669868124,0.30309275257619217
132.99027777777778,0.28506310378507144,0.267682282611909,0.30266225448257006
133.0673611111111,0.28463827054545127,0.2672643209720741,0.30223173432607553
133.09097222222223,0.2842134373058313,0.2668463820915016,0.30180119208274775
133.09930555555556,0.28378860406621104,0.26642846599450765,0.30137062772850615
133.1125,0.283363770826591,0.2660105727055331,0.3009400412391524
133.45486111111111,0.283363770826591,0.2660105727055331,0.3009400412391524
133.90694444444443,0.2829382996992237,0.2655920454582923,0.30050881615446995
133.9423611111111,0.28251282857185633,0.26517354120832276,0.3000775687548694
134.12430555555557,0.28208735744448915,0.26475505998050497,0.2996462990157175
134.14444444444445,0.2816618863171219,0.26433660179984597,0.29921500691225783
134.21527777777777,0.2812364151897545,0.26391816669148044,0.2987836924196115
134.40694444444443,0.2812364151897545,0.26391816669148044,0.2987836924196115
134.84027777777777,0.280810299409164,0.263499090966054,0.2983517325277325
134.9361111111111,0.28038418362857354,0.2630800385064734,0.2979197500627572
135.01458333333332,0.2799580678479828,0.26266100933832837,0.29748774499935704
135.05208333333334,0.2795319520673923,0.26224200348734056,0.2970557173120777
135.20347222222222,0.2791058362868018,0.261823020979362,0.29662366697533765
135.48194444444445,0.2791058362868018,0.261823020979362,0.29662366697533765
135.57430555555555,0.2791058362868018,0.261823020979362,0.29662366697533765
135.85416666666666,0.27867841540427996,0.26140271814121885,0.29619033280255713
135.91805555555555,0.2782509945217579,0.26098243899108964,0.2957569756545197
135.9284722222222,0.2778235736392361,0.2605621835553721,0.2953235955050979
136.09583333333333,0.2773961527567143,0.260141951860599,0.2948901923280323
136.15555555555557,0.27696873187419224,0.25972174393344016,0.29445676609693155
136.16458333333333,0.2765413109916705,0.25930155980070346,0.294023316785273
136.87430555555557,0.2761138901091485,0.2588813994893336,0.29358984436639934
136.9125,0.2756864692266266,0.25846126302641487,0.29315634881352104
136.92361111111111,0.2752590483441048,0.2580411504391703,0.2927228300997135
136.96458333333334,0.27483162746158274,0.2576210617549627,0.29228928819791716
137.04375,0.2744042065790609,0.2572009970012961,0.2918557230809377
137.16319444444446,0.27397678569653894,0.2567809562058147,0.29142213472144374
137.2736111111111,0.27354936481401704,0.2563609393963053,0.2909885230919676
137.34791666666666,0.27354936481401704,0.2563609393963053,0.2909885230919676
137.44027777777777,0.27354936481401704,0.2563609393963053,0.2909885230919676
137.79930555555555,0.2731206040541205,0.2559395674382349,0.29055359323134083
137.96319444444444,0.27269184329422397,0.25551821983016765,0.29011863975685803
137.96597222222223,0.27226308253432735,0.25509689660048895,0.289683662640451
137.975,0.27183432177443073,0.25467559777773185,0.28924866185391007
137.98888888888888,0.2714055610145341,0.254254323390577,0.2888136373688832
138.0048611111111,0.2709768002546377,0.2538330734678537,0.2883785891568754
138.84930555555556,0.27054803949474093,0.2534118480385394,0.2879435171892468
138.8763888888889,0.2701192787348445,0.2529906471317626,0.2875084214372145
138.95277777777778,0.26969051797494803,0.2525694707768015,0.2870733018718494
138.96041666666667,0.26926175721505125,0.25214831900308526,0.2866381584640764
138.98472222222222,0.2688329964551548,0.25172719184019615,0.2862029911846749
139.0534722222222,0.2684042356952581,0.25130608931786785,0.2857678000042759
139.41736111111112,0.2684042356952581,0.25130608931786785,0.2857678000042759
139.7263888888889,0.26797478891814586,0.25088430553097346,0.28533192177492134
139.8625,0.26754534214103337,0.2504625466056797,0.2848960194344231
139.92152777777778,0.26711589536392094,0.2500408125722807,0.28446009295286195
139.94305555555556,0.26668644858680857,0.24961910346122712,0.2840241423001665
139.96944444444443,0.26625700180969625,0.24919741930312725,0.28358816744611337
139.97152777777777,0.26582755503258376,0.24877576012874805,0.2831521683603261
139.97986111111112,0.2653981082554712,0.2483541259690157,0.2827161450122746
140.0263888888889,0.26496866147835896,0.24793251685501694,0.2822800973712748
140.04791666666668,0.2645392147012464,0.24751093281799835,0.2818440254064861
140.0986111111111,0.264109767924134,0.2470893738893692,0.28140792908691337
140.91458333333333,0.2636803211470216,0.24666784010070053,0.2809718083814038
140.95069444444445,0.2632508743699093,0.2462463314837269,0.2805356632586474
141.0375,0.2628214275927968,0.24582484807034666,0.2800994936871753
141.08263888888888,0.2623919808156845,0.2454033898926234,0.27966329963536035
141.11458333333334,0.2619625340385721,0.2449819569827859,0.2792270810714148
141.20555555555555,0.26153308726145963,0.2445605493732298,0.2787908379633903
141.42152777777778,0.26153308726145963,0.2445605493732298,0.2787908379633903
141.45416666666668,0.26153308726145963,0.2445605493732298,0.2787908379633903
141.62569444444443,0.26153308726145963,0.2445605493732298,0.2787908379633903
141.74930555555557,0.26110151451020325,0.2441369801874558,0.27835251483900103
141.82847222222222,0.26066994175894664,0.24371343688164893,0.2779141666239229
141.88680555555555,0.26023836900769015,0.24328991948905546,0.277475793285352
141.94305555555556,0.2598067962564335,0.24286642804309538,0.2770373947903156
142.0222222222222,0.259375223505177,0.24244296257736483,0.2765989711056722
142.0701388888889,0.25894365075392045,0.24201952312563563,0.27616052219810955
142.09583333333333,0.25851207800266396,0.241596109721857,0.27572204803414463
142.11527777777778,0.2580805052514073,0.24117272240015616,0.2752835485801224
142.12152777777777,0.2576489325001509,0.24074936119483967,0.27484502380221537
142.1576388888889,0.2572173597488944,0.24032602614039336,0.27440647366642196
142.2798611111111,0.2572173597488944,0.24032602614039336,0.27440647366642196
142.3486111111111,0.2572173597488944,0.24032602614039336,0.27440647366642196
142.4597222222222,0.2572173597488944,0.24032602614039336,0.27440647366642196
142.48680555555555,0.2572173597488944,0.24032602614039336,0.27440647366642196
142.83541666666667,0.2567828709655349,0.23989971731225224,0.27396507956083255
142.91180555555556,0.2563483821821751,0.23947343543194854,0.27352365934670747
142.93472222222223,0.25591389339881554,0.2390471805350236,0.273082212988979
142.98333333333332,0.255479404615456,0.2386209526572085,0.2726407404523947
143.1013888888889,0.25504491583209643,0.23819475183442612,0.2721992417015179
143.1861111111111,0.25461042704873665,0.23776857810279153,0.27175771670072535
143.32986111111111,0.25461042704873665,0.23776857810279153,0.27175771670072535
143.91180555555556,0.25417519554950796,0.2373416673074616,0.2713154476781615
143.95347222222222,0.25373996405027927,0.23691478386523437,0.27087315215649654
143.96319444444444,0.25330473255105085,0.2364879278129441,0.2704308300994017
144.08541666666667,0.252869501051822,0.23606109918762255,0.26998848147035603
144.18680555555557,0.2524342695525935,0.2356342980265022,0.26954610623264735
144.38125,0.2524342695525935,0.2356342980265022,0.26954610623264735
144.95,0.2519982863582021,0.23520675098325342,0.26910297793586374
144.99930555555557,0.2515623031638108,0.23477923167299639,0.2686598227747083
145.96666666666667,0.2511263199694194,0.2343517401337101,0.2682166407117341
146.03541666666666,0.25069033677502806,0.23392427640357907,0.2677734317092957
146.1201388888889,0.25025435358063675,0.23349684052099462,0.2673301957295484
146.1625,0.24981837038624538,0.2330694325245557,0.2668869327344466
146.69861111111112,0.2493823871918539,0.23264205245307026,0.266443642685743
146.78402777777777,0.24894640399746265,0.23221470034555652,0.2660003255449882
146.85,0.2485104208030713,0.23178737624124335,0.2655569812735281
146.85208333333333,0.24807443760867987,0.2313600801795722,0.265113609832504
146.86180555555555,0.2476384544142886,0.23093281220019818,0.2646702111828513
146.96458333333334,0.24720247121989708,0.23050557234299035,0.26422678528529764
147.0048611111111,0.24676648802550585,0.23007836064803455,0.2637833321003633
147.03194444444443,0.24633050483111457,0.22965117715563269,0.2633398515883578
147.05277777777778,0.2458945216367232,0.22922402190630498,0.2628963437093809
147.0611111111111,0.24545853844233181,0.2287968949407912,0.2624528084233203
147.10902777777778,0.24502255524794034,0.22836979630005158,0.26200924568985057
147.16597222222222,0.24502255524794034,0.22836979630005158,0.26200924568985057
147.23055555555555,0.24502255524794034,0.22836979630005158,0.26200924568985057
147.28680555555556,0.24458501497071192,0.22794112482733744,0.26156415026156965
147.30902777777777,0.24458501497071192,0.22794112482733744,0.26156415026156965
147.83680555555554,0.24414669057112293,0.2275116756705096,0.26111826910275243
147.9611111111111,0.24370836617153377,0.22708225558793277,0.26067235978747055
147.975,0.24327004177194467,0.22665286462198125,0.26022642227399373
148.09027777777777,0.24283171737235565,0.22622350281526257,0.25978045652036635
148.10763888888889,0.24239339297276655,0.22579417021061873,0.2593344624844057
148.125,0.24195506857317736,0.22536486685112767,0.2588884401237017
148.16875,0.24151674417358843,0.22493559278010522,0.2584423893956153
149.02847222222223,0.24107841977399916,0.22450634804110484,0.25799631025727593
149.0298611111111,0.2406400953744101,0.2240771326779212,0.25755020266558265
149.03125,0.24020177097482115,0.22364794673458951,0.2571040665772005
149.14930555555554,0.23976344657523196,0.22321879025538774,0.2566579019485599
149.19861111111112,0.23932512217564292,0.22278966328483843,0.25621170873585647
149.51597222222222,0.23932512217564292,0.22278966328483843,0.25621170873585647
149.6173611111111,0.23932512217564292,0.22278966328483843,0.25621170873585647
149.74722222222223,0.23888518628929067,0.22235890885746554,0.2557639292520717
149.8076388888889,0.23844525040293849,0.2219281844728019,0.25531612067884546
149.90416666666667,0.23800531451658605,0.22149749017650272,0.25486828297125047
149.9986111111111,0.23756537863023394,0.22106682601447866,0.25442041608411425
150.87777777777777,0.23712544274388167,0.22063619203289556,0.253972519972016
150.98541666666668,0.23668550685752932,0.2202055882781776,0.2535245945892864
151.00277777777777,0.23624557097117707,0.21977501479700817,0.2530766398900061
151.02847222222223,0.23580563508482472,0.21934447163633103,0.2526286558280034
151.07569444444445,0.2353656991984724,0.21891395884335232,0.2521806423568539
151.19027777777777,0.2349257633121202,0.21848347646554211,0.2517325994298782
151.83819444444444,0.2344858274257678,0.21805302455063527,0.25128452700014015
151.93541666666667,0.2340458915394156,0.21762260314663412,0.25083642502044673
152.02708333333334,0.2336059556530633,0.217192212301809,0.25038829344334473
152.04166666666666,0.233166019766711,0.21676185206470036,0.2499401322211207
152.04444444444445,0.23272608388035873,0.21633152248412052,0.24949194130579835
152.13611111111112,0.23228614799400643,0.21590122360915473,0.24904372064913768
152.85833333333332,0.2318462121076542,0.21547095548916348,0.248595470202633
153.04791666666668,0.23140627622130194,0.2150407181737833,0.2481471899175114
153.07222222222222,0.23096634033494956,0.21461051171292933,0.24769887974473098
153.77847222222223,0.23052640444859726,0.21418033615679652,0.24725053963497998
153.80972222222223,0.2300864685622451,0.21375019155586128,0.24680216953867432
153.82916666666668,0.22964653267589283,0.2133200779608832,0.2463537694059558
153.88541666666666,0.22920659678954045,0.21288999542290693,0.24590533918669114
153.925,0.22876666090318815,0.21245994399326404,0.24545687883047027
153.92708333333334,0.22832672501683582,0.2120299237235743,0.24500838828660393
153.9423611111111,0.22788678913048352,0.21159993466574784,0.2445598675041226
153.95416666666668,0.2274468532441313,0.21116997687198683,0.2441113164317746
153.97083333333333,0.22700691735777903,0.21074005039478708,0.2436627350180239
154.05833333333334,0.2265669814714268,0.21031015528694025,0.24321412321104918
154.09027777777777,0.22612704558507454,0.20988029160153523,0.24276548095874143
154.43541666666667,0.22612704558507454,0.20988029160153523,0.24276548095874143
154.47291666666666,0.22612704558507454,0.20988029160153523,0.24276548095874143
154.9076388888889,0.2256853911991662,0.20944869417567744,0.24231514599703963
154.98958333333334,0.2252437368132578,0.20901712878218487,0.2418647800124526
155.19027777777777,0.22480208242734945,0.20858559547558825,0.24141438295144907
156.22083333333333,0.22436042804144118,0.20815409431072945,0.24096395476019689
156.60347222222222,0.22436042804144118,0.20815409431072945,0.24096395476019689
156.97083333333333,0.22391790254234561,0.20772173046408837,0.2405126529492581
157.88194444444446,0.2234753770432501,0.20728939912872116,0.24006131965620817
157.9951388888889,0.22303285154415453,0.206857100360696,0.23960995482601458
158.00347222222223,0.22259032604505896,0.20642483421640362,0.23915855840333364
158.86111111111111,0.22214780054596334,0.20599260075255904,0.23870713033250773
158.99791666666667,0.2217052750468678,0.20556040002620427,0.23825567055756394
159.26041666666666,0.22126274954777223,0.20512823209470962,0.23780417902221127
159.88819444444445,0.2208202240486768,0.20469609701577648,0.23735265566983937
160.00972222222222,0.2203776985495812,0.20426399484743885,0.23690110044351567
160.0375,0.2199351730504857,0.203831925648066,0.2364495132859844
160.81666666666666,0.21949264755139022,0.20339988947636442,0.23599789413966332
160.93055555555554,0.21905012205229457,0.20296788639137964,0.2355462429466422
160.95416666666668,0.2186075965531991,0.20253591645249935,0.23509455964868103
160.99375,0.21816507105410343,0.2021039797194545,0.23464284418720682
161.00069444444443,0.2177225455550079,0.20167207625232259,0.2341910965033128
161.0236111111111,0.21728002005591235,0.20124020611152912,0.23373931653775493
161.15833333333333,0.21683749455681678,0.20080836935785018,0.23328750423095038
161.9076388888889,0.21639496905772138,0.2003765660524152,0.23283565952297527
162.00277777777777,0.21595244355862586,0.199944796256708,0.23238378235356202
162.02777777777777,0.2155099180595302,0.19951306003257066,0.23193187266209755
162.88888888888889,0.21506739256043467,0.19908135744220518,0.23147993038762085
163.89027777777778,0.21462486706133915,0.19864968854817577,0.2310279554688206
163.9423611111111,0.2141823415622437,0.19821805341341128,0.23057594784403254
163.95833333333334,0.21373981606314796,0.1977864521012078,0.23012390745123731
164.08125,0.21329729056405247,0.1973548846752314,0.2296718342280589
164.11388888888888,0.21285476506495693,0.19692335119951995,0.22921972811176056
164.14097222222222,0.21241223956586142,0.1964918517384861,0.22876758903924382
164.88680555555555,0.2119697140667658,0.1960603863569195,0.2283154169470452
164.91180555555556,0.21152718856767042,0.1956289551199901,0.22786321177133445
164.9388888888889,0.21108466306857485,0.19519755809324932,0.22741097344791097
165.0090277777778,0.21064213756947933,0.19476619534263415,0.2269587019122025
165.08055555555555,0.2101996120703837,0.19433486693446886,0.2265063970992617
165.90902777777777,0.20975708657128822,0.19390357293546825,0.22605405894376432
165.94027777777777,0.20931456107219254,0.19347231341273932,0.22560168738000538
165.94583333333333,0.20887203557309697,0.1930410884337855,0.2251492823418983
166.01180555555555,0.2084295100740015,0.1926098980665081,0.22469684376297067
167.13194444444446,0.20798698457490597,0.19217874237920948,0.22424437157636223
167.27152777777778,0.20754445907581037,0.19174762144059576,0.22379186571482218
167.75,0.20710193357671494,0.1913165353197803,0.2233393261107068
168.05069444444445,0.20665940807761937,0.1908854840862852,0.2228867526959756
168.07847222222222,0.20621688257852372,0.1904544678100454,0.22243414540218975
168.16180555555556,0.20577435707942815,0.19002348656141133,0.22198150416050877
168.9465277777778,0.20533183158033272,0.18959254041115117,0.2215288289016877
169.00972222222222,0.20488930608123715,0.18916162943045436,0.22107611955607379
169.08125,0.20444678058214158,0.1887307536909345,0.22062337605360458
169.1298611111111,0.2040042550830461,0.1882999132646324,0.22017059832380442
169.78680555555556,0.20356172958395058,0.18786910822401903,0.21971778629578134
169.79375,0.203119204084855,0.18743833864199838,0.2192649398982243
170.06180555555557,0.20267667858575952,0.18700760459191113,0.2188120590594005
170.21458333333334,0.20223415308666398,0.1865769061475371,0.21835914370715176
170.65833333333333,0.2017916275875684,0.18614624338309899,0.21790619376889192
170.79097222222222,0.20134910208847276,0.18571561637326506,0.21745320917160338
170.86388888888888,0.20090657658937733,0.1852850251931531,0.2170001898418346
171.00208333333333,0.20046405109028176,0.18485446991833246,0.21654713570569586
171.71597222222223,0.20002152559118624,0.18442395062482872,0.21609404668885723
172.04722222222222,0.19957900009209067,0.18399346738912598,0.21564092271654461
172.10486111111112,0.1991364745929951,0.18356302028817084,0.21518776371353682
172.80416666666667,0.1986939490938996,0.18313260939937534,0.21473456960416232
173.00694444444446,0.19825142359480394,0.18270223480062067,0.21428134031229548
173.01805555555555,0.1978088980957085,0.18227189657026077,0.21382807576135404
173.0701388888889,0.19736637259661294,0.18184159478712505,0.2133747758742946
174.01805555555555,0.19692384709751734,0.18141132953052286,0.21292144057361023
174.825,0.1964813215984218,0.18098110088024671,0.21246806978132676
174.92777777777778,0.19603879609932626,0.18055090891657555,0.21201466341899888
174.98333333333332,0.19559627060023066,0.1801207537202787,0.2115612214077069
175.9076388888889,0.19515374510113517,0.17969063537261964,0.2111077436680535
176.00555555555556,0.19471121960203955,0.17926055395535934,0.21065423012015932
176.04861111111111,0.19426869410294412,0.1788305095507606,0.2102006806836605
176.9138888888889,0.19382616860384858,0.1784005022415909,0.20974709527770377
177.20694444444445,0.19338364310475295,0.17797053211112712,0.20929347382094346
177.82777777777778,0.19294111760565744,0.1775405992431593,0.20883981623153794
179.1576388888889,0.19249859210656192,0.17711070372199383,0.20838612242714533
179.16597222222222,0.1920560666074664,0.17668084563245814,0.20793239232491967
179.74722222222223,0.19161354110837078,0.17625102505990434,0.20747862584150745
179.80625,0.19117101560927535,0.17582124209021355,0.20702482289304383
180.85625,0.19072849011017964,0.17539149680979918,0.20657098339514762
180.94305555555556,0.19028596461108413,0.17496178930561238,0.206117107262919
180.9909722222222,0.18984343911198864,0.1745321196651448,0.20566319441093403
181.12777777777777,0.18940091361289305,0.17410248797643368,0.20520924475324104
181.81458333333333,0.1889583881137976,0.17367289432806593,0.204755258203357
181.86388888888888,0.1885158626147021,0.17324333880918183,0.2043012346742626
182.00555555555556,0.18807333711560653,0.17281382150948033,0.20384717407839859
182.1236111111111,0.1876308116165109,0.17238434251922263,0.2033930763276615
182.22222222222223,0.18718828611741528,0.17195490192923713,0.202938941333399
182.92430555555555,0.18674576061831988,0.1715254998309237,0.20248476900640633
182.97430555555556,0.18630323511922423,0.17109613631625764,0.20203055925692048
183.1625,0.1858607096201287,0.17066681147779564,0.2015763119946177
183.70486111111111,0.18541818412103314,0.17023752540867876,0.20112202712860736
183.94444444444446,0.18497565862193766,0.16980827820263844,0.20066770456742836
184.84444444444443,0.1845331331228421,0.1693790699540002,0.2002133442190442
184.96180555555554,0.18409060762374657,0.16894990075768912,0.19975894599083857
185.83194444444445,0.18364808212465095,0.16852077070923424,0.1993045097896104
185.86666666666667,0.18320555662555543,0.16809167990477386,0.19885003552156968
185.92569444444445,0.18276303112646,0.16766262844105992,0.19839552309233213
185.97986111111112,0.18232050562736443,0.1672336164154631,0.19794097240691438
187.03541666666666,0.18187798012826875,0.16680464392597816,0.1974863833697295
187.05138888888888,0.18143545462917335,0.16637571107122937,0.1970317558845824
187.30972222222223,0.18099292913007783,0.16594681795047406,0.19657708985466338
187.95,0.18055040363098215,0.16551796466360957,0.19612238518254468
187.97291666666666,0.18010787813188658,0.16508915131117793,0.19566764177017482
188.10555555555555,0.1796653526327911,0.16466037799437083,0.19521285951887335
188.98263888888889,0.1792228271336955,0.16423164481503502,0.19475803832932534
189.08819444444444,0.1787803016346001,0.1638029518756785,0.19430317810157718
189.9048611111111,0.17833777613550442,0.16337429927947467,0.1938482787350297
189.97291666666666,0.17789525063640896,0.16294568713026952,0.1933933401284348
189.99583333333334,0.17745272513731342,0.16251711553258572,0.19293836217988786
190.05555555555554,0.1770101996382178,0.1620885845916293,0.19248334478682386
190.17708333333334,0.17656767413912236,0.16166009441329526,0.19202828784601128
190.90277777777777,0.17612514864002674,0.1612316451041725,0.1915731912535461
191.09166666666667,0.17568262314093128,0.16080323677155106,0.19111805490484687
192.00208333333333,0.17524009764183568,0.1603748695234269,0.19066287869464812
192.03333333333333,0.17479757214274014,0.15994654346850856,0.19020766251699553
192.9076388888889,0.1743550466436446,0.15951825871622302,0.18975240626523907
192.98263888888889,0.17391252114454903,0.15909001537672182,0.18929710983202777
193.88888888888889,0.17346999564545343,0.15866181356088732,0.18884177310930325
193.94930555555555,0.17302747014635797,0.15823365338033904,0.18838639598829418
195.8972222222222,0.17258494464726243,0.1578055349474398,0.18793097835950942
195.95069444444445,0.17214241914816678,0.1573774583753022,0.18747552011273225
195.98680555555555,0.17169989364907134,0.15694942377779567,0.18702002113701435
196.05972222222223,0.1712573681499758,0.156521431269552,0.18656448132066855
196.14583333333334,0.17081484265088023,0.15609348096597292,0.18610890055126336
196.28333333333333,0.17037231715178475,0.15566557298323647,0.18565327871561582
197.00625,0.16992979165268915,0.15523770743830356,0.18519761569978507
198.05902777777777,0.16948726615359352,0.15480988444892546,0.18474191138906595
198.06666666666666,0.16904474065449807,0.15438210413365042,0.18428616566798214
198.6923611111111,0.16860221515540252,0.15395436661183032,0.1838303784202789
198.9763888888889,0.16815968965630698,0.15352667200362863,0.18337454952891666
201.83819444444444,0.1677171641572114,0.1530990204300269,0.18291867887606394
202.9611111111111,0.1672746386581159,0.15267141201283269,0.1824627663430904
202.98263888888889,0.16683211315902033,0.15224384687468628,0.18200681181055914
203.06458333333333,0.1663895876599248,0.15181632513906873,0.18155081515822027
203.24652777777777,0.1659470621608292,0.15138884693030905,0.18109477626500303
203.68541666666667,0.16550453666173373,0.1509614123735924,0.1806386950090086
204.825,0.16506201116263822,0.1505340215949668,0.1801825712675024
205.6548611111111,0.16461948566354254,0.15010667472135195,0.1797264049169066
206.08541666666667,0.16417696016444702,0.14967937188054725,0.1792701958327931
206.7,0.16373443466535145,0.1492521132012387,0.17881394388987443
207.13333333333333,0.16329190916625594,0.14882489881300823,0.1783576489619971
207.89236111111111,0.16284938366716048,0.1483977288463412,0.17790131092213302
207.9138888888889,0.16240685816806494,0.14797060343263505,0.17744492964237138
207.95555555555555,0.16196433266896926,0.1475435227042074,0.176988504993911
207.95694444444445,0.16152180716987377,0.14711648679430536,0.176532036847052
208.0534722222222,0.16107928167077823,0.1466894958371131,0.17607552507118676
208.09791666666666,0.16063675617168263,0.14626254996776142,0.17561896953479225
208.83055555555555,0.16019423067258723,0.14583564932233614,0.1751623701054213
209.95694444444445,0.15975170517349155,0.14540879403788706,0.17470572664969317
209.97152777777777,0.1593091796743961,0.14498198425243763,0.1742490390332865
210.18194444444444,0.15886665417530046,0.14455522010499314,0.1737923071209283
210.75625,0.15842412867620498,0.14412850173555095,0.17333553077638683
210.91736111111112,0.15798160317710938,0.14370182928510924,0.17287870986246112
210.95694444444445,0.15753907767801387,0.1432752028956771,0.17242184424097276
210.96180555555554,0.15709655217891835,0.1428486227102836,0.17196493377275585
211.05069444444445,0.15665402667982276,0.14242208887298782,0.17150797831764775
211.99166666666667,0.1562115011807272,0.14199560152888907,0.1710509777344801
213.73055555555555,0.15576897568163164,0.14156916082413626,0.1705939318810681
213.9465277777778,0.1553264501825361,0.14114276690593863,0.17013684061420162
214.22222222222223,0.15488392468344056,0.14071641992257566,0.1696797037896346
215.0125,0.15444139918434505,0.14029012002340782,0.16922252126207543
216.11041666666668,0.15399887368524956,0.1398638673588865,0.16876529288517655
216.89791666666667,0.153556348186154,0.13943766208056538,0.16830801851152416
217.04513888888889,0.1531138226870585,0.1390115043411109,0.16785069799262783
217.16597222222222,0.15267129718796296,0.13858539429431319,0.16739333117890967
217.25625,0.1522287716888673,0.13815933209509712,0.16693591791969403
217.73680555555555,0.15178624618977174,0.1377333178995341,0.1664784580631964
217.84027777777777,0.1513437206906762,0.13730735186485266,0.16602095145651236
219.0388888888889,0.15090119519158074,0.13688143414945034,0.16556339794560643
219.65902777777777,0.15045866969248523,0.13645556491290547,0.1651057973753007
219.84652777777777,0.15001614419338957,0.13602974431598866,0.1646481495892636
220.95277777777778,0.14957361869429409,0.13560397252067574,0.16419045442999847
221.05555555555554,0.14913109319519852,0.1351782496901584,0.1637327117388311
221.15902777777777,0.14868856769610297,0.13475257598885798,0.1632749213558986
222.72708333333333,0.1482460421970074,0.1343269515824369,0.1628170831201369
222.94166666666666,0.14780351669791197,0.13390137663781207,0.16235919686926872
223.0375,0.14736099119881638,0.13347585132316675,0.16190126243979083
223.7736111111111,0.14691846569972075,0.13305037580796478,0.1614432796669621
224.1888888888889,0.14647594020062527,0.13262495026296284,0.16098524838479045
225.2097222222222,0.1460334147015297,0.13219957486022393,0.16052716842601972
225.64027777777778,0.14559088920243418,0.1317742497731313,0.160069039622117
226.19583333333333,0.1451483637033387,0.1313489751764015,0.15961086180325926
226.65625,0.1447058382042431,0.1309237512460988,0.15915263479831965
226.84166666666667,0.14426331270514756,0.13049857815964921,0.1586943584348546
227.06666666666666,0.143820787206052,0.13007345609585452,0.1582360325390891
227.9138888888889,0.14337826170695642,0.12964838523490696,0.1577776569359036
230.77013888888888,0.1429357362078609,0.12922336575840368,0.15731923144881918
230.82569444444445,0.1424932107087654,0.12879839784936198,0.15686075589998338
232.89236111111111,0.14205068520966982,0.12837348169223378,0.15640223011015575
232.89305555555555,0.14160815971057425,0.12794861747292174,0.15594365389869308
235.98055555555555,0.1411656342114787,0.127523805378794,0.1554850270835343
236.13194444444446,0.1407231087123832,0.12709904559870033,0.1550263494811854
241.13611111111112,0.1402805832132876,0.12667433832298777,0.15456762090670362
242.93333333333334,0.1398380577141921,0.12624968374351733,0.15410884117368281
242.96805555555557,0.13939553221509657,0.12582508205367965,0.15365001009423632
244.15694444444443,0.13895300671600097,0.1254005334484122,0.1531911274789819
244.73194444444445,0.13851048121690543,0.12497603812421591,0.15273219313702519
244.89305555555555,0.13806795571780994,0.12455159627917244,0.15227320687594292
245.0013888888889,0.13762543021871435,0.12412720811296096,0.15181416850176632
245.01597222222222,0.13718290471961886,0.12370287382687674,0.15135507781896435
245.06875,0.13674037922052334,0.12327859362384806,0.15089593463042594
246.0222222222222,0.1362978537214277,0.12285436770845475,0.15043673873744284
246.79791666666668,0.13585532822233215,0.12243019628694683,0.1499774899396923
246.92569444444445,0.13541280272323664,0.12200607956726246,0.14951818803521802
247.075,0.13497027722414115,0.12158201775904742,0.14905883282041277
247.14791666666667,0.13452775172504558,0.12115801107367394,0.14859942408999938
247.87222222222223,0.13408522622594998,0.12073405972426043,0.14813996163701215
249.0090277777778,0.13364270072685447,0.12031016392569133,0.14768044525277815
249.84166666666667,0.13320017522775887,0.11988632389463655,0.1472208747268967
251.9451388888889,0.13275764972866336,0.1194625398495727,0.1467612498472211
252.0402777777778,0.1323151242295679,0.11903881201080305,0.14630157039983774
254.03125,0.1318725987304723,0.11861514060047851,0.14584183616904597
255.83680555555554,0.13143007323137676,0.11819152584261947,0.14538204693733828
255.97916666666666,0.13098754773228116,0.11776796796313684,0.1449222024853784
256.91527777777776,0.1305450222331857,0.1173444671898543,0.14446230259198134
258.8611111111111,0.13010249673409008,0.11692102375253015,0.1440023470340903
261.025,0.12965997123499462,0.11649763788288056,0.14354233558675664
261.05347222222224,0.12921744573589902,0.11607430981460162,0.14308226802311622
261.85277777777776,0.12877492023680354,0.11565103978339353,0.14262214411436816
263.06388888888887,0.1283323947377079,0.11522782802698354,0.14216196362975103
263.9916666666667,0.12788986923861242,0.1148046747851504,0.1417017263365203
265.0701388888889,0.12744734373951688,0.11438158029974843,0.14124143199992445
265.93194444444447,0.12700481824042134,0.11395854481473258,0.14078108038318138
265.9604166666667,0.12656229274132574,0.11353556857618323,0.14032067124745365
268.96319444444447,0.12611976724223026,0.11311265183233209,0.13986020435182472
271.03819444444446,0.1256772417431347,0.11268979483358774,0.13939967945327275
271.81319444444443,0.12523471624403915,0.1122669978325622,0.13893909630664614
273.8951388888889,0.12479219074494362,0.11184426108409788,0.13847845466463726
274.92291666666665,0.12434966524584799,0.1114215848452942,0.13801775427775623
276.9451388888889,0.12390713974675245,0.11099896937553577,0.13755699489430445
279.87152777777777,0.12346461424765692,0.11057641493652023,0.13709617626034734
280.00208333333336,0.12302208874856138,0.11015392179228661,0.13663529811968697
280.2527777777778,0.12257956324946587,0.10973149020924437,0.13617436021383386
280.88402777777776,0.12213703775037026,0.10930912045620293,0.1357133622819789
281.1020833333333,0.12169451225127481,0.10888681280440178,0.13525230406096453
282.9402777777778,0.12125198675217926,0.10846456752753998,0.13479118528525483
283.24583333333334,0.12080946125308369,0.10804238490180826,0.13433000568690637
284.02569444444447,0.12036693575398819,0.10762026520591968,0.1338687649955378
285.1020833333333,0.1199244102548926,0.10719820872114132,0.13340746293829864
286.99930555555557,0.11948188475579707,0.1067762157313275,0.13294609923983847
288.9548611111111,0.11903935925670149,0.10635428652295202,0.13248467362227492
289.9090277777778,0.11859683375760594,0.10593242138514217,0.13202318580516134
291.97222222222223,0.11815430825851042,0.10551062060971243,0.13156163550545394
296.01875,0.11771178275941487,0.10508888449119935,0.1311000224374783
296.725,0.1172692572603193,0.10466721332689666,0.1306383463128953
298.0888888888889,0.11682673176122375,0.1042456074168912,0.13017660684066718
298.8354166666667,0.11594168076303266,0.10340259257430356,0.12925293667541593
300.9611111111111,0.11549915526393718,0.10298118425619121,0.12879100538650198
302.17569444444445,0.11505662976484159,0.10255984242139148,0.1283290095580874
307.7291666666667,0.11461410426574602,0.10213856738451546,0.12786694888509964
307.96875,0.1141715787666505,0.10171735946319527,0.12740482305954676
308.0513888888889,0.113729053267555,0.10129621897812441,0.12694263177047857
309.0208333333333,0.1132865277684594,0.10087514625309889,0.1264803747039474
309.8854166666667,0.11284400226936384,0.10045414161505918,0.12601805154296786
314.8618055555556,0.11240147677026834,0.10003320539413238,0.12555566196747545
314.9888888888889,0.1119589512711728,0.09961233792367548,0.12509320565428508
326.28819444444446,0.11151642577207725,0.09919153954031962,0.12463068227704877
329.0201388888889,0.11107390027298165,0.09877081058401449,0.1241680915062122
332.0152777777778,0.11063137477388611,0.09835015139807438,0.12370543300897134
334.09027777777777,0.11018884927479058,0.09792956232922412,0.12324270644922677
334.81041666666664,0.1097463237756951,0.09750904372764649,0.122779911487539
335.8486111111111,0.10930379827659954,0.0970885959470303,0.12231704778108156
337.15833333333336,0.10886127277750393,0.09666821934461917,0.12185411498359418
340.81805555555553,0.10841874727840847,0.0962479142812619,0.12139111274533484
342.96180555555554,0.10797622177931292,0.09582768112146232,0.12092804071303016
346.8618055555556,0.10753369628021732,0.09540752023343167,0.12046489852982624
347.09513888888887,0.10709117078112183,0.0949874319891411,0.12000168583523808
347.20625,0.10664864528202622,0.09456741676437476,0.11953840226509699
351.76944444444445,0.1062061197829307,0.09414747493878527,0.1190750474514991
360.33958333333334,0.1057635942838352,0.0937276068959484,0.11861162102275093
360.83958333333334,0.10532106878473965,0.09330781302342021,0.11814812260331525
361.7006944444444,0.10487854328564411,0.09288809371279483,0.11768455181375512
361.9277777777778,0.10443601778654857,0.09246844935976281,0.11722090827067776
361.97430555555553,0.10399349228745298,0.0920488803641714,0.11675719158667616
366.9951388888889,0.10355096678835747,0.09162938713008564,0.11629340137027092
367.88125,0.10310844128926186,0.09120997006584992,0.11582953722584949
368.84375,0.10266591579016635,0.09079062958415243,0.11536559875360602
378.87291666666664,0.10222339029107078,0.09037136610208871,0.11490158554947832
380.10069444444446,0.10178086479197528,0.08995218004122825,0.11443749720508485
380.3076388888889,0.10133833929287975,0.08953307182768129,0.11397333330765956
380.43333333333334,0.10133833929287975,0.08953307182768129,0.11397333330765956
383.95208333333335,0.10089387289247238,0.08911207832975476,0.11350720143201308
384.9138888888889,0.10044940649206502,0.08869116495168917,0.11304099183296959
385.9486111111111,0.10000494009165761,0.08827033214070663,0.11257470407736611
387.07430555555555,0.09956047369125022,0.08784958034895493,0.11210833772728555
387.4159722222222,0.09956047369125022,0.08784958034895493,0.11210833772728555
387.60555555555555,0.09956047369125022,0.08784958034895493,0.11210833772728555
387.7888888888889,0.09911200308903736,0.08742485689763672,0.1116379927033905
387.93819444444443,0.09866353248682459,0.08700021841230485,0.11116756532867093
388.40625,0.09866353248682459,0.08700021841230485,0.11116756532867093
388.42847222222224,0.09866353248682459,0.08700021841230485,0.11116756532867093
389.96736111111113,0.09821094747541718,0.08657149651093253,0.11069305361623195
393.3986111111111,0.09821094747541718,0.08657149651093253,0.11069305361623195
396.44166666666666,0.09821094747541718,0.08657149651093253,0.11069305361623195
399.8673611111111,0.09775415237088037,0.0861385932159828,0.1102143667857606
400.79791666666665,0.0972973572663436,0.08570578302130602,0.10973558987222296
402.5152777777778,0.0972973572663436,0.08570578302130602,0.10973558987222296
408.8701388888889,0.09683840746791748,0.08527087922816096,0.10925463195768448
410.33125,0.09683840746791748,0.08527087922816096,0.10925463195768448
412.1125,0.09637727219426075,0.08483385176414988,0.1087714624906854
412.28680555555553,0.09637727219426075,0.08483385176414988,0.1087714624906854
412.81458333333336,0.09591391992409601,0.08439466983540739,0.10828605019468707
413.7326388888889,0.09545056765393134,0.08395558882247525,0.10780054037034585
417.75555555555553,0.09498721538376663,0.08351660931389615,0.10731493244806918
418.2263888888889,0.09452386311360186,0.08307773190537696,0.10682922585135884
419.15833333333336,0.09406051084343715,0.08263895719990973,0.10634341999669518
420.2,0.09359715857327248,0.08220028580789474,0.1058575142934177
420.3208333333333,0.09313380630310775,0.0817617183472664,0.10537150814360438
421.0763888888889,0.092670454032943,0.08132325544362257,0.10488540094194777
421.45,0.092670454032943,0.08132325544362257,0.10488540094194777
421.9736111111111,0.09220477335941063,0.08088253212784866,0.10439693767156231
422.01875,0.09173909268587825,0.08044191680771813,0.10390837006749785
422.43402777777777,0.09173909268587825,0.08044191680771813,0.10390837006749785
422.9784722222222,0.09127103609054217,0.07999899514241958,0.10341739885998079
424.34027777777777,0.09080297949520608,0.07955618507263043,0.10292631988336295
424.93819444444443,0.09033492289986995,0.0791134872886616,0.10243513246997558
426.0048611111111,0.08986686630453383,0.0786709024897494,0.10194383594355204
426.0076388888889,0.08939880970919772,0.07822843138421498,0.10145242961907433
426.0854166666667,0.08893075311386162,0.07778607468962796,0.10096091280261603
426.98819444444445,0.08846269651852551,0.07734383313297351,0.10046928479118149
428.45,0.08846269651852551,0.07734383313297351,0.10046928479118149
429.6465277777778,0.08799215026044827,0.07689917713459174,0.09997513771913535
430.6034722222222,0.08799215026044827,0.07689917713459174,0.09997513771913535
431.4194444444444,0.08799215026044827,0.07689917713459174,0.09997513771913535
432.94652777777776,0.08751651701579725,0.07644946503055033,0.0994759638829875
433.25069444444443,0.08704088377114619,0.07599987815937642,0.09897666924913828
434.1791666666667,0.08656525052649507,0.07555041733220084,0.0984772530335877
434.3902777777778,0.08656525052649507,0.07555041733220084,0.0984772530335877
435.0048611111111,0.08608698947386248,0.07509840797022825,0.09797518043772596
435.00694444444446,0.0856087284212299,0.07464652917797054,0.09747298194274129
435.20208333333335,0.08513046736859732,0.07419478181710212,0.09697065671600072
436.84166666666664,0.08465220631596473,0.07374316676141139,0.09646820391321281
437.2923611111111,0.08465220631596473,0.07374316676141139,0.09646820391321281
437.46875,0.08465220631596473,0.07374316676141139,0.09646820391321281
437.8881944444444,0.08416847942273062,0.07328611643910075,0.09596035896251015
438.01666666666665,0.08368475252949656,0.07282920649424386,0.09545237875843182
438.28194444444443,0.08320102563626243,0.07237243787526762,0.09494426238492587
439.1173611111111,0.0827172987430284,0.07191581154442878,0.0944360089126376
439.12430555555557,0.08223357184979431,0.07145932847809015,0.09392761739864296
441.69652777777776,0.0817498449565602,0.07100298966700551,0.09341908688617673
444.525,0.0817498449565602,0.07100298966700551,0.09341908688617673
444.925,0.08126323873658071,0.070543861755684,0.09290764708027313
445.99861111111113,0.0807766325166012,0.07008488366732465,0.09239606296622137
446.1034722222222,0.0802900262966216,0.06962605645928276,0.09188433352324947
446.84375,0.07980342007664214,0.06916738120497395,0.09137245771514373
446.925,0.07931681385666259,0.06870885899420896,0.09086043448992623
449.01944444444445,0.07883020763668303,0.06825049093353883,0.09034826277952536
453.12847222222223,0.07834360141670355,0.06779227814660863,0.08983594149943583
455.47569444444446,0.07834360141670355,0.06779227814660863,0.08983594149943583
460.2048611111111,0.07785395390784917,0.06733112313144272,0.08932054674269108
472.93819444444443,0.07736430639899479,0.06687012969716098,0.0888049964024652
473.8534722222222,0.07687465889014035,0.06640929904685285,0.08828928931795421
475.4298611111111,0.07687465889014035,0.06640929904685285,0.08828928931795421
476.00416666666666,0.07638187261520356,0.06594543307228308,0.08777041099465147
476.19930555555555,0.07588908634026678,0.06548173665594959,0.0872513694687358
477.8409722222222,0.07539630006532995,0.06501821108822217,0.0867321634956157
482.99305555555554,0.07490351379039316,0.06455485768059725,0.08621279181040395
484.3027777777778,0.07490351379039316,0.06455485768059725,0.08621279181040395
485.775,0.07440746403019187,0.06408835046476262,0.08569012335376919
485.84791666666666,0.07391141426999061,0.06362202280937285,0.08516728213094403
486.6173611111111,0.0734153645097893,0.06315587612430135,0.08464426678264998
487.1048611111111,0.07291931474958803,0.06268991184328966,0.08412107592668813
489.525,0.07291931474958803,0.06268991184328966,0.08412107592668813
493.41805555555555,0.07291931474958803,0.06268991184328966,0.08412107592668813
495.2368055555556,0.07241642292372882,0.06221714998518696,0.08359115822919773
496.15694444444443,0.07191353109786956,0.06174458398547623,0.08306105223442764
496.44097222222223,0.07191353109786956,0.06174458398547623,0.08306105223442764
497.50902777777776,0.07191353109786956,0.06174458398547623,0.08306105223442764
505.59305555555557,0.07191353109786956,0.06174458398547623,0.08306105223442764
508.4326388888889,0.07191353109786956,0.06174458398547623,0.08306105223442764
508.91875,0.07139616756479142,0.06125740563369435,0.08251696061974477
513.9486111111111,0.0708788040317132,0.06077045040768044,0.08197265483470266
518.3486111111112,0.0708788040317132,0.06077045040768044,0.08197265483470266
519.375,0.0708788040317132,0.06077045040768044,0.08197265483470266
521.0486111111111,0.07035377585370048,0.060275853012374855,0.08142085816886051
522.0354166666667,0.06982874767568781,0.05978149620220124,0.0808688307419433
525.4909722222222,0.06982874767568781,0.05978149620220124,0.0808688307419433
526.8652777777778,0.06929974201147804,0.05928329415955626,0.08031280365360483
527.7888888888889,0.0687707363472683,0.05878534420827863,0.07975653484834858
535.0770833333333,0.06824173068305854,0.05828764844426316,0.07920002231093809
537.0708333333333,0.06771272501884877,0.057790209005035544,0.07864326398624812
549.0284722222223,0.06718371935463903,0.057293028070852806,0.07808625777821289
549.8854166666666,0.06665471369042929,0.05679610786584306,0.07752900154873849
556.8145833333333,0.06612570802621956,0.056299450659185256,0.07697149311657632
558.9416666666667,0.06559670236200979,0.055803058766330835,0.07641373025615658
559.9722222222222,0.06506769669779999,0.05530693455027007,0.07585571069638014
561.1368055555556,0.06453869103359026,0.054811080422843356,0.0752974321193665
562.1888888888889,0.06400968536938052,0.05431549884610114,0.07473889215915586
581.9708333333333,0.06348067970517074,0.05382019233371376,0.07418008840036436
592.9152777777778,0.06295167404096101,0.053325163452433655,0.0736210183767888
602.9493055555556,0.062422668376751256,0.05283041482361198,0.07306167956995926
603.0375,0.061893662712541486,0.052335949124773344,0.07250206940763769
616.0861111111111,0.06136465704833171,0.05184176909124975,0.07194218526225918
619.0055555555556,0.060835651384121975,0.0513478775178776,0.07138202444931349
620.0916666666667,0.06030664571991222,0.05085427726076062,0.07082158422566416
623.8520833333333,0.05977764005570247,0.0503609712391013,0.07026086178780239
636.6923611111112,0.05924863439149267,0.049867962437104896,0.06969985427003171
637.0777777777778,0.058719628727282924,0.04937525390595923,0.06913855874258155
640.9409722222222,0.0581906230630732,0.04888284876589335,0.06857697220964437
646.8090277777778,0.05766161739886341,0.0483907502083202,0.06801509160733421
656.3104166666667,0.057132611734653685,0.047898961498066675,0.06745291380156229
656.9222222222222,0.056603606070443895,0.04740748597569548,0.06689043558582464
664.9090277777777,0.056074600406234146,0.04691632705992373,0.06632765367889851
667.0048611111112,0.05554559474202439,0.04642548825014323,0.06576456472244219
671.8958333333334,0.055016589077814634,0.04593497312904759,0.06520116527849333
675.7111111111111,0.05448758341360489,0.04544478536537181,0.06463745182686077
703.94375,0.053958577749395116,0.04495492871675017,0.06407342076240358
714.0131944444445,0.05342957208518539,0.04446540703269942,0.06350906839219261
720.3506944444445,0.05342957208518539,0.04446540703269942,0.06350906839219261
722.2729166666667,0.05342957208518539,0.04446540703269942,0.06350906839219261
722.3166666666667,0.05342957208518539,0.04446540703269942,0.06350906839219261
722.4111111111112,0.05342957208518539,0.04446540703269942,0.06350906839219261
722.4166666666666,0.05342957208518539,0.04446540703269942,0.06350906839219261
722.5118055555556,0.05342957208518539,0.04446540703269942,0.06350906839219261
722.5256944444444,0.05342957208518539,0.04446540703269942,0.06350906839219261
723.0875,0.052861172382151524,0.04393584347511663,0.06290735332181598
723.2055555555555,0.052861172382151524,0.04393584347511663,0.06290735332181598
723.3708333333333,0.052861172382151524,0.04393584347511663,0.06290735332181598
723.4659722222223,0.052861172382151524,0.04393584347511663,0.06290735332181598
723.5944444444444,0.052861172382151524,0.04393584347511663,0.06290735332181598
724.3083333333333,0.052861172382151524,0.04393584347511663,0.06290735332181598
724.3638888888889,0.052861172382151524,0.04393584347511663,0.06290735332181598
725.4368055555556,0.052861172382151524,0.04393584347511663,0.06290735332181598
725.5173611111111,0.052861172382151524,0.04393584347511663,0.06290735332181598
727.3972222222222,0.052861172382151524,0.04393584347511663,0.06290735332181598
727.4243055555555,0.052861172382151524,0.04393584347511663,0.06290735332181598
727.5847222222222,0.052861172382151524,0.04393584347511663,0.06290735332181598
728.3263888888889,0.052861172382151524,0.04393584347511663,0.06290735332181598
728.3388888888888,0.052861172382151524,0.04393584347511663,0.06290735332181598
728.4395833333333,0.052861172382151524,0.04393584347511663,0.06290735332181598
728.5034722222222,0.052861172382151524,0.04393584347511663,0.06290735332181598
728.5145833333333,0.052861172382151524,0.04393584347511663,0.06290735332181598
729.2826388888889,0.052861172382151524,0.04393584347511663,0.06290735332181598
729.4243055555555,0.052861172382151524,0.04393584347511663,0.06290735332181598
729.4347222222223,0.052861172382151524,0.04393584347511663,0.06290735332181598
729.5013888888889,0.052861172382151524,0.04393584347511663,0.06290735332181598
729.51875,0.052861172382151524,0.04393584347511663,0.06290735332181598
730.2888888888889,0.052861172382151524,0.04393584347511663,0.06290735332181598
730.31875,0.052861172382151524,0.04393584347511663,0.06290735332181598
730.3666666666667,0.052861172382151524,0.04393584347511663,0.06290735332181598
730.5256944444444,0.052861172382151524,0.04393584347511663,0.06290735332181598
730.5666666666667,0.052861172382151524,0.04393584347511663,0.06290735332181598
731.2944444444445,0.052861172382151524,0.04393584347511663,0.06290735332181598
731.3069444444444,0.052861172382151524,0.04393584347511663,0.06290735332181598
731.4423611111112,0.052861172382151524,0.04393584347511663,0.06290735332181598
731.4611111111111,0.052861172382151524,0.04393584347511663,0.06290735332181598
731.4868055555555,0.052861172382151524,0.04393584347511663,0.06290735332181598
731.5479166666667,0.052861172382151524,0.04393584347511663,0.06290735332181598
731.5548611111111,0.052861172382151524,0.04393584347511663,0.06290735332181598
732.3847222222222,0.052861172382151524,0.04393584347511663,0.06290735332181598
733.3569444444445,0.052861172382151524,0.04393584347511663,0.06290735332181598
733.4708333333333,0.052861172382151524,0.04393584347511663,0.06290735332181598
733.5756944444445,0.052861172382151524,0.04393584347511663,0.06290735332181598
734.2701388888889,0.052861172382151524,0.04393584347511663,0.06290735332181598
734.2972222222222,0.052861172382151524,0.04393584347511663,0.06290735332181598
734.3569444444445,0.052861172382151524,0.04393584347511663,0.06290735332181598
734.4583333333334,0.052861172382151524,0.04393584347511663,0.06290735332181598
734.4590277777778,0.052861172382151524,0.04393584347511663,0.06290735332181598
734.475,0.052861172382151524,0.04393584347511663,0.06290735332181598
734.4861111111111,0.052861172382151524,0.04393584347511663,0.06290735332181598
734.4979166666667,0.052861172382151524,0.04393584347511663,0.06290735332181598
734.5166666666667,0.052861172382151524,0.04393584347511663,0.06290735332181598
734.5194444444444,0.052861172382151524,0.04393584347511663,0.06290735332181598
734.6034722222222,0.052861172382151524,0.04393584347511663,0.06290735332181598
735.1930555555556,0.052861172382151524,0.04393584347511663,0.06290735332181598
735.2958333333333,0.052861172382151524,0.04393584347511663,0.06290735332181598
735.2979166666667,0.052861172382151524,0.04393584347511663,0.06290735332181598
735.3506944444445,0.052861172382151524,0.04393584347511663,0.06290735332181598
735.4152777777778,0.052861172382151524,0.04393584347511663,0.06290735332181598
735.4361111111111,0.052861172382151524,0.04393584347511663,0.06290735332181598
735.45625,0.052861172382151524,0.04393584347511663,0.06290735332181598
735.4722222222222,0.052861172382151524,0.04393584347511663,0.06290735332181598
735.4736111111112,0.052861172382151524,0.04393584347511663,0.06290735332181598
735.4763888888889,0.052861172382151524,0.04393584347511663,0.06290735332181598
735.5020833333333,0.052861172382151524,0.04393584347511663,0.06290735332181598
736.2972222222222,0.052861172382151524,0.04393584347511663,0.06290735332181598
736.3444444444444,0.052861172382151524,0.04393584347511663,0.06290735332181598
736.3465277777777,0.052861172382151524,0.04393584347511663,0.06290735332181598
736.3555555555556,0.052861172382151524,0.04393584347511663,0.06290735332181598
736.4215277777778,0.052861172382151524,0.04393584347511663,0.06290735332181598
736.4736111111112,0.052861172382151524,0.04393584347511663,0.06290735332181598
736.4958333333333,0.052861172382151524,0.04393584347511663,0.06290735332181598
736.5368055555556,0.052861172382151524,0.04393584347511663,0.06290735332181598
736.5472222222222,0.052861172382151524,0.04393584347511663,0.06290735332181598
736.5479166666667,0.052861172382151524,0.04393584347511663,0.06290735332181598
736.5729166666666,0.052861172382151524,0.04393584347511663,0.06290735332181598
736.5923611111111,0.052861172382151524,0.04393584347511663,0.06290735332181598
737.1951388888889,0.052861172382151524,0.04393584347511663,0.06290735332181598
737.35,0.052861172382151524,0.04393584347511663,0.06290735332181598
737.3798611111112,0.052861172382151524,0.04393584347511663,0.06290735332181598
737.3833333333333,0.052861172382151524,0.04393584347511663,0.06290735332181598
737.4034722222223,0.052861172382151524,0.04393584347511663,0.06290735332181598
737.4256944444444,0.052861172382151524,0.04393584347511663,0.06290735332181598
737.4284722222222,0.052861172382151524,0.04393584347511663,0.06290735332181598
737.4368055555556,0.052861172382151524,0.04393584347511663,0.06290735332181598
737.4381944444444,0.052861172382151524,0.04393584347511663,0.06290735332181598
737.4673611111111,0.052861172382151524,0.04393584347511663,0.06290735332181598
737.4791666666666,0.052861172382151524,0.04393584347511663,0.06290735332181598
737.4875,0.052861172382151524,0.04393584347511663,0.06290735332181598
737.4902777777778,0.052861172382151524,0.04393584347511663,0.06290735332181598
737.5097222222222,0.052861172382151524,0.04393584347511663,0.06290735332181598
737.5131944444445,0.052861172382151524,0.04393584347511663,0.06290735332181598
737.5270833333333,0.052861172382151524,0.04393584347511663,0.06290735332181598
737.5472222222222,0.052861172382151524,0.04393584347511663,0.06290735332181598
737.5493055555555,0.052861172382151524,0.04393584347511663,0.06290735332181598
737.6055555555556,0.052861172382151524,0.04393584347511663,0.06290735332181598
737.6083333333333,0.052861172382151524,0.04393584347511663,0.06290735332181598
737.6208333333333,0.052861172382151524,0.04393584347511663,0.06290735332181598
