customer,duration,event,first_month
12346,155.19027777777777,1,12
12347,351.76944444444445,1,10
12348,77.0,1,9
12349,95.85902777777778,1,4
12350,77.0,1,2
12351,77.0,1,11
12352,93.99097222222223,1,11
12353,77.0,1,10
12354,77.0,1,4
12355,77.0,1,5
12356,176.00555555555556,1,10
12357,77.18333333333334,1,11
12358,77.0,1,12
12359,88.07777777777778,1,12
12360,169.01597222222222,1,2
12361,77.0,1,1
12362,77.0,1,12
12363,77.0,1,4
12364,111.35833333333333,0,8
12365,77.00902777777777,1,2
12366,77.0,1,3
12367,3.3,0,12
12368,77.0,1,3
12369,77.0,1,3
12370,121.10347222222222,1,2
12371,77.00138888888888,1,3
12372,77.0,1,2
12373,126.07013888888889,1,2
12374,77.0,1,4
12375,77.0,1,9
12376,105.14791666666666,1,10
12377,77.0,1,4
12378,77.0,1,5
12379,77.0,1,6
12380,93.03333333333333,1,2
12381,118.58541666666666,0,8
12383,244.73194444444445,1,12
12384,77.0,1,8
12385,77.0,1,11
12386,106.1138888888889,1,12
12387,77.0,1,10
12388,77.0,1,5
12389,77.0,1,2
12390,77.0,1,9
12391,142.0326388888889,1,2
12392,77.0,1,4
12393,175.9076388888889,1,10
12394,77.0,1,5
12395,77.0,1,4
12396,77.0,1,2
12397,77.0,1,7
12398,44.56458333333333,0,10
12399,77.0,1,3
12400,77.0,1,10
12401,77.0,1,2
12402,146.97430555555556,1,2
12403,77.0,1,7
12404,77.0,1,1
12405,77.0,1,7
12406,77.0,1,1
12407,105.96111111111111,1,3
12408,189.99583333333334,1,7
12409,116.99236111111111,1,5
12410,77.0,1,7
12411,77.0,1,10
12412,129.04444444444445,1,6
12413,142.11527777777778,1,11
12414,77.05902777777777,1,9
12415,107.17222222222222,1,6
12416,77.0,1,2
12417,192.98263888888889,1,12
12418,130.93333333333334,1,3
12419,104.975,1,10
12420,62.62847222222222,0,10
12421,77.0,1,7
12422,473.8534722222222,1,12
12423,77.0,1,8
12424,77.0,1,6
12425,77.0,1,9
12426,77.0,1,2
12427,77.0,1,12
12428,118.02152777777778,1,3
12429,77.00069444444445,1,6
12430,42.36875,0,10
12431,125.03263888888888,1,1
12432,78.98958333333333,1,6
12433,187.30972222222223,1,8
12434,77.0,1,11
12435,77.0,1,12
12436,77.0,1,9
12437,636.6923611111112,1,12
12438,77.0,1,7
12439,120.14652777777778,1,12
12440,77.0,1,12
12441,77.0,1,12
12442,2.401388888888889,0,12
12443,77.0,1,12
12444,170.41666666666666,0,6
12445,77.0,1,10
12446,56.46527777777778,0,10
12447,77.0,1,4
12448,43.42638888888889,0,10
12449,105.1138888888889,1,9
12450,152.13611111111112,1,8
12451,143.11111111111111,1,6
12452,15.663194444444445,0,11
12453,77.0,1,7
12454,102.69166666666666,1,10
12455,77.0,1,12
12456,77.0,1,3
12457,77.0,1,9
12458,137.04375,1,8
12459,77.0,1,4
12460,77.0,1,9
12461,137.2736111111111,1,7
12462,77.0,1,2
12463,143.0701388888889,1,4
12464,101.94305555555556,1,2
12465,77.0,1,6
12466,77.0,1,1
12467,77.0,1,10
12468,149.99930555555557,1,1
12469,91.09027777777777,1,6
12470,77.0,1,1
12471,731.5548611111111,0,12
12472,535.0770833333333,1,12
12473,77.0,1,6
12474,665.5965277777777,0,2
12475,77.0,1,10
12476,360.33958333333334,1,7
12477,77.0,1,3
12478,2.5861111111111112,0,12
12479,10.440277777777778,0,11
12480,77.0,1,7
12481,77.875,1,4
12482,154.26875,1,2
12483,205.82430555555555,1,1
12484,108.8013888888889,1,1
12485,77.0,1,6
12486,77.0,1,10
12487,77.0,1,12
12488,74.55972222222222,0,9
12489,77.0,1,1
12490,485.84791666666666,1,12
12491,37.4875,0,11
12492,77.0,1,11
12493,108.80833333333334,1,5
12494,77.0,1,5
12495,77.0,1,3
12496,77.00625,1,3
12497,77.0,1,3
12498,56.604166666666664,0,10
12499,77.0,1,5
12500,142.81875,1,2
12501,77.0,1,1
12502,168.9013888888889,1,2
12503,77.0,1,5
12504,77.0,1,4
12505,77.0,1,10
12506,77.0,1,4
12507,77.0,1,5
12508,28.314583333333335,0,11
12509,77.0,1,2
12510,188.10555555555555,1,12
12511,77.0,1,10
12512,65.37986111111111,0,10
12513,77.0,1,8
12514,77.0,1,3
12515,77.0,1,12
12516,77.0,1,4
12517,189.3659722222222,0,6
12518,109.44583333333334,0,8
12519,77.0,1,8
12520,271.15833333333336,1,3
12521,77.0,1,7
12522,50.388194444444444,0,10
12523,556.8145833333333,1,12
12524,120.88055555555556,1,2
12525,77.0,1,3
12526,93.40347222222222,0,9
12527,111.86527777777778,1,6
12528,113.11180555555555,1,1
12529,77.0,1,6
12530,121.88472222222222,1,3
12531,77.0,1,1
12532,29.425694444444446,0,11
12533,77.0,1,12
12534,77.0,1,8
12535,77.0,1,6
12536,58.38055555555555,0,10
12537,77.0,1,10
12538,77.0,1,11
12539,77.02847222222222,1,12
12540,731.2944444444445,0,12
12541,77.0,1,3
12542,77.0,1,3
12543,77.0,1,9
12544,35.322916666666664,0,11
12545,77.0,1,3
12546,76.59444444444445,0,9
12547,77.0,1,7
12548,77.0,1,6
12549,92.92083333333333,1,1
12550,77.0,1,9
12551,77.0,1,12
12552,38.49236111111111,0,10
12553,422.43402777777777,0,10
12554,77.0,1,9
12555,77.0,1,1
12556,77.0,1,7
12557,77.0,1,12
12558,6.554861111111111,0,12
12559,85.98402777777778,1,1
12560,107.97708333333334,1,7
12561,77.0,1,2
12562,126.84861111111111,1,9
12563,77.0,1,10
12564,77.0,1,3
12565,77.0,1,2
12566,77.0,1,9
12567,77.0,1,2
12568,77.0,1,3
12569,251.42569444444445,0,4
12570,77.0,1,1
12571,77.0,1,8
12572,50.65277777777778,0,10
12573,160.81666666666666,1,8
12574,77.0,1,1
12575,146.1625,1,7
12576,210.95694444444445,1,7
12577,77.0,1,12
12578,190.17708333333334,1,9
12579,77.0,1,9
12580,77.0,1,5
12581,38.62777777777778,0,10
12582,77.0,1,5
12583,77.0,1,12
12584,77.0,1,3
12585,77.0,1,12
12586,77.0,1,12
12587,6.467361111111111,0,12
12588,77.0,1,4
12589,77.0,1,1
12590,77.00416666666666,1,5
12591,168.16180555555556,1,10
12592,77.01388888888889,1,7
12593,77.0,1,5
12594,77.0,1,3
12595,77.0,1,7
12596,77.0,1,4
12597,77.0,1,3
12598,79.25347222222223,1,3
12599,105.91944444444445,1,5
12600,149.90416666666667,1,12
12601,291.97222222222223,1,10
12602,57.52638888888889,0,10
12603,20.554166666666667,0,11
12604,77.0,1,3
12605,158.99791666666667,1,9
12606,77.0,1,1
12607,59.329166666666666,0,10
12608,77.0,1,10
12609,77.0,1,12
12610,125.42222222222222,0,8
12611,51.45,0,10
12612,73.35069444444444,0,9
12613,77.0,1,12
12614,77.0,1,3
12615,77.0,1,3
12616,77.0,1,11
12617,28.389583333333334,0,11
12618,20.53472222222222,0,11
12619,77.0,1,5
12620,77.0,1,5
12621,667.4993055555556,0,2
12622,77.0,1,4
12623,229.0326388888889,1,1
12624,148.10416666666666,1,6
12625,77.0,1,4
12626,87.11180555555555,1,1
12627,139.41736111111112,0,7
12628,63.605555555555554,0,10
12629,114.69305555555556,1,10
12630,42.55486111111111,0,10
12631,77.0,1,1
12632,121.02222222222223,1,5
12633,111.88402777777777,1,7
12634,89.76666666666667,1,6
12635,141.20555555555555,1,9
12636,77.0,1,12
12637,120.08055555555555,1,6
12638,77.0,1,3
12639,77.0,1,3
12640,80.49930555555555,0,9
12641,77.0,1,8
12642,106.60902777777778,0,8
12643,134.23680555555555,1,4
12644,101.05902777777777,1,1
12645,98.97916666666667,1,2
12646,48.46388888888889,0,10
12647,414.8854166666667,1,1
12648,137.63680555555555,1,1
12649,79.82638888888889,1,1
12650,2.3097222222222222,0,12
12651,207.89236111111111,1,8
12652,77.0,1,10
12653,77.0,1,7
12654,77.0,1,2
12655,77.0,1,10
12656,214.0715277777778,1,5
12657,77.51388888888889,0,9
12658,17.568055555555556,0,11
12659,28.50486111111111,0,11
12660,10.440277777777778,0,11
12661,77.0,1,9
12662,616.5902777777778,0,4
12663,120.8,1,2
12664,77.0,1,12
12665,77.0,1,2
12666,77.0,1,11
12667,57.291666666666664,0,10
12668,186.72291666666666,1,1
12669,84.97916666666667,1,3
12670,77.0,1,2
12671,77.0,1,4
12672,77.0,1,4
12673,152.04166666666666,1,11
12674,114.02291666666666,1,5
12675,101.71180555555556,1,5
12676,151.83819444444444,1,8
12677,77.0,1,2
12678,77.77708333333334,1,1
12679,77.0,1,3
12680,112.34444444444445,0,8
12681,725.4368055555556,0,12
12682,737.6055555555556,0,12
12683,134.84027777777777,1,12
12684,119.93402777777777,1,5
12685,92.56388888888888,0,9
12686,77.0,1,12
12687,77.00138888888888,1,8
12688,77.0,1,8
12689,77.0,1,8
12690,77.0,1,5
12691,179.16597222222222,1,10
12692,77.0,1,3
12693,387.7888888888889,1,7
12694,77.0,1,10
12695,214.11805555555554,1,2
12696,151.02847222222223,1,7
12697,114.93958333333333,1,6
12698,77.0,1,4
12699,77.0,1,10
12700,135.87777777777777,1,5
12701,181.01458333333332,1,3
12702,18.558333333333334,0,11
12703,128.0534722222222,1,1
12704,168.56944444444446,0,6
12705,77.0,1,6
12707,77.0,1,2
12708,619.0055555555556,1,12
12709,729.4243055555555,0,12
12710,181.91319444444446,1,5
12711,142.02013888888888,1,2
12712,134.9361111111111,1,12
12713,-0.5111111111111111,0,12
12714,424.34027777777777,1,12
12715,77.0,1,8
12716,77.0,1,7
12717,77.0,1,4
12718,70.30694444444444,0,9
12719,64.38194444444444,0,10
12720,505.59305555555557,0,7
12721,77.0,1,8
12722,142.12152777777777,1,7
12723,64.33888888888889,0,10
12724,106.97361111111111,1,6
12725,90.03819444444444,1,5
12726,77.0,1,3
12727,77.0,1,2
12728,203.06458333333333,1,11
12729,77.0,1,8
12730,77.0,1,7
12731,282.2423611111111,1,3
12732,77.0,1,6
12733,77.0,1,1
12734,116.97291666666666,1,11
12735,98.96597222222222,1,1
12736,77.0,1,1
12737,77.00138888888888,1,7
12738,77.0,1,12
12739,85.80208333333333,1,11
12740,62.55277777777778,0,10
12741,80.925,1,6
12742,77.0,1,3
12743,77.01041666666667,1,7
12744,77.0,1,4
12745,77.0,1,1
12746,77.0,1,6
12747,731.4423611111112,0,12
12748,734.2701388888889,0,12
12749,77.0,1,7
12750,77.0,1,8
12751,77.0,1,9
12752,77.0,1,9
12753,191.09166666666667,1,12
12754,149.93680555555557,1,2
12755,135.95138888888889,1,1
12756,77.0,1,9
12757,145.7111111111111,1,5
12758,77.0,1,12
12759,77.0,1,12
12760,77.0,1,9
12761,84.0625,1,9
12762,24.400694444444444,0,11
12763,77.0,1,12
12764,77.0,1,1
12765,246.17222222222222,1,3
12766,244.15694444444443,1,10
12767,77.0,1,11
12768,77.0,1,9
12769,77.0,1,4
12770,77.0,1,9
12771,77.0,1,8
12772,58.611805555555556,0,10
12773,77.0,1,5
12774,77.0,1,6
12775,296.725,1,10
12776,77.0,1,2
12777,77.0,1,9
12778,77.0,1,4
12779,77.0,1,12
12780,77.0,1,4
12781,77.0,1,2
12782,342.96180555555554,1,7
12783,74.35069444444444,0,9
12784,77.0,1,6
12785,77.0,1,12
12786,77.0,1,4
12787,77.0,1,10
12788,142.05277777777778,1,6
12789,77.0,1,1
12790,77.0,1,10
12791,100.8548611111111,1,3
12792,77.0,1,6
12793,143.96319444444444,1,11
12794,97.49930555555555,0,9
12795,17.564583333333335,0,11
12796,77.0,1,3
12797,135.91805555555555,1,10
12798,77.0,1,10
12799,77.0,1,6
12800,77.09305555555555,1,2
12801,77.0,1,7
12802,198.03402777777777,1,5
12803,77.0,1,11
12804,111.92083333333333,1,7
12805,146.14166666666668,1,2
12806,230.11805555555554,1,4
12807,77.0,1,11
12808,171.00208333333333,1,9
12809,77.0,1,3
12810,77.0,1,2
12811,125.8951388888889,1,10
12812,43.5875,0,10
12813,77.0,1,1
12814,77.0,1,8
12815,127.86597222222223,1,5
12816,77.0,1,6
12817,111.9798611111111,1,10
12818,77.0,1,3
12819,77.0,1,9
12820,156.97083333333333,1,12
12821,77.0,1,4
12822,86.4263888888889,0,9
12823,361.9791666666667,1,1
12824,58.46597222222222,0,10
12825,77.0,1,3
12826,77.0,1,12
12827,43.34444444444444,0,10
12828,129.32222222222222,0,8
12829,77.0,1,6
12830,170.54652777777778,0,6
12831,77.00138888888888,1,9
12832,97.425,0,9
12833,77.0,1,7
12834,77.0,1,3
12835,385.9486111111111,1,12
12836,426.0854166666667,1,12
12837,77.0,1,5
12838,115.08541666666666,1,4
12839,522.0354166666667,1,12
12840,77.0,1,2
12841,518.3486111111112,0,7
12842,77.0,1,12
12843,421.0763888888889,1,12
12844,77.0,1,4
12845,99.975,1,2
12846,77.0,1,1
12847,77.0,1,11
12848,77.0,1,2
12849,77.0,1,4
12850,77.0,1,9
12851,77.0,1,8
12852,77.0,1,2
12853,77.0,1,2
12854,153.97083333333333,1,12
12855,106.63958333333333,1,11
12856,62.47361111111111,0,10
12857,77.0,1,1
12858,77.0,1,11
12859,77.0,1,9
12860,77.0,1,1
12861,77.0,1,3
12862,146.85208333333333,1,8
12863,147.00347222222223,1,4
12864,77.0,1,7
12865,77.0,1,8
12866,105.17430555555555,1,7
12867,136.92361111111111,1,12
12868,284.02569444444447,1,11
12869,77.0,1,1
12870,77.0,1,3
12871,77.0,1,9
12872,486.6173611111111,1,12
12873,77.0,1,1
12874,77.0,1,6
12875,77.0,1,1
12876,77.0,1,4
12877,77.0,1,1
12878,106.96180555555556,1,3
12879,90.49236111111111,0,9
12880,77.0,1,5
12881,77.0,1,3
12882,32.52638888888889,0,11
12883,88.3625,0,9
12884,77.0,1,9
12885,122.51041666666667,0,8
12886,77.0,1,5
12887,77.0,1,11
12888,118.06319444444445,1,3
12889,198.06666666666666,1,7
12890,77.0,1,11
12891,278.0409722222222,1,2
12892,77.0,1,11
12893,29.476388888888888,0,11
12894,77.0,1,5
12895,85.64236111111111,0,9
12897,77.0,1,6
12898,77.0,1,2
12899,77.0,1,10
12900,77.0,1,10
12901,269.5548611111111,0,3
12902,77.0,1,3
12903,77.0,1,10
12904,77.0,1,6
12905,77.0,1,1
12906,77.37291666666667,0,9
12907,77.0,1,8
12908,77.0,1,3
12909,77.0,1,2
12910,77.0,1,3
12911,77.0,1,6
12912,39.517361111111114,0,10
12913,117.92083333333333,1,12
12914,77.0,1,11
12915,77.0,1,4
12916,153.9611111111111,1,1
12917,77.0,1,12
12918,77.0,1,3
12919,130.0951388888889,1,6
12920,77.0,1,12
12921,737.4284722222222,0,12
12922,77.0,1,7
12923,77.0,1,5
12924,82.12638888888888,1,12
12925,77.0,1,4
12926,77.0,1,12
12927,77.0,1,11
12928,267.2284722222222,1,6
12929,77.0,1,2
12930,77.0,1,6
12931,737.5097222222222,0,12
12932,205.23333333333332,1,2
12933,77.0,1,12
12934,77.0,1,12
12935,364.9159722222222,1,4
12936,77.42291666666667,0,9
12937,90.95833333333333,1,12
12938,24.527083333333334,0,11
12939,500.21944444444443,1,1
12940,86.57222222222222,0,9
12941,77.0,1,12
12942,77.0,1,12
12943,124.11736111111111,1,4
12944,77.0,1,12
12945,77.0,1,2
12946,77.0,1,9
12947,113.72152777777778,1,12
12948,83.97083333333333,1,12
12949,213.9465277777778,1,12
12950,23.425,0,11
12951,601.9111111111112,1,1
12952,77.30763888888889,0,9
12953,77.0,1,7
12954,77.0,1,3
12955,266.62291666666664,0,3
12956,116.64583333333333,1,12
12957,77.0,1,12
12958,77.0,1,5
12959,77.0,1,8
12960,77.0,1,2
12961,77.0,1,11
12962,77.0,1,8
12963,230.77013888888888,1,7
12964,77.0,1,9
12965,77.0,1,9
12966,8.473611111111111,0,11
12967,102.33819444444444,1,11
12968,77.0,1,8
12969,77.0,1,4
12970,77.0,1,12
12971,723.2055555555555,0,12
12972,155.88472222222222,1,2
12973,77.0,1,10
12974,77.0,1,5
12975,77.0,1,12
12976,167.76111111111112,1,2
12977,86.83958333333334,1,7
12978,161.00069444444443,1,12
12979,77.0,1,12
12980,656.9222222222222,1,12
12981,77.0,1,7
12982,172.0125,1,4
12983,77.0,1,4
12984,17.474305555555556,0,11
12985,27.469444444444445,0,11
12986,122.99722222222222,1,1
12987,77.0,1,1
12988,77.0,1,2
12989,728.4395833333333,0,12
12990,77.0,1,3
12991,77.0,1,11
12992,77.0,1,12
12993,105.24513888888889,1,2
12994,77.0,1,3
12995,77.0,1,9
12996,77.0,1,11
12997,107.2388888888889,1,4
12998,120.21458333333334,1,2
12999,126.12361111111112,1,4
13000,77.0,1,12
13001,408.8701388888889,1,12
13002,95.01736111111111,1,10
13003,186.10208333333333,1,5
13004,723.5944444444444,0,12
13005,102.92708333333333,1,9
13006,55.424305555555556,0,10
13007,77.0,1,5
13008,77.0,1,12
13009,77.0,1,2
13010,77.0,1,3
13011,77.0,1,12
13012,77.0,1,4
13013,77.0,1,12
13014,77.0,1,10
13015,87.95486111111111,1,4
13016,122.375,0,8
13017,6.3381944444444445,0,12
13018,77.00069444444445,1,3
13019,80.85416666666667,1,12
13020,77.0,1,2
13021,77.0,1,12
13022,77.0,1,10
13023,77.0,1,6
13024,77.0,1,5
13025,77.0,1,12
13026,77.0,1,12
13027,411.0861111111111,1,1
13028,44.41041666666667,0,10
13029,77.0,1,7
13030,77.0,1,12
13031,224.02569444444444,1,6
13032,144.95,1,9
13033,149.19861111111112,1,10
13034,108.97916666666667,1,11
13035,77.0,1,10
13036,77.0,1,1
13037,413.7326388888889,1,12
13038,77.0,1,2
13039,77.0,1,12
13040,32.421527777777776,0,11
13041,216.12569444444443,1,4
13042,210.91736111111112,1,12
13043,77.0,1,3
13044,285.0701388888889,1,1
13045,77.0,1,8
13046,77.0,1,9
13047,722.5118055555556,0,12
13048,77.0,1,1
13049,160.0375,1,11
13050,723.3708333333333,0,12
13051,117.91875,1,3
13052,181.14930555555554,1,2
13053,77.0,1,3
13055,77.0,1,10
13056,77.0,1,6
13057,77.0,1,3
13058,77.0,1,7
13059,282.15833333333336,1,3
13060,77.0,1,3
13061,71.33055555555555,0,9
13062,77.0,1,6
13063,77.0,1,8
13064,118.26388888888889,1,4
13065,77.0,1,6
13066,31.2875,0,11
13067,113.93888888888888,1,9
13068,77.0,1,1
13069,542.3979166666667,0,6
13070,77.0,1,12
13071,77.0,1,4
13072,77.0,1,3
13073,103.19375,1,9
13074,183.1625,1,12
13075,77.0,1,8
13076,77.0,1,9
13077,83.22291666666666,1,12
13078,737.6208333333333,0,12
13079,77.0,1,10
13080,124.94791666666667,1,4
13081,664.9090277777777,1,12
13082,77.00208333333333,1,12
13083,77.0,1,10
13084,77.0,1,8
13085,136.16458333333333,1,12
13086,77.0,1,11
13087,77.0,1,12
13088,77.0,1,10
13089,736.3444444444444,0,12
13090,493.41805555555555,0,8
13091,77.0375,1,12
13092,385.15486111111113,1,2
13093,537.0708333333333,1,12
13094,388.40625,0,11
13095,69.49791666666667,0,9
13096,77.0,1,11
13097,737.4368055555556,0,12
13098,316.4263888888889,0,1
13099,77.0,1,9
13101,77.0,1,1
13102,581.45,0,5
13103,77.0,1,5
13104,77.0,1,2
13105,77.0,1,9
13106,77.0,1,10
13107,208.0388888888889,1,2
13108,139.7263888888889,1,9
13109,77.0,1,6
13110,162.00277777777777,1,12
13111,77.0,1,12
13112,77.0,1,6
13113,620.3243055555556,0,3
13114,77.0,1,12
13115,175.86944444444444,1,4
13116,77.0,1,7
13117,482.87152777777777,1,3
13118,139.92152777777778,1,9
13119,77.0,1,2
13120,77.0,1,4
13121,77.0,1,3
13122,77.0,1,4
13123,133.89930555555554,1,6
13124,102.96527777777777,1,11
13125,77.0,1,7
13126,129.09305555555557,1,3
13127,76.56527777777778,0,9
13128,77.0,1,3
13129,77.0,1,6
13130,77.0,1,9
13131,77.0,1,2
13132,77.0,1,3
13133,77.0,1,9
13134,91.02569444444444,1,10
13135,77.0,1,8
13136,77.0,1,12
13137,192.9076388888889,1,7
13138,101.1375,1,11
13139,77.0,1,9
13140,201.83819444444444,1,8
13141,271.81319444444443,1,12
13142,18.32847222222222,0,11
13143,77.0,1,5
13144,77.0,1,10
13145,77.0,1,4
13146,25.354861111111113,0,11
13147,98.48055555555555,0,9
13148,675.7111111111111,1,12
13149,77.0,1,2
13150,77.0,1,3
13151,78.96180555555556,1,3
13152,242.22083333333333,1,1
13153,4.490277777777778,0,12
13154,77.0,1,12
13155,77.0,1,8
13156,85.07083333333334,1,2
13157,143.9451388888889,1,3
13158,146.69861111111112,1,11
13159,114.5111111111111,0,8
13160,21.45347222222222,0,11
13161,77.0,1,7
13162,340.81805555555553,1,12
13163,77.0,1,4
13164,77.0,1,2
13165,138.8763888888889,1,10
13166,77.0,1,10
13167,77.0,1,11
13168,77.0,1,6
13169,77.0,1,5
13170,25.486805555555556,0,11
13171,77.0,1,2
13172,77.0,1,11
13173,245.01597222222222,1,12
13174,245.06875,1,12
13175,77.0,1,12
13176,45.34513888888889,0,10
13177,77.0,1,10
13178,722.4166666666666,0,12
13179,77.0,1,3
13180,77.0,1,4
13181,77.0,1,11
13182,44.42638888888889,0,10
13183,634.4777777777778,0,3
13184,236.7409722222222,1,2
13185,77.0,1,3
13186,127.61875,0,8
13187,77.075,1,3
13188,10.355555555555556,0,11
13189,77.0,1,8
13190,131.99930555555557,1,12
13191,77.0,1,2
13192,77.0,1,1
13193,60.395833333333336,0,10
13194,77.0,1,10
13195,77.0,1,10
13196,77.0,1,4
13197,77.0,1,4
13198,261.85277777777776,1,10
13199,733.5756944444445,0,12
13200,125.38194444444444,0,8
13201,77.0,1,3
13202,77.0,1,12
13203,77.0,1,12
13204,77.0,1,12
13205,77.0,1,9
13206,245.0013888888889,1,12
13207,77.0,1,4
13208,77.0,1,12
13209,247.05555555555554,1,1
13210,77.0,1,9
13211,77.0,1,12
13212,60.38333333333333,0,10
13213,261.9888888888889,1,5
13214,305.8263888888889,1,3
13215,77.0,1,11
13216,77.0,1,3
13217,77.0,1,2
13218,77.0,1,8
13219,77.0,1,3
13220,77.0,1,5
13221,77.0,1,12
13222,77.0,1,5
13223,77.0,1,2
13224,77.0,1,7
13225,656.3104166666667,1,12
13226,77.0,1,11
13227,77.0,1,5
13228,77.0,1,9
13229,77.0,1,4
13230,569.8444444444444,1,3
13232,139.89513888888888,1,4
13233,77.0,1,1
13234,136.96458333333334,1,12
13235,77.0,1,5
13236,77.0,1,8
13237,77.0,1,11
13238,77.0,1,4
13239,142.1576388888889,1,7
13240,128.95138888888889,1,2
13241,77.0,1,10
13242,77.0,1,2
13243,77.0,1,3
13244,77.0,1,9
13245,77.0,1,10
13246,309.8854166666667,1,7
13247,81.5201388888889,0,9
13248,141.98263888888889,1,6
13249,272.94652777777776,1,1
13250,118.89722222222223,1,7
13251,77.0,1,11
13252,77.0,1,3
13253,77.0,1,1
13254,77.0,1,11
13255,77.0,1,7
13257,77.0,1,9
13258,97.92291666666667,1,11
13259,203.00208333333333,1,1
13260,60.44375,0,10
13261,94.07013888888889,1,2
13262,77.0,1,4
13263,412.28680555555553,0,10
13264,77.0,1,9
13265,166.98194444444445,1,3
13266,77.0,1,12
13267,731.2944444444445,0,12
13268,174.92916666666667,1,3
13269,453.12847222222223,1,12
13270,77.0,1,12
13271,36.39513888888889,0,11
13272,88.49583333333334,0,9
13273,77.0,1,8
13274,77.0,1,10
13275,77.0,1,3
13276,77.0,1,3
13277,146.2201388888889,1,6
13278,77.0,1,4
13279,77.0,1,9
13280,77.0,1,3
13281,77.0,1,9
13282,77.0,1,10
13283,149.97222222222223,1,3
13284,77.0,1,1
13285,100.96666666666667,1,3
13286,77.0,1,4
13287,178.1965277777778,1,1
13288,90.85347222222222,1,2
13289,77.0,1,12
13290,77.0,1,9
13291,329.0173611111111,1,2
13292,108.96041666666666,1,7
13293,205.9763888888889,1,2
13294,77.0,1,3
13295,77.0,1,5
13296,230.925,1,5
13297,77.0,1,6
13298,0.45069444444444445,0,12
13299,77.0,1,6
13300,77.0,1,5
13301,265.925,1,2
13302,77.0,1,7
13303,77.0,1,11
13304,77.0,1,2
13305,77.0,1,3
13306,77.0,1,10
13307,77.0,1,4
13308,77.0,1,4
13309,77.0,1,11
13310,154.9076388888889,1,11
13311,77.0,1,7
13312,77.0,1,9
13313,334.81041666666664,1,12
13314,72.56944444444444,0,9
13315,77.0,1,1
13316,77.0,1,3
13317,444.925,1,12
13318,36.44027777777778,0,11
13319,732.3847222222222,0,12
13320,121.1875,1,8
13321,85.3625,0,9
13322,16.402083333333334,0,11
13323,83.44236111111111,0,9
13324,437.15486111111113,1,5
13325,77.0,1,9
13326,77.0,1,10
13327,720.3506944444445,0,12
13328,77.0,1,1
13329,77.0,1,12
13330,77.0,1,2
13331,77.0,1,11
13332,13.4375,0,11
13333,77.0,1,2
13334,77.0,1,2
13336,76.41319444444444,0,9
13337,77.0,1,6
13338,77.0,1,1
13339,77.0,1,5
13340,111.89236111111111,1,2
13341,77.0,1,3
13343,77.0,1,6
13344,77.0,1,3
13345,77.0,1,2
13346,210.96319444444444,1,4
13347,69.43888888888888,0,9
13348,63.272222222222226,0,10
13349,9.661805555555556,0,11
13350,78.43541666666667,0,9
13351,65.46180555555556,0,10
13352,59.420138888888886,0,10
13354,70.44652777777777,0,9
13355,77.0,1,8
13356,77.0,1,9
13357,209.98055555555555,1,3
13358,77.0,1,3
13359,77.0,1,11
13360,83.27986111111112,1,1
13361,77.0,1,4
13362,124.04930555555555,1,10
13363,77.0,1,10
13364,70.24097222222223,0,9
13365,77.0,1,5
13366,49.43263888888889,0,10
13367,77.0,1,10
13368,85.95833333333333,1,10
13369,77.0,1,12
13370,77.0,1,12
13371,77.0,1,3
13372,77.0,1,9
13373,77.0,1,12
13374,111.98263888888889,1,9
13375,77.0,1,9
13376,107.83680555555556,1,4
13377,77.0,1,3
13379,135.48194444444445,0,7
13380,77.0,1,10
13381,153.80972222222223,1,12
13382,77.0,1,12
13383,77.0,1,6
13384,187.03541666666666,1,7
13385,77.0,1,1
13386,99.98819444444445,1,9
13387,77.0,1,10
13388,77.0,1,4
13389,77.0,1,4
13390,73.64027777777778,0,9
13391,77.0,1,5
13392,77.0,1,1
13393,225.64027777777778,1,12
13394,289.9090277777778,1,12
13395,98.04166666666667,1,10
13396,77.0,1,1
13397,188.1611111111111,1,1
13398,77.0,1,9
13399,131.84166666666667,1,7
13400,77.0,1,5
13402,135.89444444444445,1,5
13403,77.0,1,12
13404,77.0,1,5
13405,77.0,1,12
13406,77.0,1,3
13407,160.0611111111111,1,2
13408,734.6034722222222,0,12
13410,109.92777777777778,1,12
13411,77.0,1,8
13412,77.0,1,3
13413,124.77361111111111,1,1
13414,216.99652777777777,1,4
13415,77.0,1,12
13416,77.0,1,12
13417,198.89305555555555,1,2
13418,77.0,1,12
13419,62.46597222222222,0,10
13420,97.88402777777777,1,6
13421,77.01944444444445,1,2
13422,63.42916666666667,0,10
13423,77.0,1,10
13424,77.0,1,9
13425,147.93125,1,5
13426,84.0,1,12
13427,77.0,1,12
13428,77.00902777777777,1,7
13429,74.33402777777778,0,9
13430,85.39861111111111,0,9
13431,201.8625,1,2
13432,117.94166666666666,1,4
13433,77.0,1,1
13434,77.0,1,2
13435,77.0,1,7
13436,0.5604166666666667,0,12
13437,189.39583333333334,0,6
13438,77.0,1,6
13439,77.0,1,7
13440,105.10902777777778,1,9
13441,77.0,1,10
13442,147.9611111111111,1,12
13443,200.97222222222223,1,1
13444,77.0,1,7
13445,77.0,1,3
13446,310.2909722222222,1,2
13447,34.576388888888886,0,11
13448,129.9361111111111,1,12
13449,22.647222222222222,0,11
13450,222.64444444444445,1,4
13451,494.10833333333335,1,3
13452,77.0,1,8
13453,77.0,1,11
13454,77.0,1,3
13455,90.25486111111111,1,12
13456,128.92916666666667,1,5
13457,125.83472222222223,1,12
13458,387.4159722222222,0,11
13459,134.8673611111111,1,1
13460,48.59027777777778,0,10
13461,77.0,1,4
13462,165.08055555555555,1,12
13464,77.0,1,3
13465,77.0,1,5
13466,77.0,1,3
13467,35.294444444444444,0,11
13468,735.4361111111111,0,12
13469,77.0,1,2
13470,92.91041666666666,1,8
13471,46.451388888888886,0,10
13472,77.0,1,6
13473,226.65625,1,12
13474,128.77847222222223,1,8
13475,184.05277777777778,1,2
13476,77.0,1,3
13477,77.0,1,1
13478,121.94236111111111,1,1
13479,101.88263888888889,1,8
13480,77.0,1,1
13481,77.0,1,12
13482,77.0,1,3
13483,64.50486111111111,0,10
13484,77.0,1,3
13485,81.93541666666667,1,12
13486,153.82916666666668,1,7
13487,77.0,1,12
13488,77.0,1,1
13489,82.12569444444445,1,2
13490,77.0,1,2
13491,562.1888888888889,1,12
13492,155.1798611111111,1,5
13493,88.95347222222222,1,2
13494,77.0,1,2
13495,84.94305555555556,1,12
13496,77.0,1,12
13497,121.10347222222222,1,2
13498,77.0,1,12
13499,121.25486111111111,1,3
13500,77.0,1,11
13501,77.0,1,5
13502,77.0,1,6
13503,77.01527777777778,1,2
13504,63.44444444444444,0,10
13505,143.02013888888888,1,4
13506,221.05555555555554,1,9
13507,124.16319444444444,1,7
13508,77.0,1,3
13509,77.0,1,7
13510,118.97708333333334,1,12
13511,77.0,1,2
13512,77.0,1,5
13513,77.0,1,2
13514,77.0,1,1
13515,77.0,1,3
13516,77.0,1,10
13517,178.63611111111112,0,6
13518,77.0,1,9
13519,77.0,1,9
13520,192.00208333333333,1,12
13521,9.36875,0,11
13522,29.367361111111112,0,11
13523,112.97708333333334,1,11
13524,218.48194444444445,0,5
13525,77.0,1,4
13526,77.01180555555555,1,12
13527,79.99583333333334,1,1
13529,77.0,1,5
13530,77.0,1,3
13531,77.0,1,12
13532,32.482638888888886,0,11
13533,77.00416666666666,1,3
13534,519.375,0,7
13535,77.0,1,11
13536,74.4375,0,9
13537,103.08611111111111,1,9
13538,96.14027777777778,1,2
13539,132.14166666666668,1,4
13540,77.00138888888888,1,2
13541,77.0,1,5
13542,429.6465277777778,1,12
13543,129.9611111111111,1,1
13544,77.0,1,3
13545,77.0,1,6
13546,119.00694444444444,1,10
13547,77.0,1,10
13548,77.0,1,8
13549,77.0,1,11
13550,77.0,1,11
13551,77.0,1,2
13552,306.95972222222224,1,2
13553,77.0,1,2
13554,143.1013888888889,1,9
13555,223.97291666666666,1,1
13556,83.32152777777777,1,9
13557,183.70486111111111,1,12
13558,67.4576388888889,0,10
13559,107.91666666666667,1,6
13560,6.450694444444444,0,12
13561,329.03194444444443,1,2
13562,96.97222222222223,1,1
13563,132.89166666666668,1,7
13564,460.2048611111111,1,12
13565,153.9423611111111,1,10
13566,77.0,1,3
13567,190.00208333333333,1,6
13568,77.0,1,6
13569,137.975,1,10
13570,77.0,1,4
13571,426.0048611111111,1,12
13572,77.0,1,5
13573,77.0,1,3
13574,77.0,1,10
13575,175.4,0,6
13576,730.3666666666667,0,12
13577,79.87430555555555,1,12
13578,77.0,1,10
13579,77.0,1,2
13580,77.0,1,10
13581,77.0,1,10
13582,77.0,1,4
13583,77.0,1,1
13584,77.0,1,2
13585,77.0,1,12
13586,77.0,1,6
13587,77.0,1,2
13588,77.0,1,3
13589,77.0,1,12
13590,209.95694444444445,1,12
13591,77.0,1,12
13592,135.8,1,3
13593,460.8152777777778,1,3
13594,77.0,1,8
13595,206.9125,1,3
13596,11.502083333333333,0,11
13597,79.225,1,11
13598,149.06597222222223,1,2
13599,176.9138888888889,1,12
13600,77.0,1,3
13601,77.0,1,6
13602,77.0,1,5
13603,25.335416666666667,0,11
13604,77.0,1,2
13605,77.0,1,5
13606,145.04861111111111,1,2
13607,77.0,1,11
13608,77.0,1,6
13609,77.0,1,4
13610,393.0548611111111,1,1
13611,77.0,1,12
13612,77.0,1,3
13613,111.13333333333334,1,2
13614,77.0,1,6
13615,250.95694444444445,1,1
13616,77.0,1,1
13617,163.9423611111111,1,8
13618,77.0,1,6
13619,77.0,1,2
13620,77.0,1,6
13621,77.0,1,8
13622,77.0,1,1
13623,126.975,1,12
13624,77.0,1,11
13625,77.0,1,4
13626,77.0,1,11
13627,77.0,1,3
13628,77.0,1,2
13629,665.2680555555555,0,2
13630,284.4659722222222,0,2
13631,244.69722222222222,1,3
13632,112.16875,1,4
13634,237.9597222222222,1,1
13635,91.10208333333334,1,12
13636,109.90277777777777,1,2
13637,116.0125,1,4
13638,14.556944444444444,0,11
13639,77.0,1,9
13640,77.0,1,4
13641,92.95902777777778,1,12
13642,77.00694444444444,1,10
13643,77.0,1,12
13644,104.50486111111111,0,8
13645,77.0,1,8
13646,77.00902777777777,1,11
13647,185.9,1,4
13648,219.65902777777777,1,12
13649,127.82152777777777,1,6
13650,77.0,1,1
13651,77.0,1,11
13652,77.0,1,2
13653,77.0,1,8
13654,77.0,1,12
13655,79.02708333333334,1,4
13656,77.0,1,4
13657,77.0,1,5
13658,77.0,1,2
13659,321.2111111111111,1,2
13660,77.0,1,11
13661,77.0,1,4
13662,77.00138888888888,1,2
13663,77.0,1,3
13665,77.0,1,7
13666,77.0,1,12
13667,77.0,1,7
13668,727.3972222222222,0,12
13669,77.0,1,10
13670,74.35763888888889,0,9
13671,77.0,1,11
13672,77.0,1,12
13673,31.34722222222222,0,11
13674,77.0,1,10
13675,77.0,1,2
13676,77.0,1,3
13677,77.0,1,7
13678,77.0,1,7
13679,77.0,1,12
13680,166.01180555555555,1,12
13681,77.0,1,7
13682,77.0,1,6
13683,77.0,1,9
13684,135.94097222222223,1,3
13685,59.45902777777778,0,10
13686,98.04166666666667,1,11
13687,77.0,1,9
13688,77.0,1,3
13689,77.0,1,9
13690,58.37291666666667,0,10
13691,77.0,1,11
13692,88.85347222222222,1,10
13693,124.97569444444444,1,12
13694,734.3569444444445,0,12
13695,77.0,1,5
13696,151.9,1,2
13697,37.61527777777778,0,11
13698,77.0,1,1
13699,77.0,1,6
13700,79.21388888888889,1,2
13701,77.0,1,9
13702,77.0,1,9
13703,77.0,1,10
13704,87.38888888888889,0,9
13705,77.0,1,3
13706,77.0,1,3
13707,77.0,1,6
13708,77.0,1,3
13709,77.0,1,1
13710,77.0,1,4
13711,222.72708333333333,1,12
13712,77.0,1,4
13713,77.0,1,5
13714,77.0,1,8
13715,434.15833333333336,1,3
13716,77.0,1,3
13717,105.27569444444444,1,8
13718,126.05972222222222,1,2
13719,169.96875,1,5
13720,215.14513888888888,1,3
13721,77.0,1,11
13722,77.0,1,3
13723,127.88958333333333,1,4
13724,77.0,1,3
13725,216.15555555555557,1,2
13726,99.5375,0,8
13727,195.95069444444445,1,12
13728,729.2826388888889,0,12
13729,77.0,1,1
13730,102.825,1,7
13731,104.18263888888889,1,4
13732,27.340972222222224,0,11
13733,77.0,1,12
13734,77.0,1,4
13735,276.9451388888889,1,12
13736,77.0,1,12
13737,77.0,1,5
13738,77.0,1,11
13739,77.0,1,6
13740,77.0,1,12
13741,110.75694444444444,1,5
13742,319.37569444444443,0,1
13743,247.89791666666667,1,3
13744,77.0,1,2
13745,77.0,1,6
13746,77.0,1,10
13747,128.05694444444444,1,10
13748,77.0,1,12
13750,149.85486111111112,1,4
13751,77.0,1,2
13752,77.0,1,6
13753,77.0,1,12
13754,77.0,1,9
13755,62.34375,0,10
13756,273.8951388888889,1,12
13757,77.0,1,2
13758,143.1861111111111,1,12
13759,70.34722222222223,0,9
13760,135.00625,1,4
13761,77.0,1,2
13762,182.1513888888889,1,1
13763,94.8236111111111,1,9
13764,150.11875,1,3
13765,77.0,1,2
13766,77.0,1,8
13767,737.5472222222222,0,12
13768,81.0111111111111,1,12
13769,592.9152777777778,1,12
13770,77.0,1,12
13771,77.0,1,2
13772,218.97222222222223,1,2
13773,77.0,1,2
13774,77.0,1,9
13775,77.0,1,4
13776,77.00277777777778,1,10
13777,736.5923611111111,0,12
13778,151.05416666666667,1,5
13779,77.0,1,7
13780,77.0,1,10
13781,77.0,1,12
13782,119.02569444444444,1,12
13783,180.85,1,2
13784,92.82777777777778,1,9
13785,108.725,1,9
13786,77.0,1,12
13787,116.06180555555555,1,1
13788,77.0,1,7
13789,77.0,1,11
13790,3.341666666666667,0,12
13791,117.79583333333333,1,6
13792,77.0,1,10
13793,77.0,1,3
13794,77.0,1,6
13795,77.0,1,3
13796,77.0,1,7
13797,77.0,1,3
13798,730.31875,0,12
13799,276.8076388888889,1,3
13800,77.0,1,12
13801,65.57291666666667,0,10
13802,484.02986111111113,1,2
13803,77.0,1,3
13804,78.24583333333334,1,9
13805,128.35486111111112,0,8
13806,62.511805555555554,0,10
13807,77.0,1,12
13808,95.49513888888889,0,9
13809,142.91180555555556,1,9
13810,55.46041666666667,0,10
13811,132.63472222222222,1,4
13812,104.4625,0,8
13813,282.9402777777778,1,12
13814,77.0,1,6
13815,77.0,1,2
13816,63.390972222222224,0,10
13817,77.0,1,12
13818,77.0,1,10
13819,145.96666666666667,1,12
13820,110.9798611111111,1,1
13821,87.95277777777778,1,1
13822,39.33680555555556,0,10
13823,162.88888888888889,1,12
13824,578.7534722222222,1,3
13825,77.0,1,12
13826,77.0,1,6
13827,142.3486111111111,0,7
13828,21.331944444444446,0,11
13829,77.0,1,10
13830,77.0,1,5
13831,298.8354166666667,1,12
13832,77.0,1,10
13833,77.0,1,10
13834,77.0,1,2
13835,97.17083333333333,1,3
13836,92.00277777777778,1,10
13837,77.0,1,1
13838,77.0,1,5
13839,77.0,1,8
13840,77.0,1,10
13841,77.0,1,4
13842,582.8659722222222,1,2
13843,77.0,1,11
13844,10.44375,0,11
13845,63.64930555555556,0,10
13846,116.26388888888889,1,11
13847,77.0,1,12
13848,77.0,1,12
13849,77.0,1,3
13850,77.0,1,8
13851,77.0,1,1
13852,77.0,1,4
13853,56.40416666666667,0,10
13854,236.01180555555555,1,1
13855,86.91527777777777,1,12
13856,233.11388888888888,1,3
13857,77.0,1,5
13858,56.321527777777774,0,10
13859,77.0,1,6
13860,85.60625,0,9
13861,77.0,1,6
13862,388.42847222222224,0,11
13863,204.99166666666667,1,4
13864,77.0,1,11
13865,77.0,1,2
13866,73.37916666666666,0,9
13867,77.0,1,5
13868,37.46875,0,11
13869,505.82708333333335,1,1
13870,77.0,1,2
13871,77.0,1,12
13872,77.0,1,12
13873,148.99027777777778,1,3
13874,245.76388888888889,1,2
13875,412.1125,1,12
13876,62.56805555555555,0,10
13877,77.0,1,1
13878,133.85069444444446,1,4
13879,77.0,1,3
13880,561.3965277777778,0,5
13881,644.3881944444445,0,3
13882,63.355555555555554,0,10
13883,77.0,1,12
13884,170.65833333333333,1,8
13885,88.26041666666667,1,5
13886,70.44652777777777,0,9
13887,77.0,1,5
13888,77.0,1,5
13889,111.95555555555555,1,1
13890,77.0,1,12
13891,77.0,1,5
13892,77.0,1,5
13893,77.0,1,2
13894,77.0,1,2
13895,77.0,1,12
13896,77.0,1,3
13897,77.0,1,1
13898,77.0,1,10
13899,77.0,1,3
13900,77.0,1,3
13901,296.13958333333335,1,1
13902,169.1298611111111,1,12
13903,77.0,1,11
13904,77.0,1,2
13905,77.0,1,12
13906,77.0,1,10
13907,77.0,1,1
13908,138.93055555555554,1,3
13909,77.0,1,7
13911,248.9388888888889,1,3
13912,77.0,1,10
13913,77.0,1,7
13914,35.31388888888889,0,11
13915,77.0,1,11
13916,77.0,1,2
13917,77.0,1,6
13918,77.0,1,3
13919,77.0,1,6
13920,207.8673611111111,1,5
13921,77.0,1,12
13922,107.11805555555556,1,8
13923,52.47708333333333,0,10
13924,71.37013888888889,0,9
13925,119.02638888888889,1,7
13926,22.447222222222223,0,11
13927,77.0,1,9
13928,132.33402777777778,0,7
13929,355.10069444444446,1,1
13930,77.0,1,7
13931,88.15,1,12
13932,77.0,1,2
13933,116.01944444444445,1,7
13934,77.0,1,3
13935,132.80555555555554,1,2
13936,108.84236111111112,1,10
13937,77.0,1,11
13938,34.390972222222224,0,11
13939,160.91319444444446,1,4
13940,143.32986111111111,0,7
13941,255.83680555555554,1,12
13942,77.0,1,6
13943,77.0,1,5
13944,77.0,1,2
13945,77.0,1,8
13946,77.0,1,12
13947,64.3875,0,10
13948,77.0,1,12
13949,93.50347222222223,0,9
13950,77.0,1,4
13951,195.05694444444444,1,2
13952,420.2,1,12
13953,131.9777777777778,1,12
13954,69.54722222222222,0,9
13955,146.78402777777777,1,11
13956,105.13402777777777,1,3
13957,77.0,1,2
13958,77.00069444444445,1,12
13959,77.0,1,7
13960,70.47291666666666,0,9
13961,77.0,1,11
13962,77.0,1,9
13963,365.9326388888889,1,4
13964,120.05208333333333,1,10
13965,111.03472222222223,1,1
13966,77.0,1,9
13967,77.0,1,11
13968,77.0,1,10
13969,623.4479166666666,0,3
13970,128.0611111111111,1,9
13971,335.9583333333333,1,1
13972,77.0,1,5
13973,77.0,1,2
13974,77.0,1,5
13975,202.16805555555555,1,2
13976,77.0,1,2
13977,77.0,1,10
13978,44.37222222222222,0,10
13979,77.0,1,12
13980,77.0,1,2
13981,77.0,1,10
13982,111.95833333333333,1,1
13983,620.0916666666667,1,12
13984,138.98472222222222,1,12
13985,77.0,1,2
13986,16.375,0,11
13987,98.01805555555555,1,11
13988,77.0,1,3
13989,176.07291666666666,1,5
13990,77.0,1,5
13991,142.4597222222222,0,7
13992,77.0,1,9
13993,735.5020833333333,0,12
13994,147.23055555555555,0,7
13995,419.15833333333336,1,12
13996,90.05555555555556,1,11
13997,108.02291666666666,1,6
13998,206.8763888888889,1,5
13999,733.4708333333333,0,12
14000,77.0,1,12
14001,197.00625,1,8
14002,99.03888888888889,1,7
14003,77.0,1,12
14004,119.15763888888888,1,9
14005,214.56041666666667,0,5
14006,201.1236111111111,1,2
14007,77.0,1,7
14008,77.0,1,10
14009,77.0,1,9
14010,77.00972222222222,1,5
14011,77.0,1,4
14012,77.0,1,3
14013,77.0,1,3
14014,77.0,1,5
14015,51.581944444444446,0,10
14016,173.0402777777778,1,1
14017,77.0,1,5
14018,77.0,1,3
14019,137.34791666666666,0,7
14020,129.90277777777777,1,6
14021,128.18680555555557,1,4
14022,77.0,1,8
14023,77.0,1,4
14024,77.0,1,11
14025,196.01041666666666,1,5
14026,77.0,1,3
14027,59.62430555555556,0,10
14028,77.06319444444445,1,6
14029,77.0,1,7
14030,210.75625,1,12
14031,735.3506944444445,0,12
14032,119.14861111111111,1,12
14033,77.0,1,6
14034,77.00625,1,7
14035,119.93819444444445,1,4
14036,77.0,1,2
14037,164.9388888888889,1,12
14038,77.0,1,2
14039,77.0,1,5
14040,737.4902777777778,0,12
14041,77.0,1,3
14042,77.0,1,12
14043,77.0,1,12
14044,181.88611111111112,1,1
14045,439.9951388888889,1,1
14046,77.0,1,2
14047,77.0,1,2
14048,77.00902777777777,1,11
14049,376.8576388888889,1,4
14050,105.4263888888889,0,8
14051,185.86666666666667,1,12
14052,77.0,1,11
14053,77.0,1,8
14054,64.34097222222222,0,10
14055,77.0,1,12
14056,283.3618055555556,0,2
14057,77.0,1,12
14058,144.91805555555555,1,6
14059,77.0,1,3
14060,637.5923611111111,0,3
14061,90.99513888888889,1,12
14062,482.99305555555554,1,12
14063,121.90416666666667,1,12
14064,333.99861111111113,1,1
14065,119.17361111111111,1,10
14066,77.0,1,3
14067,95.5,0,9
14068,151.17916666666667,1,1
14069,123.9875,1,5
14070,77.0,1,1
14071,81.07986111111111,1,3
14072,77.0,1,2
14073,31.340972222222224,0,11
14074,77.0,1,3
14075,214.9361111111111,1,6
14076,77.0,1,8
14077,77.0,1,11
14078,127.01527777777778,1,3
14079,77.0,1,1
14080,83.95902777777778,1,12
14081,207.95694444444445,1,12
14082,104.96875,1,11
14083,77.0,1,12
14084,77.0,1,7
14085,667.0048611111112,1,12
14086,77.0,1,9
14087,77.0,1,12
14088,91.61458333333333,1,10
14089,55.55694444444445,0,10
14090,77.0,1,1
14091,121.06666666666666,1,1
14092,722.3166666666667,0,12
14093,11.314583333333333,0,11
14094,77.0,1,9
14095,77.0,1,12
14096,100.54930555555555,0,8
14097,77.0,1,3
14098,35.574305555555554,0,11
14099,728.5034722222222,0,12
14100,77.0,1,7
14101,620.4333333333333,0,3
14102,43.46805555555556,0,10
14104,88.91527777777777,1,5
14105,77.0,1,12
14106,77.0,1,12
14107,77.0,1,12
14108,83.8875,1,12
14109,71.57083333333334,0,9
14110,380.3076388888889,1,12
14111,77.0,1,4
14112,77.0,1,2
14113,147.28680555555556,1,12
14114,139.9763888888889,1,4
14115,77.0,1,2
14116,120.46944444444445,0,8
14117,77.0,1,7
14118,77.0,1,10
14119,77.0,1,12
14121,58.55625,0,10
14122,85.84375,1,12
14123,77.0,1,12
14124,77.0,1,9
14125,77.34722222222223,0,9
14126,77.0,1,9
14127,246.0222222222222,1,10
14128,77.0,1,6
14129,77.0,1,5
14130,77.0,1,12
14131,77.0,1,3
14132,182.49722222222223,0,6
14133,77.0,1,12
14134,280.2527777777778,1,12
14135,84.07152777777777,1,12
14136,164.14097222222222,1,12
14137,77.0,1,1
14138,62.59861111111111,0,10
14139,129.1965277777778,1,6
14140,30.52777777777778,0,11
14141,104.38888888888889,0,8
14142,77.0,1,3
14143,77.0,1,7
14144,77.0,1,8
14145,150.15347222222223,1,4
14146,138.82638888888889,1,1
14147,146.90902777777777,1,3
14148,77.0,1,10
14149,77.0,1,5
14150,77.0,1,12
14151,120.19513888888889,1,12
14152,77.0,1,2
14153,77.0,1,8
14154,77.0,1,1
14155,77.0,1,3
14156,737.4791666666666,0,12
14157,77.0,1,3
14158,39.36944444444445,0,10
14159,77.0,1,12
14160,165.1,1,1
14161,77.0,1,12
14162,77.0,1,2
14163,77.0,1,9
14164,79.4875,0,9
14165,77.0,1,3
14166,77.0,1,3
14167,207.81944444444446,1,1
14168,77.0,1,5
14169,90.79583333333333,1,9
14170,96.96111111111111,1,11
14171,77.0,1,12
14172,114.10277777777777,1,3
14173,77.0,1,12
14174,32.446527777777774,0,11
14175,286.1361111111111,1,3
14176,160.99375,1,11
14177,149.03125,1,2
14178,181.46458333333334,0,6
14179,51.416666666666664,0,10
14180,547.3777777777777,0,6
14181,77.0,1,5
14182,229.83958333333334,1,4
14183,146.96458333333334,1,8
14184,65.47013888888888,0,10
14185,77.0,1,1
14186,200.13958333333332,1,3
14187,77.0,1,8
14188,77.0,1,2
14189,387.60555555555555,0,11
14190,77.0,1,2
14191,77.0,1,12
14192,77.0,1,11
14193,77.0,1,11
14194,387.00694444444446,1,1
14195,129.8138888888889,1,3
14196,77.0,1,8
14197,77.0,1,10
14198,120.04027777777777,1,1
14199,87.02569444444444,1,6
14200,77.0,1,4
14201,94.99930555555555,1,4
14202,145.04444444444445,1,3
14203,77.0,1,11
14204,77.0,1,12
14205,325.09513888888887,1,3
14206,91.27986111111112,1,11
14207,77.0,1,1
14208,77.0,1,6
14209,642.23125,1,1
14210,582.1034722222222,1,1
14211,124.94722222222222,1,12
14212,77.0,1,9
14213,77.0,1,10
14214,77.0,1,3
14215,120.94930555555555,1,12
14216,77.0,1,10
14217,526.4625,0,6
14218,41.583333333333336,0,10
14219,77.0,1,8
14220,79.00208333333333,1,5
14221,240.02152777777778,1,4
14222,77.0,1,6
14223,77.0,1,3
14224,301.0083333333333,1,6
14225,77.0,1,1
14226,77.0,1,9
14227,77.0,1,2
14228,101.90138888888889,1,6
14229,256.91527777777776,1,8
14230,77.0,1,6
14231,77.0,1,9
14232,77.0,1,3
14233,130.89375,1,3
14234,56.418055555555554,0,10
14235,198.15833333333333,1,3
14236,210.18194444444444,1,7
14237,77.0,1,4
14238,149.02847222222223,1,12
14239,380.10069444444446,1,12
14240,77.0,1,10
14241,77.0,1,1
14242,77.0,1,1
14243,475.4298611111111,0,8
14244,77.0,1,2
14245,120.91597222222222,1,3
14246,77.0,1,4
14247,223.95208333333332,1,6
14248,132.98402777777778,1,7
14249,205.0638888888889,1,1
14250,77.0,1,9
14251,56.46805555555556,0,10
14252,77.0,1,11
14253,77.0,1,3
14254,77.0,1,10
14255,77.0,1,6
14256,77.0,1,1
14257,77.0,1,3
14258,723.0875,1,12
14259,77.0,1,7
14260,77.0,1,6
14261,77.55069444444445,0,9
14262,77.0,1,4
14263,77.0,1,10
14264,116.00138888888888,1,4
14265,77.0,1,4
14266,77.0,1,10
14267,77.0513888888889,1,3
14268,77.0,1,8
14269,77.0,1,9
14270,77.0,1,1
14271,77.0,1,10
14272,96.825,1,5
14273,101.7923611111111,1,4
14274,77.0,1,1
14275,153.9298611111111,1,4
14276,77.0,1,2
14277,107.96180555555556,1,12
14278,77.0,1,10
14279,77.0,1,1
14280,77.0,1,5
14281,77.0,1,10
14282,372.0409722222222,1,2
14283,183.1,1,5
14284,77.0,1,2
14285,149.8076388888889,1,12
14286,77.0,1,12
14287,77.00208333333333,1,5
14288,77.0,1,5
14289,231.91041666666666,1,2
14290,77.0,1,12
14291,77.0,1,12
14292,118.12916666666666,1,3
14293,119.17013888888889,1,12
14294,77.0,1,10
14295,78.13680555555555,1,12
14296,77.0,1,5
14297,77.0,1,3
14298,727.4243055555555,0,12
14299,496.15694444444443,1,12
14300,17.627083333333335,0,11
14301,77.0,1,2
14302,152.04444444444445,1,12
14303,104.2125,1,10
14304,77.0,1,5
14305,134.40694444444443,0,7
14306,77.0,1,1
14307,182.1236111111111,1,12
14308,77.00625,1,6
14309,77.0,1,6
14310,77.0,1,10
14311,77.0,1,5
14312,77.0,1,7
14314,77.0,1,10
14315,147.04652777777778,1,3
14316,160.07847222222222,1,3
14317,63.55277777777778,0,10
14318,77.0,1,9
14319,77.0,1,10
14320,103.02638888888889,1,1
14321,118.99444444444444,1,8
14322,99.01805555555555,1,2
14323,77.0,1,4
14324,77.0,1,1
14325,77.0,1,5
14326,146.0548611111111,1,6
14327,147.0298611111111,1,1
14328,77.0,1,9
14329,526.8652777777778,1,12
14330,77.0,1,3
14331,87.91875,1,7
14332,112.09930555555556,1,10
14333,66.55694444444444,0,10
14334,442.0229166666667,1,5
14335,77.0,1,9
14336,154.9138888888889,1,3
14338,77.0,1,6
14339,77.0,1,10
14340,77.0,1,5
14341,189.9048611111111,1,12
14342,116.98819444444445,1,8
14343,132.94861111111112,1,1
14344,345.0861111111111,1,3
14345,37.58958333333333,0,11
14346,149.14930555555554,1,7
14347,77.0,1,12
14348,77.0,1,3
14349,9.347916666666666,0,11
14350,126.83958333333334,1,10
14351,77.0,1,6
14352,115.72152777777778,1,3
14353,98.08888888888889,1,10
14354,29.35,0,11
14355,77.0,1,3
14356,78.77430555555556,1,9
14357,42.31736111111111,0,10
14358,115.93402777777777,1,10
14359,86.62291666666667,0,9
14360,93.50138888888888,0,9
14361,77.0,1,5
14362,21.369444444444444,0,11
14363,126.09861111111111,1,9
14364,179.92013888888889,1,5
14365,77.0,1,1
14366,77.0,1,7
14367,275.40833333333336,0,3
14368,77.0,1,1
14369,96.22152777777778,1,2
14370,171.0076388888889,1,2
14371,77.0,1,2
14372,77.0,1,4
14373,77.0,1,12
14374,77.0,1,6
14375,77.0,1,6
14376,77.0,1,1
14377,147.99583333333334,1,3
14378,77.0,1,3
14379,77.0,1,8
14380,77.0,1,1
14381,77.0,1,9
14382,77.0,1,11
14383,77.0,1,6
14384,77.0,1,7
14385,22.50347222222222,0,11
14386,77.0,1,2
14387,108.40763888888888,0,8
14388,392.9638888888889,1,1
14389,138.95069444444445,1,4
14390,129.89375,1,10
14391,77.0,1,5
14392,77.0,1,10
14393,77.0,1,5
14394,77.0,1,5
14395,499.96458333333334,1,4
14396,165.0090277777778,1,12
14397,212.48263888888889,0,5
14398,77.0,1,6
14399,188.98611111111111,1,2
14400,77.0,1,3
14401,487.1048611111111,1,12
14402,77.0,1,2
14403,126.78263888888888,1,3
14404,217.84027777777777,1,12
14405,77.0,1,11
14406,77.0,1,8
14407,246.08541666666667,1,3
14408,77.0,1,12
14409,77.0,1,5
14410,421.9736111111111,1,9
14411,77.0,1,2
14412,77.0,1,10
14413,84.08472222222223,1,1
14414,93.04097222222222,1,11
14415,722.4111111111112,0,12
14416,41.36805555555556,0,10
14417,77.0,1,11
14418,77.0,1,8
14419,94.99097222222223,1,11
14420,77.0,1,1
14421,85.07708333333333,1,1
14422,424.93819444444443,1,12
14423,77.0,1,1
14424,16.508333333333333,0,11
14425,92.01527777777778,1,12
14426,319.075,1,3
14427,77.0,1,3
14428,77.0,1,1
14429,77.0,1,11
14430,77.0,1,4
14431,77.0,1,1
14432,88.41041666666666,0,9
14433,77.0,1,8
14434,71.35347222222222,0,9
14435,77.0,1,7
14436,77.0,1,6
14437,175.90347222222223,1,5
14438,77.0,1,2
14439,80.82430555555555,1,1
14440,216.11041666666668,1,12
14441,316.0486111111111,1,1
14442,77.0,1,1
14443,146.03541666666666,1,11
14444,77.0,1,9
14445,77.0,1,9
14446,77.0,1,11
14447,77.0,1,11
14448,77.0,1,12
14449,141.0375,1,9
14450,77.0,1,4
14451,379.1486111111111,1,1
14452,77.0,1,7
14453,77.0,1,6
14454,139.97152777777777,1,12
14455,140.0986111111111,1,8
14456,141.45416666666668,0,7
14457,77.0,1,2
14458,77.0,1,11
14459,77.0,1,2
14460,132.86041666666668,1,12
14461,384.9895833333333,1,1
14462,77.0,1,10
14463,77.0,1,7
14464,136.11111111111111,1,3
14465,272.79375,1,1
14466,153.77847222222223,1,12
14467,77.0,1,12
14468,77.0,1,12
14469,136.98819444444445,1,1
14470,77.0,1,10
14471,77.0,1,12
14472,77.0,1,1
14473,77.0,1,3
14474,77.0,1,5
14475,77.0,1,10
14476,77.0,1,3
14477,77.0,1,1
14478,132.99027777777778,1,12
14479,77.0,1,12
14480,77.0,1,12
14481,141.94027777777777,1,1
14482,168.05069444444445,1,8
14483,77.0,1,12
14484,77.0,1,12
14485,37.482638888888886,0,11
14486,118.96666666666667,1,6
14487,87.99027777777778,1,11
14488,66.60416666666667,0,10
14489,77.0,1,4
14490,99.14444444444445,1,10
14491,77.0,1,12
14492,265.95694444444445,1,3
14493,211.08402777777778,1,3
14494,77.0,1,12
14495,77.0,1,2
14496,131.03125,1,3
14497,77.0,1,2
14498,265.80833333333334,1,6
14499,172.10486111111112,1,8
14500,77.0,1,6
14501,77.0,1,1
14502,155.85416666666666,1,1
14503,77.0,1,6
14504,112.05763888888889,1,3
14505,602.9493055555556,1,12
14506,77.0,1,4
14507,77.0,1,12
14508,77.00486111111111,1,6
14509,77.0,1,6
14510,137.96597222222223,1,9
14511,132.4909722222222,0,7
14512,77.0,1,12
14513,77.0,1,5
14514,366.9951388888889,1,12
14515,77.0,1,6
14516,77.0,1,7
14517,77.0,1,7
14518,63.386805555555554,0,10
14519,122.02638888888889,1,12
14520,77.0,1,2
14521,77.0,1,8
14522,165.86805555555554,1,1
14523,77.0,1,8
14524,132.9701388888889,1,10
14525,236.13194444444446,1,12
14526,77.0,1,11
14527,736.4958333333333,0,12
14528,36.28541666666667,0,11
14529,109.40972222222223,0,8
14530,368.06944444444446,1,1
14531,77.0,1,8
14532,245.04444444444445,1,1
14533,109.12430555555555,1,4
14534,77.0,1,3
14535,223.0625,1,2
14536,77.0,1,3
14537,77.0,1,3
14538,77.0,1,1
14539,43.49791666666667,0,10
14540,133.09930555555556,1,12
14541,183.13472222222222,1,1
14542,77.0,1,6
14543,737.4256944444444,0,12
14544,77.0,1,8
14545,77.0,1,2
14546,139.94305555555556,1,12
14547,53.392361111111114,0,10
14548,77.00416666666666,1,12
14549,77.0,1,12
14550,77.0,1,8
14551,77.0,1,1
14552,77.0,1,4
14553,247.14791666666667,1,7
14554,51.455555555555556,0,10
14555,77.0,1,12
14556,169.13055555555556,1,1
14557,77.0,1,9
14558,154.09027777777777,1,12
14559,77.0,1,11
14560,736.5729166666666,0,12
14561,99.01180555555555,1,6
14562,356.875,1,2
14563,77.0,1,4
14564,77.0,1,12
14565,77.0,1,8
14566,193.1826388888889,1,6
14567,129.425,0,8
14568,77.0,1,9
14569,77.0,1,4
14570,77.0,1,9
14571,77.0,1,10
14572,140.0361111111111,1,3
14573,77.0,1,1
14574,77.0,1,12
14575,77.0,1,8
14576,77.0,1,12
14577,124.00138888888888,1,12
14578,2.279166666666667,0,12
14579,77.0,1,10
14580,77.0,1,7
14581,77.0,1,6
14582,39.50277777777778,0,10
14583,77.0,1,3
14584,107.09930555555556,1,2
14585,111.01875,1,10
14586,77.0,1,3
14587,224.03680555555556,1,1
14588,77.0,1,5
14589,77.0,1,12
14590,384.9138888888889,1,12
14591,77.0,1,5
14592,63.24444444444445,0,10
14593,160.95416666666668,1,12
14594,77.0,1,12
14595,77.0,1,1
14596,77.0,1,3
14597,135.01458333333332,1,9
14598,77.0,1,5
14599,77.0,1,7
14600,77.0,1,11
14601,9.591666666666667,0,11
14602,77.0,1,2
14603,77.0,1,3
14604,77.0,1,3
14605,77.00138888888888,1,12
14606,735.4722222222222,0,12
14607,334.09027777777777,1,12
14608,81.12222222222222,1,12
14609,77.0,1,2
14610,77.0,1,7
14611,77.0,1,4
14612,77.0,1,10
14613,77.0,1,1
14614,77.0,1,11
14615,230.98402777777778,1,6
14616,77.0,1,6
14617,90.0423611111111,1,10
14618,77.0,1,6
14619,77.0,1,6
14620,77.0,1,3
14621,77.0,1,1
14622,77.0,1,6
14623,144.9076388888889,1,4
14624,147.00347222222223,1,4
14625,119.8236111111111,1,12
14626,104.85138888888889,1,12
14627,77.0,1,11
14628,118.75138888888888,1,1
14629,46.324305555555554,0,10
14630,77.0,1,8
14631,177.82777777777778,1,8
14632,77.0,1,3
14633,77.0,1,3
14634,181.0361111111111,1,6
14635,77.0,1,9
14636,77.0,1,3
14637,77.0,1,1
14638,49.576388888888886,0,10
14639,77.0,1,2
14640,138.76388888888889,1,1
14641,20.554166666666667,0,11
14642,57.53611111111111,0,10
14643,77.0,1,12
14644,77.0,1,12
14645,77.0,1,3
14646,736.2972222222222,0,12
14647,77.0,1,7
14648,389.96736111111113,1,12
14649,121.00972222222222,1,1
14650,77.0,1,4
14651,179.14305555555555,1,3
14652,76.40208333333334,0,9
14653,132.19305555555556,1,12
14654,77.0,1,12
14655,150.80277777777778,1,4
14656,77.0,1,4
14657,82.81666666666666,1,9
14658,77.0,1,8
14659,314.47013888888887,0,1
14660,91.0375,1,8
14661,25.50625,0,11
14662,77.0,1,12
14663,77.00625,1,10
14664,32.37777777777778,0,11
14665,77.0,1,4
14666,23.460416666666667,0,11
14667,736.4736111111112,0,12
14668,77.0,1,9
14669,180.85625,1,12
14670,77.0,1,12
14671,95.80416666666666,1,5
14672,77.0,1,1
14673,119.10763888888889,1,10
14674,77.0,1,7
14675,77.0,1,11
14676,98.22916666666667,1,3
14677,77.0,1,4
14678,77.0,1,5
14679,77.0,1,12
14680,734.475,0,12
14681,86.16875,1,2
14682,125.09652777777778,1,2
14683,77.0,1,4
14684,104.94236111111111,1,11
14685,227.06666666666666,1,12
14686,77.00277777777778,1,2
14687,77.0,1,6
14688,455.47569444444446,0,9
14689,77.0,1,5
14690,95.1048611111111,1,10
14691,77.0,1,5
14692,459.0486111111111,1,4
14693,177.20694444444445,1,7
14694,77.0,1,4
14695,77.08472222222223,1,12
14696,173.01805555555555,1,10
14697,77.00694444444444,1,5
14698,50.4625,0,10
14699,167.13194444444446,1,7
14700,147.0048611111111,1,8
14701,77.0,1,1
14702,205.6548611111111,1,12
14703,13.609027777777778,0,11
14704,77.0,1,3
14705,77.0,1,5
14706,77.0,1,3
14707,77.0,1,5
14708,164.08125,1,9
14709,733.3569444444445,0,12
14710,83.01041666666667,1,12
14711,261.43611111111113,0,3
14712,77.0,1,10
14713,735.1930555555556,0,12
14714,77.0,1,1
14715,77.0,1,1
14716,77.0,1,9
14717,77.0,1,12
14718,77.0,1,10
14719,146.94097222222223,1,4
14720,114.07638888888889,1,8
14721,77.0,1,11
14722,86.04583333333333,1,8
14723,77.0,1,12
14724,77.0,1,4
14725,77.00347222222223,1,6
14726,77.0,1,2
14727,77.00486111111111,1,6
14728,77.0,1,10
14729,77.00347222222223,1,3
14730,275.4659722222222,0,3
14731,83.91388888888889,1,5
14732,302.17569444444445,1,12
14733,368.84375,1,11
14734,202.8673611111111,1,6
14735,734.5194444444444,0,12
14736,77.00555555555556,1,8
14737,124.09722222222223,1,11
14738,77.0,1,12
14739,476.00416666666666,1,12
14740,173.21597222222223,1,2
14741,133.09097222222223,1,10
14742,77.0,1,9
14743,77.0,1,4
14744,84.00208333333333,1,5
14745,213.10694444444445,1,3
14746,94.15138888888889,1,10
14747,77.0,1,4
14748,104.88194444444444,1,3
14749,77.0,1,8
14750,77.0,1,12
14751,118.97847222222222,1,12
14752,42.50347222222222,0,10
14753,77.0,1,9
14754,77.0,1,1
14755,735.2979166666667,0,12
14756,118.89722222222223,1,10
14757,74.39166666666667,0,9
14758,77.0,1,4
14759,77.0,1,4
14760,77.0,1,2
14761,77.0,1,9
14762,77.0,1,3
14764,45.50416666666667,0,10
14765,140.8034722222222,1,6
14766,262.18194444444447,1,6
14767,77.0,1,8
14768,77.0,1,8
14769,174.01805555555555,1,12
14770,261.65763888888887,1,2
14771,77.0,1,12
14772,77.0,1,8
14773,77.0,1,4
14774,77.0,1,6
14775,77.0,1,12
14776,210.96180555555554,1,9
14777,77.0,1,11
14778,77.0,1,2
14779,120.02638888888889,1,1
14780,78.36458333333333,0,9
14782,77.0,1,1
14783,77.0,1,2
14784,142.98333333333332,1,11
14785,14.430555555555555,0,11
14786,77.0,1,6
14787,77.0,1,8
14788,77.0,1,4
14789,27.625694444444445,0,11
14790,85.96527777777777,1,12
14791,77.0,1,4
14792,62.611805555555556,0,10
14793,77.0,1,6
14794,360.83958333333334,1,8
14795,77.0,1,6
14796,184.84444444444443,1,12
14797,77.0,1,7
14798,193.23402777777778,1,3
14799,77.0,1,12
14800,434.3902777777778,0,9
14801,60.358333333333334,0,10
14802,77.00138888888888,1,9
14803,93.95208333333333,1,2
14804,7.527777777777778,0,12
14805,77.0,1,3
14806,77.0,1,9
14807,77.0,1,2
14808,171.46319444444444,0,6
14809,77.00138888888888,1,3
14810,428.45,0,10
14811,77.0,1,11
14812,77.0,1,4
14813,77.0,1,4
14814,77.0,1,5
14815,66.51666666666667,0,10
14816,77.0,1,5
14817,104.01805555555555,1,3
14818,77.0,1,3
14819,77.0,1,12
14820,77.0,1,1
14821,121.74861111111112,1,2
14822,77.0,1,8
14823,91.01666666666667,1,5
14824,149.90833333333333,1,3
14825,611.4069444444444,0,4
14826,77.0,1,1
14828,472.93819444444443,1,12
14829,152.85833333333332,1,9
14830,52.39652777777778,0,10
14831,134.21527777777777,1,12
14832,77.0,1,3
14833,77.0,1,7
14834,77.0,1,10
14835,77.0,1,4
14836,29.440277777777776,0,11
14837,77.0,1,1
14838,77.0,1,12
14839,77.0,1,1
14840,77.0,1,6
14841,169.08125,1,12
14842,77.0,1,2
14843,77.0,1,9
14844,77.0,1,4
14845,77.0,1,4
14846,77.0,1,10
14847,77.0,1,5
14848,77.0,1,10
14849,697.5138888888889,0,1
14850,77.00972222222222,1,5
14851,77.0,1,3
14852,296.99652777777777,1,3
14853,139.26805555555555,1,4
14854,77.0,1,1
14855,77.0,1,4
14856,55.60069444444444,0,10
14857,77.00277777777778,1,3
14858,77.0,1,7
14859,77.0,1,6
14860,18.40486111111111,0,11
14861,135.20347222222222,1,12
14862,77.0,1,7
14863,28.372222222222224,0,11
14865,77.0,1,12
14866,181.12777777777777,1,8
14867,280.88402777777776,1,12
14868,116.95902777777778,1,10
14869,137.16319444444446,1,12
14870,112.0826388888889,1,1
14871,90.9798611111111,1,12
14872,125.79444444444445,1,3
14873,77.0,1,3
14874,77.0,1,6
14875,77.0,1,9
14876,117.04722222222222,1,5
14877,77.0,1,3
14878,560.0,1,2
14879,77.0,1,1
14880,77.0,1,2
14881,18.5375,0,11
14882,181.04583333333332,1,3
14883,124.98819444444445,1,5
14884,77.0,1,2
14885,115.08125,1,8
14886,77.0,1,4
14887,77.0,1,9
14888,77.0,1,5
14889,77.0,1,1
14890,118.02777777777777,1,2
14891,96.97847222222222,1,9
14892,77.0,1,1
14893,77.0,1,4
14894,77.0,1,12
14895,422.9784722222222,1,12
14896,165.94027777777777,1,12
14897,77.0,1,12
14898,207.9138888888889,1,12
14899,77.0,1,11
14900,77.0,1,7
14901,215.0125,1,7
14902,77.0,1,6
14903,231.0361111111111,1,3
14904,96.11944444444444,1,10
14905,77.0,1,12
14906,77.0,1,9
14907,77.0,1,4
14908,77.0,1,9
14909,77.0,1,2
14910,53.5375,0,10
14911,737.5131944444445,0,12
14912,77.0,1,1
14913,203.24652777777777,1,8
14915,77.0,1,12
14916,115.02916666666667,1,4
14917,77.07222222222222,1,4
14918,283.0576388888889,1,4
14919,77.0,1,6
14920,77.0,1,5
14921,77.0,1,5
14922,77.0,1,7
14923,49.50625,0,10
14924,106.11736111111111,1,3
14926,77.0,1,4
14927,77.0,1,11
14928,77.0,1,3
14929,77.0,1,10
14930,120.16597222222222,1,4
14931,111.31944444444444,1,4
14932,97.10555555555555,1,11
14933,77.72083333333333,1,9
14934,139.96944444444443,1,9
14935,77.0,1,3
14936,77.00347222222223,1,5
14937,129.40555555555557,0,8
14938,77.00208333333333,1,5
14940,77.0,1,12
14941,77.0,1,5
14942,77.0,1,12
14943,77.0,1,2
14944,134.125,1,2
14945,77.0,1,10
14946,13.435416666666667,0,11
14947,171.96180555555554,1,3
14948,77.0,1,5
14949,149.74722222222223,1,12
14950,18.425,0,11
14951,77.0,1,9
14952,527.7888888888889,1,12
14953,94.025,1,9
14954,77.0,1,1
14955,77.0,1,12
14956,77.0,1,10
14957,77.0,1,3
14958,77.0,1,12
14959,77.0,1,2
14960,77.0,1,6
14961,87.08611111111111,1,12
14962,122.04166666666667,1,5
14963,222.94166666666666,1,7
14964,77.0,1,4
14965,77.00347222222223,1,9
14966,77.91597222222222,1,12
14967,153.92708333333334,1,12
14968,77.0,1,9
14969,77.0,1,1
14970,209.88333333333333,1,2
14971,42.43541666666667,0,10
14972,77.0,1,11
14973,77.0,1,4
14974,36.45763888888889,0,11
14975,77.0,1,10
14976,129.06458333333333,1,1
14977,77.0,1,12
14978,159.07916666666668,1,4
14979,77.0,1,12
14980,77.0,1,12
14981,77.0,1,10
14982,77.0,1,5
14983,77.0,1,1
14984,77.0,1,1
14985,77.0,1,12
14986,77.0,1,1
14987,95.84583333333333,1,12
14988,94.95555555555555,1,4
14989,77.0,1,2
14990,77.0,1,12
14991,77.0,1,10
14992,77.0,1,9
14993,77.0,1,5
14994,111.88333333333334,1,3
14995,77.0,1,3
14996,77.00208333333333,1,8
14997,77.0,1,2
14998,77.0,1,4
14999,77.0,1,4
15000,46.5125,0,10
15001,77.01388888888889,1,11
15002,113.00277777777778,1,1
15003,132.9423611111111,1,1
15004,77.0,1,7
15005,737.4034722222223,0,12
15006,77.0,1,9
15007,77.0,1,7
15008,77.0,1,3
15009,24.26388888888889,0,11
15010,34.47083333333333,0,11
15011,97.96180555555556,1,10
15012,77.0,1,5
15013,266.99305555555554,1,1
15014,77.0,1,6
15015,300.9611111111111,1,12
15016,77.0,1,6
15017,32.56041666666667,0,11
15018,77.0,1,12
15019,77.0,1,3
15020,77.0,1,11
15021,77.0,1,7
15022,77.0,1,1
15023,673.34375,0,2
15024,204.825,1,10
15025,77.0,1,5
15026,149.9986111111111,1,9
15027,137.79652777777778,1,3
15028,102.92708333333333,1,11
15029,77.0,1,3
15030,91.01666666666667,1,3
15031,268.96319444444447,1,12
15032,77.0,1,12
15033,328.43888888888887,0,1
15034,128.97569444444446,1,5
15035,77.0,1,9
15036,79.05277777777778,1,6
15037,77.03541666666666,1,11
15038,132.84652777777777,1,10
15039,728.5145833333333,0,12
15040,77.0,1,6
15041,77.0,1,9
15042,77.0,1,4
15043,146.97152777777777,1,6
15044,279.87152777777777,1,12
15045,77.0,1,3
15046,345.90277777777777,1,1
15047,77.0,1,3
15048,77.0,1,12
15049,77.0,1,3
15050,136.09583333333333,1,8
15051,153.88541666666666,1,12
15052,77.0,1,1
15053,77.0,1,3
15054,39.39375,0,10
15055,77.0,1,12
15056,77.0,1,7
15057,77.0,1,12
15058,137.8513888888889,1,2
15059,513.9486111111111,1,12
15060,8.414583333333333,0,11
15061,737.4875,0,12
15062,77.0,1,4
15063,77.0,1,5
15064,77.0,1,12
15065,77.0,1,10
15066,52.44097222222222,0,10
15067,77.0,1,4
15068,77.0,1,3
15069,77.0,1,6
15070,77.0,1,12
15071,77.0,1,5
15072,77.0,1,8
15073,77.0,1,1
15074,115.16805555555555,1,8
15075,76.48125,0,9
15076,106.97638888888889,1,7
15077,77.0,1,12
15078,734.4979166666667,0,12
15079,77.00069444444445,1,12
15080,151.07569444444445,1,7
15081,245.24652777777777,1,6
15082,77.0,1,2
15083,77.0,1,3
15084,77.0,1,3
15085,77.0,1,12
15086,137.93819444444443,1,3
15087,77.0,1,3
15088,66.41319444444444,0,10
15089,127.40694444444445,0,8
15090,77.0,1,2
15091,77.00277777777778,1,2
15092,77.0,1,9
15093,521.0486111111111,1,12
15094,77.0,1,3
15095,77.0,1,1
15096,41.56458333333333,0,10
15097,77.00763888888889,1,5
15098,77.00763888888889,1,6
15099,77.0,1,9
15100,77.0,1,1
15101,151.82361111111112,1,4
15102,93.08333333333333,1,6
15103,85.42083333333333,0,9
15104,77.0,1,3
15105,77.0,1,3
15106,268.4638888888889,0,3
15107,217.16597222222222,1,9
15108,162.97916666666666,1,4
15109,77.0,1,12
15110,77.0,1,8
15111,77.0,1,4
15112,77.0,1,4
15113,53.35625,0,10
15114,114.97916666666667,1,10
15115,77.0,1,12
15116,147.0402777777778,1,5
15117,77.00069444444445,1,3
15118,77.0,1,7
15119,77.0,1,4
15120,77.0,1,7
15121,77.0,1,2
15122,273.8173611111111,1,3
15123,77.0,1,3
15124,77.0,1,2
15125,215.85069444444446,1,3
15126,77.0,1,1
15127,77.0,1,7
15128,77.0,1,10
15129,301.7729166666667,1,4
15130,77.0,1,6
15131,77.0,1,11
15132,139.86875,1,3
15133,77.0,1,7
15134,118.09375,1,10
15135,77.0,1,6
15136,95.32986111111111,0,9
15137,77.0,1,1
15138,77.0,1,11
15139,77.0,1,1
15140,77.0,1,9
15141,240.81597222222223,1,3
15142,167.27152777777778,1,7
15143,77.0,1,10
15144,725.5173611111111,0,12
15145,98.05555555555556,1,4
15146,77.0,1,2
15147,77.0,1,4
15148,9.652083333333334,0,11
15149,150.20208333333332,1,2
15150,77.0,1,6
15151,77.0,1,7
15152,77.0,1,1
15153,30.285416666666666,0,11
15154,77.00138888888888,1,8
15155,77.0,1,11
15156,32.47152777777778,0,11
15157,77.0,1,12
15158,77.0,1,11
15159,430.6034722222222,0,10
15160,140.95069444444445,1,10
15161,77.0,1,11
15162,77.0,1,12
15163,77.0,1,5
15164,77.0,1,1
15165,77.0,1,12
15166,77.0,1,8
15167,77.0,1,2
15168,24.523611111111112,0,11
15169,77.0,1,12
15170,77.0,1,10
15171,77.0,1,1
15172,235.50277777777777,0,4
15173,160.05416666666667,1,4
15174,77.0,1,10
15175,70.5201388888889,0,9
15176,77.0,1,2
15177,77.0,1,10
15178,77.0,1,3
15179,286.99930555555557,1,12
15180,77.0,1,4
15181,77.0,1,12
15182,77.0,1,2
15183,113.96666666666667,1,5
15184,77.0,1,12
15185,69.4125,0,9
15186,77.0,1,1
15187,211.42430555555555,0,5
15188,77.0,1,12
15189,508.4326388888889,0,7
15190,77.0,1,10
15191,77.0,1,1
15192,77.0,1,1
15193,59.65069444444445,0,10
15194,91.16666666666667,1,12
15195,1.4861111111111112,0,12
15196,77.0,1,12
15197,77.0,1,12
15198,149.17638888888888,1,1
15199,417.1048611111111,1,5
15200,77.0,1,8
15201,77.0,1,4
15202,77.01805555555555,1,10
15203,417.75555555555553,1,12
15204,77.0,1,12
15205,119.1451388888889,1,8
15206,77.0,1,3
15207,77.0,1,6
15208,147.03194444444443,1,10
15209,77.0,1,12
15210,77.0,1,5
15211,77.0,1,12
15212,77.0,1,11
15213,88.05277777777778,1,1
15214,135.9986111111111,1,4
15215,105.06805555555556,1,4
15216,77.0,1,3
15217,77.0,1,5
15218,681.51875,0,1
15219,77.0,1,3
15220,279.56666666666666,0,3
15221,121.21527777777777,1,3
15222,196.05972222222223,1,12
15223,120.14930555555556,1,12
15224,123.74791666666667,1,1
15225,77.0,1,4
15226,77.0,1,2
15227,140.07361111111112,1,3
15228,148.16875,1,7
15229,77.0,1,5
15230,78.14930555555556,1,4
15231,77.0,1,3
15232,104.17083333333333,1,7
15233,77.0,1,11
15234,77.0,1,3
15235,247.87222222222223,1,11
15236,77.0,1,2
15237,100.98819444444445,1,4
15238,77.0,1,6
15239,77.58819444444444,0,9
15240,77.0,1,12
15241,77.0,1,2
15242,77.0,1,10
15243,77.0,1,9
15244,77.0,1,2
15245,269.94097222222223,1,4
15246,77.0,1,6
15247,136.83680555555554,1,6
15248,199.94097222222223,1,6
15249,187.9361111111111,1,3
15250,77.0,1,3
15251,257.89444444444445,1,1
15252,112.06319444444445,1,4
15253,141.20138888888889,1,5
15254,91.01527777777778,1,5
15255,77.0,1,12
15256,77.0,1,5
15257,77.0,1,10
15258,125.9263888888889,1,5
15259,77.0,1,1
15260,438.01666666666665,1,12
15261,129.88472222222222,1,10
15262,77.0,1,8
15263,77.0,1,8
15264,77.0,1,6
15265,77.0,1,12
15266,92.11458333333333,1,1
15267,104.05,1,6
15268,77.0,1,4
15269,87.10625,1,11
15270,180.94305555555556,1,12
15271,230.82569444444445,1,8
15272,77.0,1,2
15273,77.0,1,4
15274,17.40486111111111,0,11
15275,36.52777777777778,0,11
15276,117.15486111111112,1,10
15277,77.0,1,10
15278,77.00069444444445,1,2
15279,122.12986111111111,1,2
15280,77.0,1,5
15281,367.88125,1,10
15282,77.0,1,5
15283,108.00069444444445,1,7
15284,77.0,1,7
15285,77.0,1,10
15286,48.53611111111111,0,10
15287,77.0,1,12
15288,146.89027777777778,1,2
15289,77.0,1,3
15290,652.5729166666666,0,2
15291,640.9409722222222,1,12
15292,77.0,1,5
15293,77.0,1,2
15294,77.0,1,10
15295,77.0,1,2
15296,77.0,1,1
15297,62.59583333333333,0,10
15298,730.2888888888889,0,12
15299,77.0,1,1
15300,63.28611111111111,0,10
15301,158.86111111111111,1,9
15302,77.0,1,12
15303,77.0,1,1
15304,130.05416666666667,1,10
15305,77.0,1,6
15306,235.89375,1,2
15307,77.0,1,9
15308,77.0,1,3
15309,77.0,1,12
15310,77.0,1,8
15311,737.5270833333333,0,12
15312,219.0388888888889,1,12
15313,77.0,1,8
15314,91.85972222222222,1,10
15315,115.36319444444445,0,8
15316,77.0,1,1
15317,77.0,1,1
15318,2.5208333333333335,0,12
15319,77.0,1,3
15320,43.43958333333333,0,10
15321,188.0048611111111,1,2
15322,77.0,1,8
15323,176.02777777777777,1,2
15324,77.0,1,1
15325,154.09583333333333,1,2
15326,206.08541666666667,1,12
15327,51.50347222222222,0,10
15328,77.0,1,10
15329,77.0,1,12
15330,59.479166666666664,0,10
15331,77.0,1,4
15332,77.0,1,7
15333,77.0,1,5
15334,93.89652777777778,1,6
15335,52.46527777777778,0,10
15336,77.0,1,11
15337,77.0,1,10
15338,77.0,1,1
15339,123.15694444444445,1,2
15340,77.0,1,5
15341,77.0,1,9
15342,77.0,1,8
15343,77.0,1,9
15344,73.38333333333334,0,9
15345,44.522222222222226,0,10
15346,82.94722222222222,1,10
15347,148.10763888888889,1,9
15348,71.44652777777777,0,9
15349,106.01388888888889,1,6
15350,86.92986111111111,1,11
15351,139.97986111111112,1,10
15352,77.0,1,6
15353,77.0,1,12
15354,77.00486111111111,1,4
15355,52.359722222222224,0,10
15356,421.45,0,10
15358,731.4868055555555,0,12
15359,107.97013888888888,1,1
15360,38.60069444444444,0,10
15361,94.03333333333333,1,6
15362,77.0,1,12
15363,77.0,1,8
15364,77.0,1,3
15365,77.0,1,2
15366,178.02708333333334,1,2
15367,77.0,1,12
15368,77.0,1,11
15369,132.33125,1,12
15370,77.0,1,10
15371,77.0,1,2
15372,79.10277777777777,1,2
15373,163.09097222222223,1,5
15374,77.0,1,3
15375,77.0,1,1
15376,77.0,1,5
15377,109.88402777777777,1,10
15378,116.11319444444445,1,7
15379,308.0513888888889,1,11
15380,265.93194444444447,1,12
15381,119.08819444444444,1,5
15382,77.0,1,12
15384,77.0,1,4
15385,77.0,1,1
15386,77.0,1,6
15387,77.0,1,8
15388,77.0,1,3
15389,77.0,1,1
15390,89.91388888888889,1,10
15391,77.0,1,5
15392,148.125,1,10
15393,107.89652777777778,1,12
15394,77.0,1,12
15395,77.0,1,1
15396,77.0,1,5
15397,77.0,1,2
15398,77.37777777777778,0,9
15399,78.33541666666666,0,9
15400,217.14375,1,5
15401,77.0,1,5
15402,189.07638888888889,1,4
15403,77.0,1,12
15404,77.0,1,11
15405,77.0,1,5
15406,77.00277777777778,1,9
15407,77.0,1,2
15408,77.0,1,3
15409,77.0,1,12
15410,108.03888888888889,1,4
15411,181.47916666666666,0,6
15412,77.0,1,6
15413,124.05208333333333,1,12
15414,77.0,1,4
15415,77.0,1,1
15416,77.0,1,2
15417,77.0,1,9
15418,77.0,1,5
15419,23.60902777777778,0,11
15420,133.9423611111111,1,12
15421,159.88819444444445,1,12
15422,77.0,1,2
15423,116.81875,1,3
15424,77.0,1,9
15425,111.95555555555555,1,2
15426,77.0,1,5
15427,46.384027777777774,0,10
15428,77.0,1,12
15429,74.42916666666666,0,9
15430,137.81805555555556,1,6
15431,77.0,1,7
15432,77.0,1,6
15433,130.85625,1,3
15434,77.0,1,1
15435,21.30625,0,11
15436,77.0,1,4
15437,77.0,1,3
15438,77.0,1,7
15439,77.00277777777778,1,2
15440,149.12291666666667,1,5
15441,77.0,1,12
15442,77.0,1,4
15443,245.02430555555554,1,3
15444,39.325,0,10
15445,77.0,1,4
15446,77.0,1,12
15447,174.93472222222223,1,3
15448,77.0,1,2
15449,153.24930555555557,1,3
15450,29.284027777777776,0,11
15451,77.0,1,4
15452,115.90277777777777,1,7
15453,186.47430555555556,0,6
15454,77.0,1,3
15455,77.0,1,4
15456,156.22083333333333,1,12
15457,77.0,1,3
15458,77.0,1,11
15459,77.0,1,7
15460,77.0,1,12
15461,77.0,1,3
15462,77.0,1,9
15463,28.460416666666667,0,11
15464,77.0,1,1
15465,225.2097222222222,1,12
15466,77.0,1,12
15467,84.02916666666667,1,7
15468,77.0,1,11
15469,77.0,1,9
15470,77.0,1,5
15471,77.0,1,6
15472,77.0,1,8
15473,77.0,1,9
15474,77.0,1,4
15475,76.36111111111111,0,9
15476,139.0534722222222,1,9
15477,77.0,1,2
15478,77.0,1,5
15479,77.0,1,12
15480,77.01736111111111,1,2
15481,77.0,1,11
15482,213.73055555555555,1,12
15483,77.0,1,1
15484,77.0,1,12
15485,133.90694444444443,1,12
15486,77.0,1,6
15487,77.0,1,1
15488,77.0,1,5
15489,77.0,1,1
15490,77.0,1,10
15491,133.07291666666666,1,4
15492,73.41527777777777,0,9
15493,119.01944444444445,1,2
15494,77.0,1,12
15495,77.0,1,11
15496,77.0,1,3
15497,220.95277777777778,1,12
15498,722.2729166666667,0,12
15499,77.0,1,12
15500,80.42569444444445,0,9
15501,87.93611111111112,1,10
15502,77.0,1,6
15503,77.0,1,12
15504,136.00972222222222,1,2
15505,154.43541666666667,0,7
15506,173.00694444444446,1,8
15507,77.0,1,6
15508,123.00833333333334,1,4
15509,77.0,1,11
15510,77.0,1,1
15511,84.37152777777777,0,9
15512,77.0,1,2
15513,694.3756944444444,0,1
15514,216.89791666666667,1,12
15515,77.0,1,11
15516,45.51875,0,10
15517,77.0,1,4
15518,114.02361111111111,1,12
15519,140.0263888888889,1,9
15520,0.5430555555555555,0,12
15521,77.0,1,1
15522,86.48194444444445,0,9
15523,426.0076388888889,1,12
15524,77.0,1,4
15525,86.04652777777778,1,11
15526,32.37430555555556,0,11
15527,485.775,1,12
15528,77.0,1,3
15529,393.3986111111111,0,11
15530,77.0,1,7
15531,29.259027777777778,0,11
15532,268.0784722222222,1,6
15533,88.34652777777778,0,9
15534,77.0,1,12
15535,198.6923611111111,1,9
15536,77.0,1,10
15537,77.0,1,6
15538,202.92430555555555,1,2
15539,6.433333333333334,0,12
15540,77.0,1,11
15541,77.0,1,8
15542,77.00902777777777,1,12
15543,77.0,1,9
15544,257.8277777777778,1,1
15545,77.0,1,12
15546,77.00416666666666,1,4
15547,616.0861111111111,1,12
15548,77.0,1,4
15549,150.14375,1,1
15550,137.96319444444444,1,12
15551,77.0,1,6
15552,77.0,1,3
15553,59.415277777777774,0,10
15554,77.0,1,3
15555,449.01944444444445,1,12
15556,23.32777777777778,0,11
15557,27.468055555555555,0,11
15558,77.0,1,3
15559,77.0,1,5
15560,77.00069444444445,1,11
15561,77.0,1,2
15562,77.0,1,12
15563,153.0,1,1
15564,77.0,1,2
15565,69.55277777777778,0,9
15566,77.0,1,12
15567,17.55,0,11
15568,72.39097222222222,0,9
15569,195.99930555555557,1,2
15570,556.9340277777778,1,3
15571,77.0,1,12
15572,77.0,1,4
15573,187.97291666666666,1,12
15574,182.92430555555555,1,9
15575,77.0,1,3
15576,36.49791666666667,0,11
15577,79.94236111111111,1,12
15578,77.0,1,6
15579,195.8972222222222,1,10
15580,370.98541666666665,1,2
15581,130.04513888888889,1,12
15582,77.0,1,5
15583,77.0,1,11
15584,77.0,1,2
15585,77.0,1,6
15586,185.0402777777778,1,1
15587,77.0,1,8
15588,77.0,1,1
15589,131.9638888888889,1,2
15590,99.95486111111111,1,4
15591,168.00208333333333,1,2
15592,45.62569444444444,0,10
15593,69.50972222222222,0,9
15594,77.0,1,4
15595,77.0,1,8
15596,361.9277777777778,1,7
15597,77.0,1,5
15598,77.0,1,10
15599,77.0,1,9
15600,128.02569444444444,1,4
15601,737.3798611111112,0,12
15602,190.05555555555554,1,12
15603,77.0,1,3
15604,51.384027777777774,0,10
15605,182.80902777777777,1,1
15606,183.87847222222223,1,3
15607,233.98541666666668,1,1
15608,77.0,1,10
15609,77.0,1,6
15610,50.55833333333333,0,10
15611,682.3819444444445,0,1
15612,60.46597222222222,0,10
15613,77.0,1,4
15614,77.0,1,3
15615,736.3555555555556,0,12
15616,77.0,1,9
15617,77.0,1,7
15618,135.57430555555555,0,7
15619,9.656944444444445,0,11
15620,128.1263888888889,1,10
15621,20.507638888888888,0,11
15622,172.0638888888889,1,3
15623,412.81458333333336,1,12
15624,216.92083333333332,1,3
15625,146.9326388888889,1,6
15626,77.0,1,10
15627,142.09583333333333,1,7
15628,436.84166666666664,1,12
15629,159.08819444444444,1,6
15630,77.0,1,3
15631,77.0,1,3
15632,273.6465277777778,0,3
15633,298.8354166666667,1,12
15634,77.0,1,11
15635,77.0,1,11
15636,77.0,1,5
15637,77.0,1,12
15638,94.04722222222222,1,4
15639,77.0,1,4
15640,724.3083333333333,0,12
15641,125.80486111111111,1,12
15642,77.0,1,12
15643,77.0,1,3
15644,81.99305555555556,1,3
15645,88.23958333333333,1,10
15646,115.16180555555556,1,10
15647,77.0,1,10
15648,139.87083333333334,1,3
15649,127.88333333333334,1,11
15650,77.0,1,3
15651,77.0,1,4
15652,174.92777777777778,1,8
15653,100.04097222222222,1,8
15654,25.364583333333332,0,11
15655,77.0,1,4
15656,182.92777777777778,1,2
15657,21.486805555555556,0,11
15658,77.0,1,12
15659,77.0,1,2
15660,217.02847222222223,1,2
15661,338.24791666666664,1,5
15662,77.0,1,12
15663,77.0,1,8
15664,144.81041666666667,1,2
15665,77.0,1,3
15666,100.02291666666666,1,8
15667,38.544444444444444,0,10
15668,77.0,1,5
15669,77.0,1,3
15670,77.0,1,6
15671,105.08888888888889,1,3
15672,77.0,1,12
15673,280.8611111111111,1,2
15674,77.0,1,12
15675,77.0,1,10
15676,77.0,1,3
15677,119.13263888888889,1,9
15678,77.0,1,7
15679,105.21319444444444,1,6
15680,232.89236111111111,1,12
15681,262.0340277777778,1,5
15682,77.0,1,1
15683,77.0,1,8
15684,110.79722222222222,1,12
15685,77.0,1,9
15686,77.0,1,10
15687,138.77708333333334,1,1
15688,77.0,1,10
15689,77.0,1,4
15690,77.0,1,8
15691,77.0,1,12
15692,27.408333333333335,0,11
15693,77.0,1,2
15694,77.0,1,12
15695,77.0,1,1
15696,214.11875,1,1
15697,77.0,1,1
15698,77.0,1,3
15699,16.648611111111112,0,11
15700,78.05347222222223,1,6
15701,109.475,0,8
15702,77.0,1,1
15703,77.0,1,3
15704,77.0,1,5
15705,77.0,1,5
15706,115.39444444444445,0,8
15707,85.40347222222222,0,9
15708,280.00208333333336,1,10
15709,77.0,1,4
15710,77.0,1,10
15711,77.0,1,1
15712,144.99930555555557,1,12
15713,77.0,1,12
15714,82.85347222222222,1,6
15715,140.90208333333334,1,3
15716,77.0,1,12
15717,248.30625,1,4
15718,77.0,1,6
15719,737.4673611111111,0,12
15720,77.0,1,6
15721,10.490277777777777,0,11
15722,114.01597222222222,1,3
15723,77.0,1,5
15724,77.0,1,11
15725,14.38125,0,11
15726,77.0,1,11
15727,77.0,1,1
15728,141.82847222222222,1,9
15729,80.09930555555556,1,11
15730,126.85138888888889,1,10
15731,77.0,1,6
15732,164.09791666666666,1,2
15733,77.0,1,3
15734,77.0,1,6
15735,77.0,1,10
15736,77.00069444444445,1,9
15737,241.58263888888888,0,4
15738,728.3388888888888,0,12
15739,65.42916666666666,0,10
15740,48.39652777777778,0,10
15741,77.0,1,3
15742,77.0,1,3
15743,183.57361111111112,0,6
15744,76.58888888888889,0,9
15745,77.0,1,4
15746,77.0,1,7
15747,77.0,1,1
15748,77.00208333333333,1,9
15749,77.00138888888888,1,1
15750,91.94652777777777,1,12
15751,168.07847222222222,1,12
15752,161.9076388888889,1,9
15753,77.0,1,2
15754,114.87708333333333,1,2
15755,433.25069444444443,1,12
15756,173.88819444444445,1,4
15757,237.8736111111111,1,6
15758,23.55,0,11
15759,77.0,1,12
15760,77.00694444444444,1,3
15761,77.0,1,9
15762,76.36319444444445,0,9
15763,76.49305555555556,0,9
15764,121.00625,1,8
15765,77.0,1,2
15766,77.0,1,1
15768,337.15833333333336,1,12
15769,727.5847222222222,0,12
15770,77.0,1,4
15771,77.0,1,1
15772,77.0,1,10
15773,77.0,1,10
15774,160.97083333333333,1,2
15775,77.0,1,3
15776,77.0,1,7
15777,77.0,1,5
15778,77.0,1,10
15779,146.03125,1,6
15780,77.0,1,12
15781,77.0,1,2
15782,77.0,1,10
15783,9.590277777777779,0,11
15784,77.0,1,2
15785,422.01875,1,12
15786,77.0,1,6
15787,60.450694444444444,0,10
15788,77.0,1,7
15789,77.0,1,3
15790,9.379861111111111,0,11
15791,189.09930555555556,1,3
15792,77.0,1,3
15793,77.0,1,12
15794,77.9125,1,12
15795,181.02916666666667,1,1
15796,393.1041666666667,1,3
15797,77.0,1,1
15798,112.88402777777777,1,1
15799,77.0,1,10
15800,77.00833333333334,1,3
15801,108.58819444444444,0,8
15802,77.0,1,7
15803,77.0,1,2
15804,197.575,0,5
15805,144.08541666666667,1,12
15806,77.0,1,3
15807,77.0,1,2
15808,508.91875,1,12
15809,152.95625,1,6
15810,122.65972222222223,1,2
15811,167.75,1,11
15812,246.79791666666668,1,12
15813,108.96111111111111,1,4
15814,77.0,1,4
15815,196.15069444444444,1,3
15816,77.02916666666667,1,6
15817,199.9,1,6
15818,77.0,1,4
15819,172.02083333333334,1,3
15820,77.0,1,1
15821,60.43888888888889,0,10
15822,77.0,1,12
15823,79.11875,1,12
15824,77.0,1,6
15825,77.0,1,6
15826,77.0,1,5
15827,277.1361111111111,1,1
15828,77.0,1,11
15829,118.26527777777778,1,7
15830,36.55555555555556,0,11
15831,77.0,1,1
15832,77.0,1,3
15833,77.0,1,12
15834,124.91666666666667,1,10
15835,147.14166666666668,1,1
15836,49.28263888888889,0,10
15837,77.0,1,8
15838,77.0,1,12
15839,147.30902777777777,0,7
15840,77.0,1,6
15841,87.07222222222222,1,12
15842,77.0,1,6
15843,77.0,1,2
15844,45.361805555555556,0,10
15845,77.0,1,1
15846,77.0,1,11
15847,77.0,1,3
15848,77.0,1,3
15850,77.0,1,12
15851,77.0,1,7
15852,77.0,1,7
15853,50.55694444444445,0,10
15854,77.0,1,12
15855,77.0,1,8
15856,735.4152777777778,0,12
15857,77.0,1,10
15858,439.1173611111111,1,12
15859,77.0,1,10
15860,83.95277777777778,1,12
15861,77.0,1,1
15862,77.00694444444444,1,12
15863,182.22222222222223,1,12
15864,142.0701388888889,1,11
15865,77.0,1,1
15866,77.0,1,8
15867,724.3638888888889,0,12
15868,77.0,1,5
15869,77.0,1,3
15870,126.77430555555556,1,9
15871,77.0,1,9
15872,77.0,1,6
15873,78.02986111111112,1,7
15874,208.03472222222223,1,1
15875,77.0,1,3
15876,116.14722222222223,1,9
15877,16.529166666666665,0,11
15878,77.0,1,12
15879,77.0,1,12
15880,77.0,1,12
15881,129.14375,1,12
15882,130.0638888888889,1,12
15883,32.38194444444444,0,11
15884,77.0,1,12
15885,455.1118055555556,1,1
15886,77.0,1,4
15887,77.0,1,6
15888,77.0,1,7
15889,84.05347222222223,1,12
15890,84.21527777777777,1,4
15891,77.0,1,4
15892,77.0,1,2
15893,77.0,1,8
15894,77.0,1,12
15895,77.0,1,7
15897,77.0125,1,5
15898,437.8881944444444,1,12
15899,77.0,1,12
15900,77.0,1,5
15901,77.0,1,6
15902,77.0,1,11
15903,77.0,1,1
15904,7.381944444444445,0,12
15905,77.0,1,6
15906,153.04791666666668,1,9
15907,110.9888888888889,1,5
15908,98.69097222222223,1,7
15909,77.0,1,6
15910,364.01875,1,1
15911,183.94444444444446,1,12
15912,118.04930555555555,1,12
15913,77.0,1,6
15914,77.00069444444445,1,11
15915,77.0,1,11
15916,164.88680555555555,1,12
15917,92.03402777777778,1,12
15918,77.0,1,3
15919,77.0,1,12
15920,77.00069444444445,1,12
15921,77.0,1,3
15922,77.0,1,12
15923,77.0,1,12
15924,77.0,1,12
15925,77.0,1,5
15926,77.0,1,6
15927,77.0,1,3
15928,77.0,1,2
15929,77.0,1,3
15930,66.38055555555556,0,10
15931,77.0,1,10
15932,277.9819444444444,1,2
15933,85.49652777777777,0,9
15934,88.92013888888889,1,10
15935,79.16111111111111,1,4
15936,77.0,1,8
15937,63.34166666666667,0,10
15938,177.30902777777777,1,6
15939,361.97430555555553,1,11
15940,77.0,1,2
15941,77.0,1,3
15942,77.0,1,7
15943,105.07291666666667,1,1
15944,77.0,1,12
15945,122.15902777777778,1,12
15946,77.0,1,3
15947,77.0,1,9
15948,77.0,1,10
15949,70.26805555555555,0,9
15950,113.98055555555555,1,1
15951,77.0,1,11
15952,143.0263888888889,1,4
15953,163.95833333333334,1,12
15954,77.0,1,4
15955,149.1340277777778,1,2
15956,77.0,1,12
15957,77.00763888888889,1,10
15958,77.0,1,6
15959,77.01319444444445,1,1
15960,138.0048611111111,1,9
15961,77.0,1,11
15962,77.0,1,9
15963,44.454861111111114,0,10
15964,77.0,1,2
15965,208.0534722222222,1,12
15966,77.0,1,9
15967,160.93055555555554,1,12
15968,77.0,1,11
15969,77.0,1,7
15970,77.0,1,4
15971,84.29097222222222,1,12
15972,103.06319444444445,1,4
15973,139.8625,1,10
15974,287.5763888888889,0,2
15975,77.0,1,9
15976,217.8972222222222,1,6
15977,38.31666666666667,0,10
15978,77.0,1,3
15979,77.0,1,4
15980,142.91319444444446,1,6
15981,295.9888888888889,1,3
15982,77.0,1,4
15983,83.94166666666666,1,12
15984,581.9708333333333,1,12
15985,201.95277777777778,1,5
15986,77.0,1,11
15987,87.81805555555556,1,11
15988,77.0,1,2
15989,77.0,1,12
15990,133.9388888888889,1,2
15991,77.0,1,6
15992,134.12430555555557,1,9
15993,43.31875,0,10
15994,77.0,1,3
15995,77.0,1,10
15996,108.00694444444444,1,11
15998,188.98263888888889,1,12
15999,77.0,1,12
16000,1.4902777777777778,0,12
16001,77.0,1,11
16002,77.0,1,3
16003,77.0,1,12
16004,197.06527777777777,1,1
16005,151.93541666666667,1,9
16006,77.0,1,11
16007,77.0,1,6
16008,325.09375,1,3
16009,77.0,1,7
16010,126.05833333333334,1,10
16011,95.97430555555556,1,12
16012,77.0,1,6
16013,730.5666666666667,0,12
16014,77.0,1,1
16015,48.46111111111111,0,10
16016,112.96458333333334,1,11
16017,148.98055555555555,1,1
16018,77.0,1,12
16019,181.86388888888888,1,12
16020,64.42083333333333,0,10
16021,77.0,1,6
16022,77.0,1,3
16023,151.0326388888889,1,3
16024,77.00138888888888,1,10
16025,28.510416666666668,0,11
16026,42.421527777777776,0,10
16027,195.89444444444445,1,1
16028,77.0,1,4
16029,730.5256944444444,0,12
16030,77.0,1,2
16031,77.0,1,4
16032,144.18680555555557,1,7
16033,484.3027777777778,0,8
16034,153.95416666666668,1,10
16035,77.0,1,5
16036,77.0,1,3
16037,77.0,1,3
16038,101.09791666666666,1,5
16039,77.0,1,3
16040,77.0,1,4
16041,77.00069444444445,1,7
16042,198.05902777777777,1,9
16043,347.09513888888887,1,8
16044,77.0,1,9
16045,77.00069444444445,1,7
16046,77.0,1,5
16047,77.0,1,1
16048,77.0,1,6
16049,77.0,1,7
16050,94.95625,1,11
16051,77.0,1,1
16052,53.365972222222226,0,10
16053,77.0,1,4
16054,77.0,1,4
16055,77.0,1,5
16056,44.361805555555556,0,10
16057,122.75138888888888,1,1
16058,77.0,1,10
16059,391.9638888888889,1,5
16060,170.86388888888888,1,8
16061,77.0,1,10
16062,77.0,1,6
16063,77.0,1,3
16064,77.0,1,12
16065,174.98333333333332,1,9
16066,123.39375,0,8
16067,189.7722222222222,1,2
16068,77.0,1,4
16069,77.0,1,10
16070,31.308333333333334,0,11
16071,105.81944444444444,1,2
16072,77.0,1,6
16073,77.0,1,2
16074,77.0,1,11
16075,138.81527777777777,1,5
16076,207.47847222222222,0,5
16077,77.0,1,3
16078,77.0,1,2
16079,39.454166666666666,0,10
16080,141.74930555555557,1,9
16081,77.0,1,2
16082,77.0,1,2
16083,104.99861111111112,1,11
16084,77.0,1,2
16085,146.85972222222222,1,1
16086,77.0,1,12
16087,157.00208333333333,1,1
16088,92.97222222222223,1,4
16089,77.0,1,7
16090,77.0,1,3
16091,120.97708333333334,1,5
16092,151.80555555555554,1,5
16093,77.0,1,8
16094,304.07916666666665,1,4
16095,77.0,1,9
16096,133.86180555555555,1,3
16097,77.0,1,4
16098,714.0131944444445,1,12
16099,130.9909722222222,1,3
16100,77.0,1,9
16101,77.0,1,5
16102,127.46527777777777,0,8
16103,388.19166666666666,1,1
16104,202.98263888888889,1,12
16105,242.92430555555555,1,4
16106,64.55763888888889,0,10
16107,182.22083333333333,0,6
16108,126.08819444444444,1,3
16109,77.0,1,1
16110,77.0,1,7
16111,77.0,1,10
16112,82.19583333333334,1,1
16113,77.0,1,6
16114,77.0,1,6
16115,163.08055555555555,1,5
16116,77.0,1,5
16117,77.0,1,4
16118,77.0,1,2
16119,77.0,1,12
16120,77.01041666666667,1,10
16121,77.0,1,5
16122,169.78680555555556,1,10
16123,50.6125,0,10
16124,77.0,1,12
16125,435.00694444444446,1,12
16126,435.0048611111111,1,12
16127,77.0,1,12
16128,207.95555555555555,1,7
16129,77.0,1,7
16130,140.7902777777778,1,4
16131,77.0,1,12
16132,77.0,1,3
16133,617.4854166666667,0,3
16134,77.0,1,6
16135,77.0,1,5
16136,77.0,1,2
16137,77.0,1,1
16138,138.03125,1,4
16139,90.89791666666666,1,12
16140,147.10902777777778,1,9
16141,77.0,1,10
16142,77.0,1,4
16143,147.05277777777778,1,12
16144,77.0,1,4
16145,583.4368055555556,0,5
16146,77.0,1,9
16147,77.0,1,2
16148,77.0,1,9
16149,77.0,1,10
16150,77.0,1,12
16152,77.0,1,3
16153,284.8618055555556,1,5
16155,235.02777777777777,1,6
16156,169.79375,1,12
16157,71.50833333333334,0,9
16158,288.9548611111111,1,12
16159,77.0,1,12
16160,84.54652777777778,0,9
16161,668.5375,0,2
16162,77.0,1,4
16163,83.14166666666667,1,12
16164,41.61666666666667,0,10
16165,77.0,1,7
16166,77.0,1,1
16167,77.0,1,12
16168,735.4736111111112,0,12
16169,74.51875,0,9
16170,340.84930555555553,1,2
16171,58.38125,0,10
16172,116.92986111111111,1,7
16173,97.35902777777778,0,9
16174,188.88958333333332,1,4
16175,168.99791666666667,1,5
16176,169.07222222222222,1,3
16177,77.0,1,3
16178,77.0,1,11
16179,59.59652777777778,0,10
16180,133.12430555555557,1,6
16181,72.43194444444444,0,9
16182,279.0048611111111,1,3
16183,89.85347222222222,1,10
16184,210.43541666666667,0,5
16185,77.0,1,5
16186,77.0,1,12
16187,283.4347222222222,0,2
16188,77.0,1,10
16189,84.36041666666667,0,9
16190,77.0,1,12
16191,77.0,1,12
16192,77.0,1,12
16193,77.0,1,10
16194,77.0,1,11
16195,77.0,1,12
16196,77.0,1,8
16197,77.0,1,12
16198,77.0,1,9
16199,77.0,1,3
16200,158.00347222222223,1,12
16201,77.0,1,10
16202,165.94583333333333,1,12
16203,77.0,1,7
16204,77.0,1,12
16205,77.0,1,6
16206,77.0,1,1
16207,24.422916666666666,0,11
16208,335.9479166666667,1,2
16209,103.02361111111111,1,6
16210,223.0375,1,12
16211,93.91388888888889,1,9
16212,128.86805555555554,1,2
16213,77.0,1,9
16214,77.0,1,9
16215,77.0,1,9
16216,77.0,1,3
16217,123.91875,1,3
16218,77.0,1,5
16219,77.0,1,7
16221,195.98680555555555,1,8
16222,77.0,1,12
16223,97.98819444444445,1,11
16224,77.0,1,11
16225,345.12361111111113,1,2
16226,112.09513888888888,1,10
16227,118.03333333333333,1,6
16228,91.80972222222222,1,11
16229,120.15069444444444,1,5
16230,107.7875,1,5
16231,77.0,1,4
16232,207.08055555555555,1,6
16233,127.09791666666666,1,12
16234,162.1625,1,5
16235,251.9451388888889,1,8
16236,77.0,1,9
16237,77.0,1,9
16238,77.0,1,10
16239,157.88194444444446,1,9
16240,76.42777777777778,0,9
16241,148.09027777777777,1,10
16242,159.78819444444446,1,3
16243,53.49375,0,10
16244,77.0,1,12
16245,77.0,1,3
16246,77.0,1,2
16247,77.0,1,6
16248,60.519444444444446,0,10
16249,238.42361111111111,0,4
16250,89.96944444444445,1,11
16251,77.0,1,7
16252,77.0,1,11
16253,118.74722222222222,1,12
16254,77.0,1,3
16255,125.99791666666667,1,1
16256,77.0,1,4
16257,77.0,1,6
16258,328.8951388888889,1,3
16259,77.0125,1,4
16260,49.59722222222222,0,10
16261,133.1125,1,9
16262,77.0,1,11
16263,77.0,1,10
16264,84.9486111111111,1,9
16265,223.7736111111111,1,10
16266,249.82083333333333,1,2
16267,77.0,1,4
16268,70.22916666666667,0,9
16269,77.0,1,9
16270,77.0,1,12
16271,77.0,1,3
16272,77.0,1,8
16273,84.89027777777778,1,2
16274,77.0,1,12
16275,77.0,1,3
16276,77.0,1,4
16277,77.0,1,12
16278,95.91527777777777,1,7
16279,287.90208333333334,1,4
16280,77.0,1,12
16281,77.0,1,1
16282,77.0,1,12
16283,77.0,1,2
16284,77.0,1,11
16285,77.0,1,3
16286,77.0,1,3
16287,125.18680555555555,1,1
16288,77.0,1,8
16289,77.0,1,9
16290,178.00416666666666,1,5
16291,77.0,1,1
16292,136.84791666666666,1,4
16293,77.0,1,12
16294,77.0,1,8
16295,63.552083333333336,0,10
16296,172.04722222222222,1,12
16297,77.0,1,3
16298,121.96458333333334,1,9
16299,77.0,1,8
16300,127.02430555555556,1,2
16301,77.0,1,12
16302,77.0,1,8
16303,139.90625,1,3
16304,77.0,1,1
16305,77.0,1,7
16306,217.25625,1,10
16307,111.94305555555556,1,5
16308,77.0,1,12
16309,77.0,1,4
16310,77.0,1,3
16311,48.449305555555554,0,10
16312,77.0,1,10
16313,48.62222222222222,0,10
16314,160.00972222222222,1,8
16315,77.0,1,6
16316,211.99166666666667,1,8
16317,111.17152777777778,1,5
16318,34.454861111111114,0,11
16319,77.0,1,5
16320,77.0,1,1
16321,77.0,1,12
16322,35.39375,0,11
16323,77.0,1,5
16324,125.93888888888888,1,6
16325,111.97916666666667,1,12
16326,275.89722222222224,1,1
16327,603.0375,1,12
16328,77.0,1,5
16329,77.0,1,12
16330,77.0,1,2
16331,86.98541666666667,1,3
16332,77.0,1,4
16333,308.5486111111111,0,2
16334,77.0,1,8
16335,261.05347222222224,1,12
16336,77.00069444444445,1,3
16337,35.58125,0,11
16338,77.0,1,7
16339,77.0,1,2
16340,77.0,1,6
16341,77.0,1,4
16342,178.57638888888889,0,6
16343,77.0,1,10
16344,149.07916666666668,1,2
16345,77.0,1,8
16346,77.0,1,11
16347,158.0673611111111,1,3
16348,77.0,1,10
16349,77.0,1,2
16350,171.71597222222223,1,10
16351,400.79791666666665,1,12
16352,36.63611111111111,0,11
16353,226.84166666666667,1,12
16354,77.0,1,4
16355,77.0,1,11
16356,77.00833333333334,1,6
16357,77.0,1,11
16358,77.0,1,11
16359,246.06875,1,2
16360,87.42361111111111,0,9
16361,70.44930555555555,0,9
16362,77.0,1,9
16363,52.40694444444444,0,10
16364,77.0,1,7
16365,77.0,1,12
16366,120.09791666666666,1,12
16367,97.94305555555556,1,11
16368,77.0,1,9
16369,125.93888888888888,1,4
16370,219.96875,1,4
16371,77.0,1,9
16372,77.0,1,4
16373,106.11111111111111,1,10
16374,77.0,1,4
16375,77.00902777777777,1,8
16376,16.300694444444446,0,11
16377,77.0,1,4
16378,140.10069444444446,1,2
16379,77.60208333333334,0,9
16380,60.34722222222222,0,10
16381,99.86805555555556,1,10
16382,77.0,1,6
16383,77.0,1,2
16384,77.0,1,4
16385,77.0,1,3
16386,77.0,1,11
16387,77.0,1,3
16388,77.0,1,2
16389,77.0,1,3
16390,77.0,1,1
16391,141.0222222222222,1,5
16392,77.0,1,5
16393,77.0,1,12
16394,195.1,1,2
16395,80.15069444444444,1,12
16396,77.0,1,8
16397,77.0,1,3
16398,77.0,1,3
16399,77.0,1,11
16400,77.0,1,12
16401,554.4493055555556,0,6
16402,77.0,1,12
16403,77.0,1,1
16404,69.37847222222223,0,9
16405,84.92777777777778,1,2
16406,77.0,1,2
16407,431.4194444444444,0,10
16408,77.0,1,4
16409,329.0201388888889,1,12
16410,77.0,1,12
16411,135.9284722222222,1,10
16412,140.91319444444446,1,2
16413,77.0,1,11
16414,77.0,1,1
16415,77.0,1,2
16416,77.0,1,2
16417,77.0,1,8
16418,91.01666666666667,1,10
16419,77.0,1,2
16420,77.0,1,11
16421,170.06180555555557,1,8
16422,695.5020833333333,0,1
16423,23.610416666666666,0,11
16424,77.0,1,11
16425,77.0,1,2
16426,77.0,1,3
16427,98.07777777777778,1,2
16428,77.00625,1,7
16429,77.0,1,8
16430,77.0,1,1
16431,77.00416666666666,1,2
16432,63.41736111111111,0,10
16433,77.0,1,10
16434,150.92013888888889,1,1
16435,79.20347222222222,1,7
16436,141.88680555555555,1,12
16437,125.18402777777777,1,10
16438,81.43680555555555,0,9
16439,77.0,1,12
16440,77.0,1,8
16441,77.0,1,3
16442,77.0,1,12
16443,77.0,1,7
16444,311.84375,1,3
16445,101.95694444444445,1,10
16446,77.0,1,5
16447,146.96666666666667,1,2
16448,77.0,1,8
16449,77.0,1,3
16450,148.91458333333333,1,2
16451,77.0,1,12
16452,140.01180555555555,1,1
16453,94.9798611111111,1,6
16454,81.74861111111112,1,4
16455,77.0,1,3
16456,391.00902777777776,1,3
16457,77.0,1,5
16458,561.3902777777778,0,5
16459,77.0,1,12
16460,80.57291666666667,0,9
16461,132.91458333333333,1,3
16462,77.0,1,3
16463,77.0,1,5
16464,141.42152777777778,0,7
16465,100.94513888888889,1,9
16466,335.87430555555557,1,3
16467,180.9909722222222,1,12
16468,88.14305555555555,1,8
16469,77.0,1,7
16470,77.0,1,12
16471,77.0,1,2
16472,77.0,1,4
16473,163.89027777777778,1,11
16474,144.38125,0,7
16475,77.0,1,3
16476,77.0,1,10
16477,347.20625,1,8
16478,64.49861111111112,0,10
16479,9.455555555555556,0,11
16480,74.51388888888889,0,9
16481,77.0,1,1
16482,14.477083333333333,0,11
16483,77.0,1,5
16484,94.06041666666667,1,6
16485,77.0,1,12
16486,77.0,1,6
16487,77.0,1,2
16488,110.88819444444445,1,7
16489,132.98472222222222,1,9
16490,77.0,1,9
16491,77.0,1,10
16492,77.0,1,6
16493,77.0,1,3
16494,77.0,1,2
16495,77.00069444444445,1,3
16496,77.00069444444445,1,7
16497,399.8673611111111,1,12
16498,77.80208333333333,1,6
16499,263.04791666666665,1,6
16500,77.0,1,6
16501,77.0,1,11
16502,77.00347222222223,1,3
16503,282.93402777777777,1,6
16504,24.3625,0,11
16505,30.490277777777777,0,11
16506,39.34027777777778,0,10
16507,77.0,1,5
16508,77.0,1,3
16509,77.0,1,2
16510,145.1263888888889,1,1
16511,77.0,1,3
16513,42.37777777777778,0,10
16515,77.0,1,6
16516,29.375694444444445,0,11
16517,77.0,1,3
16518,77.0,1,6
16519,77.0,1,3
16520,134.99652777777777,1,3
16521,77.0,1,3
16522,91.89027777777778,1,9
16523,168.95,1,1
16524,77.0,1,1
16525,736.4215277777778,0,12
16526,77.0,1,5
16527,77.0,1,10
16528,2.46875,0,12
16529,129.97152777777777,1,6
16530,77.0,1,2
16531,224.1888888888889,1,9
16532,77.0,1,3
16533,67.37013888888889,0,10
16534,77.0,1,3
16535,77.0,1,1
16536,77.0,1,8
16537,77.0,1,3
16538,131.0236111111111,1,4
16539,251.05416666666667,1,6
16540,77.0,1,10
16541,77.0,1,12
16542,77.0,1,11
16543,77.0,1,4
16544,77.00625,1,2
16545,77.0,1,11
16546,146.85,1,9
16547,77.0,1,6
16548,77.0,1,4
16549,363.9291666666667,1,3
16550,446.1034722222222,1,12
16551,185.83194444444445,1,12
16552,77.0,1,12
16553,118.7701388888889,1,2
16554,77.0,1,12
16555,77.00277777777778,1,7
16556,731.5479166666667,0,12
16557,77.0,1,7
16558,77.0,1,12
16559,77.0,1,11
16560,226.19583333333333,1,12
16561,58.58819444444445,0,10
16562,77.0,1,8
16563,77.0,1,12
16564,77.0,1,5
16565,145.98958333333334,1,6
16566,77.0,1,2
16567,77.0,1,1
16568,77.0,1,3
16569,169.00972222222222,1,12
16570,618.6027777777778,0,3
16571,313.3534722222222,1,3
16572,77.0,1,3
16573,77.0,1,2
16574,77.0,1,2
16576,77.0,1,7
16577,77.0,1,2
16578,77.0,1,3
16579,77.0,1,10
16581,77.0,1,6
16582,77.0,1,8
16583,77.0,1,2
16584,77.0,1,2
16585,77.0,1,1
16586,77.0,1,3
16587,77.0,1,4
16588,265.17569444444445,1,5
16589,77.0,1,9
16590,90.87291666666667,1,10
16591,67.55347222222223,0,10
16592,113.9125,1,12
16593,92.12013888888889,1,12
16594,74.41111111111111,0,9
16595,77.0,1,1
16596,116.97916666666667,1,12
16597,3.3444444444444446,0,12
16598,77.0,1,2
16599,77.0,1,11
16600,77.0,1,12
16601,77.0,1,3
16602,77.0,1,11
16603,90.45694444444445,0,9
16604,82.69166666666666,1,5
16605,77.0,1,12
16606,107.025,1,10
16607,588.4159722222222,0,4
16608,77.0,1,2
16609,251.57569444444445,0,4
16610,77.0,1,5
16611,220.9361111111111,1,3
16612,77.0,1,12
16613,69.33888888888889,0,9
16614,77.0,1,5
16615,77.0,1,3
16616,77.0,1,7
16617,77.0,1,4
16618,188.94583333333333,1,1
16619,134.1159722222222,1,2
16620,77.0,1,12
16621,207.0090277777778,1,3
16622,77.0,1,6
16623,132.92152777777778,1,4
16624,77.0,1,5
16625,197.9,1,6
16626,77.0,1,3
16627,77.0,1,9
16628,77.0,1,3
16629,95.325,0,9
16630,77.0,1,10
16631,247.02152777777778,1,2
16632,77.0,1,5
16633,233.39166666666668,0,4
16634,144.1263888888889,1,1
16635,77.0,1,10
16636,140.73958333333334,1,3
16637,77.0,1,4
16638,298.0888888888889,1,8
16639,77.0,1,10
16640,77.0,1,11
16641,77.0,1,1
16642,77.0,1,10
16643,77.0,1,10
16644,111.99027777777778,1,5
16645,77.0,1,12
16646,77.0,1,9
16647,77.0,1,6
16648,77.0,1,4
16649,77.0,1,7
16650,176.04861111111111,1,7
16651,77.0,1,5
16652,158.09652777777777,1,3
16653,70.43194444444444,0,9
16654,77.0,1,4
16655,342.9715277777778,1,1
16656,734.4590277777778,0,12
16657,77.0,1,3
16658,133.02083333333334,1,3
16659,77.0,1,6
16660,77.0,1,1
16661,77.0,1,12
16662,77.0,1,11
16663,77.0,1,12
16664,77.0,1,5
16665,77.0,1,12
16666,77.0,1,3
16667,77.0,1,2
16668,320.69930555555555,1,3
16669,77.40763888888888,0,9
16670,182.00555555555556,1,12
16671,77.0,1,6
16672,265.5729166666667,0,3
16673,77.0,1,1
16674,97.4173611111111,0,9
16675,113.96111111111111,1,8
16676,157.9951388888889,1,10
16677,77.0,1,2
16678,281.60833333333335,0,3
16679,77.0,1,6
16680,83.22361111111111,1,6
16681,77.0,1,3
16682,186.5402777777778,0,6
16683,77.0,1,6
16684,731.4611111111111,0,12
16685,60.42777777777778,0,10
16686,77.00208333333333,1,12
16687,77.0,1,11
16688,59.484027777777776,0,10
16689,81.43819444444445,0,9
16690,135.05208333333334,1,9
16691,77.0,1,5
16692,109.95694444444445,1,9
16693,77.0,1,2
16694,77.0,1,12
16695,77.00833333333334,1,5
16696,189.96041666666667,1,4
16697,77.0,1,4
16698,103.88819444444445,1,3
16699,77.0,1,12
16700,736.5479166666667,0,12
16701,737.1951388888889,0,12
16702,77.0,1,12
16704,130.99166666666667,1,2
16705,729.4347222222223,0,12
16706,113.33819444444444,0,8
16707,169.06944444444446,1,3
16708,44.486111111111114,0,10
16709,263.06388888888887,1,12
16710,274.92291666666665,1,12
16711,89.04583333333333,1,12
16712,77.00625,1,11
16713,723.4659722222223,0,12
16714,77.0,1,2
16715,77.0,1,5
16716,77.0,1,3
16717,77.0,1,12
16718,221.15902777777777,1,12
16719,164.11388888888888,1,12
16720,77.0,1,12
16721,77.0,1,3
16722,446.84375,1,12
16723,77.0,1,12
16724,77.0,1,10
16725,77.0,1,12
16726,193.88888888888889,1,10
16727,144.0625,1,1
16728,174.9375,1,3
16729,240.4013888888889,0,4
16730,77.0,1,1
16731,77.0,1,3
16732,77.0,1,12
16733,77.0,1,6
16734,113.375,0,8
16735,247.075,1,12
16736,89.75277777777778,1,12
16737,77.0,1,5
16738,77.0,1,2
16739,77.0,1,6
16740,77.0,1,11
16741,77.0,1,3
16742,307.7291666666667,1,12
16743,216.9673611111111,1,4
16744,172.3659722222222,0,6
16745,302.01875,1,2
16746,734.4583333333334,0,12
16747,66.57083333333334,0,10
16748,271.03819444444446,1,12
16749,77.0,1,12
16750,77.0,1,4
16751,29.55,0,11
16752,77.0,1,12
16753,57.44861111111111,0,10
16754,346.25416666666666,1,3
16755,132.83125,1,12
16756,312.7548611111111,1,3
16757,77.0,1,10
16758,64.38402777777777,0,10
16759,29.620833333333334,0,11
16760,77.0,1,10
16761,77.0,1,9
16762,77.0,1,7
16763,77.0,1,12
16764,142.2798611111111,0,7
16765,77.0,1,11
16766,77.075,1,3
16767,77.0,1,4
16768,187.95,1,12
16769,77.00555555555556,1,12
16770,314.8618055555556,1,8
16771,162.02777777777777,1,12
16772,98.075,1,12
16773,77.0,1,12
16774,139.83194444444445,1,2
16775,227.9138888888889,1,9
16776,77.0,1,10
16777,77.0,1,3
16778,77.0,1,3
16779,735.45625,0,12
16780,77.0,1,10
16781,77.0,1,2
16782,729.5013888888889,0,12
16783,77.0,1,9
16784,77.0,1,3
16785,77.0,1,10
16786,77.0,1,11
16787,77.0,1,1
16788,77.0,1,2
16789,7.366666666666666,0,12
16790,36.52569444444445,0,11
16791,172.80416666666667,1,12
16792,77.0,1,1
16793,56.36944444444445,0,10
16794,136.02430555555554,1,3
16795,77.0,1,1
16796,77.0,1,9
16797,77.0,1,12
16798,77.0,1,12
16799,98.07083333333334,1,9
16800,10.4125,0,11
16801,187.0673611111111,1,3
16802,128.03055555555557,1,12
16803,64.39722222222223,0,10
16804,77.0,1,3
16805,83.03333333333333,1,12
16806,212.8111111111111,1,4
16807,124.99513888888889,1,3
16808,77.0,1,3
16809,77.0,1,4
16810,77.0,1,10
16811,16.278472222222224,0,11
16812,98.91597222222222,1,11
16813,203.4388888888889,0,5
16814,606.46875,0,4
16815,77.0,1,6
16816,121.94375,1,12
16817,149.0298611111111,1,10
16818,204.5125,0,5
16819,77.00416666666666,1,8
16820,77.0,1,9
16821,77.0,1,11
16822,77.0,1,1
16823,77.0,1,12
16824,77.0,1,11
16825,77.0,1,6
16826,50.41319444444444,0,10
16827,96.8013888888889,1,4
16828,96.0736111111111,1,8
16829,77.0,1,11
16830,127.86527777777778,1,12
16831,77.0,1,5
16832,106.83333333333333,1,9
16833,77.0,1,3
16834,77.0,1,2
16835,146.2590277777778,1,5
16836,77.0,1,5
16837,165.05416666666667,1,4
16838,77.0,1,2
16839,665.3736111111111,0,2
16840,148.12916666666666,1,2
16841,105.17777777777778,1,1
16842,77.0,1,2
16843,383.95208333333335,1,12
16844,97.05069444444445,1,5
16845,77.0,1,3
16846,139.07083333333333,1,3
16847,77.0,1,3
16848,133.0673611111111,1,10
16849,77.0,1,6
16850,77.0,1,1
16851,50.59166666666667,0,10
16852,77.0,1,6
16854,77.0,1,3
16855,42.31180555555556,0,10
16856,101.94652777777777,1,9
16857,77.0,1,9
16858,432.94652777777776,1,12
16859,77.0,1,3
16860,77.0,1,2
16861,77.0,1,7
16862,77.0,1,1
16863,119.95486111111111,1,10
16864,77.0,1,4
16865,77.0,1,11
16866,97.89722222222223,1,7
16867,77.0,1,1
16868,77.0,1,4
16869,86.96875,1,6
16870,77.0,1,8
16871,137.05069444444445,1,3
16872,112.90555555555555,1,9
16873,77.0,1,2
16874,77.0,1,11
16875,343.3298611111111,1,1
16876,77.0,1,11
16877,133.00347222222223,1,5
16878,77.0,1,9
16880,77.0,1,8
16881,65.56041666666667,0,10
16882,77.0,1,1
16883,77.0,1,12
16884,91.03125,1,5
16885,105.18888888888888,1,11
16886,77.0,1,9
16887,77.0,1,12
16888,102.1763888888889,1,1
16889,126.00208333333333,1,5
16890,94.81666666666666,1,5
16891,235.98055555555555,1,12
16892,77.0,1,12
16893,86.86944444444444,1,11
16894,110.05694444444444,1,6
16895,114.99583333333334,1,2
16896,77.0,1,6
16897,91.13194444444444,1,1
16898,77.0,1,5
16899,113.92430555555555,1,11
16900,62.446527777777774,0,10
16901,77.0,1,12
16902,77.0,1,8
16903,112.00902777777777,1,10
16904,410.33125,0,10
16905,206.7,1,12
16906,77.00555555555556,1,5
16907,77.0,1,7
16908,77.0,1,12
16909,71.30208333333333,0,9
16910,90.40694444444445,0,9
16911,102.8375,1,2
16912,151.00277777777777,1,12
16913,77.00208333333333,1,2
16914,35.35625,0,11
16915,259.7909722222222,1,5
16916,120.0125,1,10
16917,77.0,1,3
16918,309.0208333333333,1,12
16919,193.94930555555555,1,8
16920,77.0,1,10
16921,77.0,1,4
16922,77.0,1,5
16923,676.5319444444444,0,1
16924,83.4625,0,9
16925,77.0,1,6
16926,147.0611111111111,1,7
16927,77.0,1,12
16928,91.10625,1,2
16929,154.47291666666666,0,7
16930,67.39930555555556,0,10
16931,396.44166666666666,0,11
16932,77.0,1,5
16933,168.9465277777778,1,12
16934,178.04166666666666,1,3
16935,116.83819444444444,1,10
16936,77.0,1,11
16937,77.0,1,7
16938,152.97222222222223,1,2
16939,104.96597222222222,1,2
16940,265.9604166666667,1,12
16941,77.0,1,4
16942,168.0402777777778,1,4
16943,77.0,1,3
16944,77.0,1,4
16945,729.51875,0,12
16946,84.99513888888889,1,3
16947,77.0,1,3
16948,77.0,1,2
16949,207.9326388888889,1,1
16950,112.03819444444444,1,1
16951,77.0,1,2
16952,77.0,1,12
16953,29.3375,0,11
16954,407.8277777777778,1,1
16955,77.0,1,1
16956,16.627777777777776,0,11
16957,119.18819444444445,1,3
16958,77.0,1,9
16959,77.0,1,9
16960,77.0,1,3
16961,77.0,1,6
16962,77.0,1,10
16963,77.0,1,6
16964,77.00138888888888,1,12
16965,77.0,1,4
16966,147.03402777777777,1,4
16967,77.0,1,6
16968,77.0,1,8
16969,134.07222222222222,1,6
16970,77.0,1,3
16971,37.37083333333333,0,11
16972,150.98541666666668,1,9
16973,77.0,1,11
16974,118.98263888888889,1,5
16975,159.26041666666666,1,7
16976,77.0,1,3
16977,121.98611111111111,1,3
16978,77.00416666666666,1,2
16979,143.95347222222222,1,9
16980,77.0,1,10
16982,59.480555555555554,0,10
16983,252.0402777777778,1,9
16984,315.0361111111111,1,3
16985,150.87777777777777,1,12
16986,188.0263888888889,1,2
16987,91.0625,1,12
16988,77.0,1,11
16989,149.6173611111111,0,7
16990,77.0,1,10
16991,77.0,1,10
16992,77.0,1,2
16993,77.0,1,5
16996,141.11458333333334,1,10
16997,114.23402777777778,1,1
16998,77.0,1,9
16999,73.34513888888888,0,9
17000,88.97152777777778,1,10
17001,77.0,1,3
17002,135.75833333333333,1,3
17003,77.0,1,5
17004,108.89861111111111,1,10
17005,77.0,1,4
17006,77.0,1,3
17007,77.0,1,9
17008,77.0,1,10
17009,77.0,1,6
17010,17.382638888888888,0,11
17011,81.16875,1,2
17012,77.0,1,12
17014,65.51666666666667,0,10
17015,77.0,1,6
17016,77.0,1,5
17017,77.0,1,12
17018,110.96597222222222,1,12
17019,77.0,1,12
17020,77.0,1,3
17021,223.99722222222223,1,4
17022,77.0,1,10
17023,77.0,1,1
17024,156.60347222222222,0,7
17025,77.0,1,3
17026,124.89236111111111,1,10
17027,153.07222222222222,1,12
17028,217.04513888888889,1,12
17029,101.13541666666667,1,2
17030,62.63263888888889,0,10
17031,108.03263888888888,1,5
17032,258.8611111111111,1,12
17033,115.01805555555555,1,11
17034,77.0,1,7
17035,77.0,1,12
17036,77.0,1,11
17037,77.0,1,9
17038,77.0,1,10
17039,77.0,1,4
17040,77.0,1,6
17041,77.00208333333333,1,4
17042,202.93472222222223,1,4
17043,77.0,1,12
17044,77.0,1,12
17045,129.9284722222222,1,10
17046,77.0,1,3
17047,77.0,1,12
17048,77.0,1,1
17049,130.05069444444445,1,3
17050,109.86041666666667,1,1
17051,119.025,1,3
17052,27.381944444444443,0,11
17053,77.0,1,8
17054,184.86388888888888,1,4
17055,77.0,1,9
17056,77.0,1,12
17057,77.0,1,4
17058,117.18888888888888,1,4
17059,119.02708333333334,1,1
17060,77.0,1,3
17061,231.43819444444443,0,4
17062,202.9611111111111,1,9
17063,77.0,1,12
17064,77.0,1,1
17065,77.00069444444445,1,3
17066,77.0,1,12
17067,83.85833333333333,1,12
17068,620.3986111111111,0,3
17069,77.0,1,12
17070,77.0,1,10
17071,77.0,1,1
17072,77.0,1,3
17073,108.39097222222222,0,8
17074,77.0,1,5
17075,170.21458333333334,1,12
17076,77.0,1,12
17077,77.0,1,5
17078,35.21597222222222,0,11
17079,77.0,1,9
17080,96.72847222222222,1,7
17081,77.0,1,2
17082,77.00069444444445,1,12
17083,218.95486111111111,1,2
17084,77.0,1,11
17085,559.9722222222222,1,12
17086,62.52638888888889,0,10
17087,77.0,1,12
17088,147.98263888888889,1,3
17089,77.0,1,11
17090,79.81111111111112,1,7
17091,137.79930555555555,1,12
17092,77.0,1,2
17093,77.0,1,4
17094,77.0,1,10
17095,77.0,1,12
17096,248.92430555555555,1,6
17097,182.97430555555556,1,10
17098,77.0,1,6
17099,77.0,1,6
17100,17.308333333333334,0,11
17101,77.0,1,6
17102,77.0,1,3
17103,77.0,1,12
17104,77.0,1,10
17105,77.0,1,2
17106,77.0,1,11
17107,77.0,1,1
17108,77.0,1,2
17109,77.0,1,7
17110,77.0,1,4
17111,77.0,1,10
17112,77.0,1,7
17113,200.15625,1,1
17114,273.0131944444444,1,1
17115,131.12777777777777,1,12
17116,77.0,1,3
17117,77.0,1,2
17118,77.0,1,1
17119,58.53958333333333,0,10
17120,77.0,1,4
17121,77.0,1,11
17122,77.0,1,7
17123,77.0,1,5
17124,77.0,1,6
17125,49.388194444444444,0,10
17126,242.93333333333334,1,8
17127,77.0,1,12
17128,77.0,1,1
17129,77.0,1,7
17131,74.47083333333333,0,9
17132,113.1125,1,8
17133,231.06041666666667,1,3
17134,77.0,1,9
17135,77.0,1,5
17136,77.0,1,2
17137,77.00347222222223,1,1
17138,217.9638888888889,1,2
17139,385.03333333333336,1,1
17140,77.0,1,4
17141,77.00347222222223,1,1
17142,77.0,1,1
17143,77.0,1,7
17144,77.0,1,9
17145,77.0,1,2
17146,317.03125,1,2
17147,221.20763888888888,1,1
17148,50.58402777777778,0,10
17149,77.0,1,9
17150,161.0236111111111,1,12
17151,77.0,1,12
17152,77.0,1,10
17153,23.429166666666667,0,11
17154,74.42916666666666,0,9
17155,82.05,1,12
17156,77.0,1,8
17157,332.0152777777778,1,12
17158,77.0,1,3
17159,77.0,1,3
17160,438.28194444444443,1,12
17161,77.0,1,9
17162,251.15069444444444,1,2
17163,77.0,1,2
17164,272.3986111111111,0,3
17165,249.0090277777778,1,12
17166,77.0,1,5
17167,142.83541666666667,1,9
17168,77.0,1,7
17169,77.0,1,5
17170,91.98055555555555,1,11
17171,77.0,1,2
17172,77.0,1,12
17173,130.35694444444445,0,7
17174,77.0,1,5
17175,77.0,1,2
17176,77.0,1,1
17177,77.0,1,7
17178,77.0,1,12
17179,77.0,1,5
17180,217.04652777777778,1,1
17181,77.0,1,4
17182,77.0,1,12
17183,104.35763888888889,0,8
17184,77.0,1,12
17185,83.93472222222222,1,4
17186,59.46388888888889,0,10
17187,77.0,1,7
17188,361.7006944444444,1,12
17189,91.02152777777778,1,12
17190,77.0,1,3
17191,446.925,1,12
17192,77.0,1,6
17193,77.0,1,12
17194,77.0,1,6
17195,77.0,1,2
17196,77.0,1,10
17197,28.56111111111111,0,11
17198,82.94444444444444,1,12
17199,77.0,1,5
17200,77.00069444444445,1,2
17201,77.0,1,2
17202,77.0,1,10
17203,77.01041666666667,1,11
17204,77.0,1,6
17205,77.0,1,5
17206,52.44097222222222,0,10
17207,77.0,1,2
17208,77.0,1,11
17209,85.02152777777778,1,12
17210,77.0,1,11
17211,154.05833333333334,1,12
17212,105.26666666666667,1,8
17213,161.15833333333333,1,12
17214,187.05138888888888,1,12
17215,77.0,1,9
17216,77.0,1,6
17217,77.0,1,3
17218,143.15416666666667,1,1
17219,77.0,1,10
17220,126.06180555555555,1,1
17221,92.78680555555556,1,4
17222,185.87152777777777,1,1
17223,141.94305555555556,1,11
17224,77.0,1,7
17225,77.0,1,5
17226,77.0,1,2
17227,138.01041666666666,1,1
17228,258.9902777777778,1,3
17229,123.05416666666666,1,7
17230,244.89305555555555,1,12
17231,731.3069444444444,0,12
17232,13.483333333333333,0,11
17233,77.0,1,12
17234,77.0,1,6
17235,137.97708333333333,1,6
17236,193.93541666666667,1,3
17237,83.00416666666666,1,11
17238,87.0111111111111,1,12
17239,77.0,1,7
17240,77.0,1,4
17241,353.9263888888889,1,2
17242,77.0,1,1
17243,737.35,0,12
17244,77.0,1,12
17245,77.0,1,1
17246,77.0,1,12
17247,14.360416666666667,0,11
17248,77.0,1,8
17249,77.0,1,10
17250,77.0,1,3
17251,77.0,1,12
17252,146.7111111111111,1,6
17253,17.459027777777777,0,11
17254,77.0,1,11
17255,132.96041666666667,1,9
17256,77.00138888888888,1,4
17257,77.00138888888888,1,9
17258,77.0,1,2
17259,77.0,1,2
17260,77.0,1,10
17261,77.0,1,7
17262,77.0,1,12
17263,77.0,1,5
17264,77.0,1,10
17265,118.95069444444445,1,6
17266,77.0,1,3
17267,77.00208333333333,1,8
17268,77.0,1,12
17269,77.0,1,11
17270,77.0,1,12
17271,77.0,1,12
17272,140.0701388888889,1,3
17273,77.0,1,10
17274,77.0,1,11
17275,77.0,1,11
17276,77.0,1,11
17277,77.0,1,1
17278,77.0,1,5
17279,56.50138888888889,0,10
17280,77.0,1,9
17281,376.21180555555554,1,2
17282,77.0,1,6
17283,77.0,1,11
17284,185.92569444444445,1,9
17285,111.97777777777777,1,2
17286,77.00625,1,11
17287,445.99861111111113,1,12
17288,263.9916666666667,1,11
17289,108.98680555555555,1,3
17290,77.0,1,12
17291,77.0,1,2
17292,77.0,1,5
17293,140.04791666666668,1,12
17294,77.07708333333333,1,2
17295,63.484722222222224,0,10
17296,77.0,1,12
17297,16.386805555555554,0,11
17298,77.0,1,3
17299,118.90277777777777,1,8
17300,77.0,1,8
17301,77.0,1,3
17302,77.0,1,2
17303,77.0,1,12
17304,77.0,1,6
17305,77.0,1,3
17306,402.5152777777778,0,11
17307,370.87638888888887,1,1
17308,136.15555555555557,1,9
17309,77.0,1,2
17310,77.0,1,6
17311,77.0,1,2
17312,97.94444444444444,1,7
17313,30.34375,0,11
17314,326.28819444444446,1,12
17315,437.46875,0,9
17316,77.0,1,10
17317,88.46875,0,9
17318,77.0,1,12
17319,77.0,1,2
17320,77.0,1,1
17321,99.04305555555555,1,5
17322,77.0,1,12
17323,193.31319444444443,1,1
17324,346.8618055555556,1,12
17325,77.0,1,3
17326,77.0,1,6
17327,77.0,1,5
17328,77.0,1,2
17329,82.03333333333333,1,12
17330,77.0,1,3
17331,77.0,1,8
17332,205.06180555555557,1,2
17333,77.0,1,9
17334,77.0,1,10
17335,77.0,1,1
17336,77.0,1,8
17337,235.90902777777777,1,2
17338,601.9256944444444,1,3
17339,77.0,1,7
17340,386.0909722222222,1,2
17341,77.00347222222223,1,6
17342,85.31527777777778,1,2
17343,122.66597222222222,1,12
17344,77.0,1,12
17345,77.0,1,12
17346,599.4875,0,4
17347,77.0,1,9
17348,124.94097222222223,1,3
17349,77.0,1,3
17350,77.0,1,2
17351,378.87291666666664,1,12
17352,77.0,1,1
17353,77.0,1,3
17354,77.01388888888889,1,10
17355,77.0,1,11
17356,210.92430555555555,1,1
17357,23.313194444444445,0,11
17358,77.0,1,2
17359,77.0,1,3
17360,125.99513888888889,1,10
17361,77.00208333333333,1,2
17362,169.19930555555555,1,1
17363,83.99027777777778,1,11
17364,671.8958333333334,1,12
17365,238.0548611111111,1,2
17366,100.84583333333333,1,9
17367,77.0,1,4
17368,77.0,1,12
17369,77.0,1,9
17370,77.0,1,6
17371,77.0111111111111,1,12
17372,646.8090277777778,1,12
17373,77.0,1,2
17374,77.0,1,11
17375,196.28333333333333,1,10
17376,77.0,1,7
17377,558.9416666666667,1,12
17378,77.0,1,11
17379,10.419444444444444,0,11
17380,177.22083333333333,1,6
17381,547.4618055555555,0,6
17382,210.97222222222223,1,5
17383,77.0,1,9
17384,77.0,1,8
17385,13.540277777777778,0,11
17386,77.0,1,11
17387,32.52430555555556,0,11
17388,77.0,1,12
17389,77.0,1,12
17390,77.0,1,10
17391,77.90069444444444,1,6
17392,77.0,1,9
17393,77.0,1,8
17394,77.0,1,5
17395,77.0,1,7
17396,146.86180555555555,1,9
17397,77.0,1,10
17398,121.98402777777778,1,3
17400,141.08263888888888,1,12
17401,77.0,1,6
17402,77.00347222222223,1,12
17403,77.0,1,9
17404,175.95555555555555,1,1
17405,77.0,1,7
17406,136.9125,1,12
17407,77.0,1,10
17408,90.96875,1,7
17409,241.13611111111112,1,12
17410,77.0,1,5
17411,77.0,1,12
17412,136.87430555555557,1,12
17413,77.0,1,5
17414,77.0,1,12
17415,77.0,1,9
17416,77.0,1,12
17417,77.0,1,6
17418,140.91458333333333,1,11
17419,139.9326388888889,1,1
17420,104.86597222222223,1,11
17421,77.0,1,12
17422,230.00347222222223,1,6
17423,77.0,1,11
17425,59.515972222222224,0,10
17426,126.86111111111111,1,2
17427,70.52152777777778,0,9
17428,91.98472222222222,1,12
17429,110.04027777777777,1,10
17430,77.0,1,8
17431,77.0,1,1
17432,77.0,1,12
17433,77.0,1,11
17434,84.42083333333333,0,9
17435,77.0,1,10
17436,77.0,1,12
17437,77.0,1,6
17438,77.0,1,3
17439,77.0,1,2
17440,77.0,1,6
17441,77.0,1,12
17442,77.0,1,2
17443,77.0,1,5
17444,102.12569444444445,1,6
17446,77.0,1,2
17447,70.57638888888889,0,9
17448,224.85972222222222,1,3
17449,77.0,1,12
17450,437.2923611111111,0,9
17451,104.50416666666666,0,8
17453,63.290277777777774,0,10
17454,307.79375,1,1
17455,77.0,1,5
17456,77.0,1,9
17457,108.82083333333334,1,12
17458,77.0,1,11
17459,59.291666666666664,0,10
17460,537.8951388888889,1,1
17461,28.499305555555555,0,11
17462,77.0,1,2
17463,105.67152777777778,1,4
17464,77.0,1,3
17465,387.93819444444443,1,12
17466,77.6138888888889,0,9
17467,77.0,1,11
17468,77.0,1,11
17469,314.9888888888889,1,12
17470,217.73680555555555,1,7
17471,77.0,1,8
17472,77.0,1,3
17473,124.69583333333334,1,9
17474,77.0,1,4
17475,77.0,1,9
17476,77.0,1,12
17477,111.92569444444445,1,3
17478,77.0,1,3
17479,77.0,1,3
17480,77.0,1,9
17481,92.58541666666666,0,9
17482,77.0,1,5
17483,77.0,1,10
17484,124.975,1,3
17486,77.0,1,3
17487,77.0,1,12
17488,77.0,1,3
17489,77.0,1,5
17490,77.0,1,5
17491,589.5020833333333,0,4
17492,117.07152777777777,1,7
17493,77.0,1,11
17494,77.0,1,7
17495,77.0,1,11
17496,207.8673611111111,1,1
17497,77.0,1,4
17498,74.48263888888889,0,9
17499,77.0,1,5
17500,28.619444444444444,0,11
17501,77.00069444444445,1,5
17502,28.30625,0,11
17503,37.53333333333333,0,11
17504,540.1506944444444,1,2
17505,131.8173611111111,1,4
17506,74.51458333333333,0,9
17507,124.73611111111111,1,2
17508,335.8486111111111,1,12
17509,62.44861111111111,0,10
17510,77.0,1,10
17511,736.5472222222222,0,12
17512,77.0,1,12
17513,147.83680555555554,1,8
17514,77.0,1,2
17515,421.0236111111111,1,6
17516,77.0,1,11
17517,77.0,1,2
17518,77.0,1,3
17519,296.01875,1,12
17520,52.49722222222222,0,10
17521,117.19166666666666,1,10
17522,156.83194444444445,1,5
17523,18.430555555555557,0,11
17524,153.925,1,9
17525,146.1201388888889,1,10
17526,170.79097222222222,1,12
17527,77.0,1,5
17528,70.45555555555555,0,9
17529,77.0,1,1
17530,77.0,1,12
17531,77.0,1,3
17532,77.0,1,11
17533,77.0,1,10
17534,77.0,1,2
17535,77.0,1,3
17536,77.0,1,1
17537,77.0,1,2
17538,24.491666666666667,0,11
17539,185.97986111111112,1,12
17540,99.05625,1,4
17541,77.0,1,7
17542,77.00625,1,3
17543,77.0,1,6
17544,77.01458333333333,1,11
17545,77.0,1,5
17547,77.0,1,2
17548,94.95833333333333,1,11
17549,50.579861111111114,0,10
17550,168.9451388888889,1,2
17551,77.0,1,12
17552,332.39375,1,3
17553,77.0,1,4
17554,147.16597222222222,0,7
17555,77.0,1,5
17556,77.0,1,11
17557,77.0,1,12
17558,77.0,1,11
17559,77.0,1,7
17560,77.0,1,2
17561,77.0,1,12
17562,172.45416666666668,0,6
17563,110.20277777777778,1,4
17564,79.41666666666667,0,9
17565,77.0,1,5
17566,24.429166666666667,0,11
17567,285.1020833333333,1,9
17568,77.0,1,3
17569,77.0,1,1
17570,77.0,1,11
17571,77.0,1,6
17572,77.0,1,12
17573,92.55833333333334,0,9
17574,77.0,1,4
17575,77.0,1,2
17576,735.2958333333333,0,12
17577,100.11875,1,2
17578,132.05208333333334,1,6
17579,77.0,1,5
17580,246.92569444444445,1,10
17581,735.4763888888889,0,12
17582,166.9777777777778,1,3
17583,77.0,1,5
17584,77.0,1,1
17585,109.92361111111111,1,8
17586,77.0,1,3
17587,77.0,1,3
17588,77.0,1,3
17589,334.02708333333334,1,3
17590,39.41319444444444,0,10
17591,77.0,1,1
17592,77.0,1,12
17593,85.8951388888889,1,12
17594,77.0,1,4
17595,36.32013888888889,0,11
17596,77.0,1,12
17597,241.77777777777777,1,5
17598,77.0,1,11
17599,77.0,1,8
17600,16.59513888888889,0,11
17601,77.0,1,11
17602,224.00416666666666,1,3
17603,189.08819444444444,1,12
17604,77.0,1,1
17605,77.0,1,4
17606,77.0,1,12
17607,77.0,1,11
17608,77.0,1,4
17609,104.88819444444445,1,4
17610,154.98958333333334,1,12
17611,737.4381944444444,0,12
17612,420.3208333333333,1,12
17613,304.52777777777777,0,2
17614,56.33263888888889,0,10
17615,174.825,1,8
17616,77.0,1,9
17617,77.0,1,5
17618,77.0,1,1
17619,77.0,1,1
17620,58.49444444444445,0,10
17621,196.14583333333334,1,10
17622,77.95694444444445,1,4
17623,77.0,1,12
17624,77.0,1,12
17625,124.00347222222223,1,12
17626,77.0,1,4
17627,77.0,1,8
17628,77.0,1,9
17629,138.84930555555556,1,10
17630,139.91319444444446,1,4
17631,138.96041666666667,1,12
17633,86.85625,1,11
17634,201.82569444444445,1,1
17635,141.24930555555557,1,4
17636,18.38888888888889,0,11
17637,77.0,1,8
17638,151.19027777777777,1,12
17639,85.99861111111112,1,8
17640,78.17013888888889,1,3
17642,77.0,1,12
17643,77.0,1,7
17644,344.0652777777778,1,2
17646,435.20208333333335,1,12
17647,77.00069444444445,1,2
17648,77.0,1,11
17649,79.89027777777778,1,8
17650,20.380555555555556,0,11
17651,105.00763888888889,1,7
17652,280.41319444444446,0,3
17653,119.35833333333333,0,8
17654,77.0,1,3
17655,283.24583333333334,1,10
17656,127.55208333333333,0,8
17657,77.0,1,10
17658,77.0,1,5
17659,164.91180555555556,1,11
17660,77.0,1,12
17662,137.98888888888888,1,12
17663,304.9472222222222,1,3
17664,77.0,1,3
17665,77.0,1,8
17666,127.01388888888889,1,6
17667,77.0,1,2
17668,37.385416666666664,0,11
17669,77.0,1,4
17670,77.0,1,4
17671,87.10694444444445,1,11
17672,117.83125,1,1
17673,213.89583333333334,1,3
17674,77.0,1,12
17675,728.3263888888889,0,12
17676,77.0,1,3
17677,722.5256944444444,0,12
17678,77.0,1,4
17679,179.80625,1,12
17680,77.0,1,7
17681,173.22847222222222,1,1
17682,350.15694444444443,1,3
17683,119.81041666666667,1,6
17684,42.53472222222222,0,10
17685,77.0,1,2
17686,77.0,1,6
17687,77.0,1,10
17688,77.0,1,11
17689,77.0,1,8
17690,118.91041666666666,1,2
17691,77.0,1,6
17692,312.0472222222222,1,6
17693,77.0,1,7
17694,128.07986111111111,1,5
17695,77.0,1,1
17696,441.69652777777776,1,12
17697,77.0,1,4
17698,77.0,1,3
17699,77.0,1,5
17700,434.1791666666667,1,12
17701,77.0,1,4
17702,94.04583333333333,1,11
17703,77.0,1,10
17704,148.00833333333333,1,4
17705,77.0,1,5
17706,77.00277777777778,1,1
17707,77.0,1,12
17708,97.8638888888889,1,10
17709,88.97361111111111,1,4
17710,77.0,1,10
17711,77.0,1,2
17712,43.480555555555554,0,10
17713,243.3034722222222,1,6
17714,165.90902777777777,1,7
17715,77.0,1,4
17716,77.0,1,12
17717,77.0,1,10
17718,77.0,1,3
17719,254.52152777777778,0,3
17720,288.03125,1,5
17721,77.0,1,2
17722,128.0875,1,11
17723,77.0,1,11
17724,137.44027777777777,0,7
17725,266.17569444444445,0,3
17726,107.00625,1,1
17727,14.2875,0,11
17728,126.03611111111111,1,9
17729,77.0,1,4
17730,588.5083333333333,0,4
17731,124.00416666666666,1,2
17732,192.03333333333333,1,8
17733,77.0,1,3
17734,111.9173611111111,1,3
17735,496.44097222222223,0,7
17736,112.39375,0,8
17737,57.3875,0,10
17738,161.2173611111111,1,3
17739,476.19930555555555,1,12
17740,206.02083333333334,1,1
17741,77.0,1,5
17742,387.07430555555555,1,12
17743,77.0,1,9
17744,207.13333333333333,1,11
17745,77.0,1,6
17746,77.0,1,4
17747,77.0,1,8
17748,77.0,1,6
17749,77.0,1,6
17750,163.34444444444443,0,6
17751,77.0,1,10
17752,77.0,1,12
17753,77.0,1,1
17754,208.83055555555555,1,12
17756,95.97638888888889,1,11
17757,694.3361111111111,0,1
17758,77.0,1,5
17759,77.0,1,5
17760,98.96458333333334,1,2
17761,31.56736111111111,0,11
17762,77.0,1,9
17763,82.95972222222223,1,2
17764,77.0,1,12
17765,77.0,1,9
17766,77.00833333333334,1,11
17767,77.0,1,10
17768,134.14444444444445,1,12
17769,201.0236111111111,1,1
17770,160.95763888888888,1,3
17771,77.0,1,4
17772,77.0,1,11
17773,77.0,1,1
17774,112.82916666666667,1,2
17775,77.0,1,3
17776,77.0,1,12
17777,99.39236111111111,0,8
17778,77.0,1,2
17779,142.48680555555555,0,7
17780,94.09861111111111,1,1
17781,77.0,1,3
17782,77.05,1,11
17783,77.0,1,7
17784,77.0,1,6
17785,77.0,1,5
17786,77.0,1,1
17787,143.91180555555556,1,12
17788,128.55694444444444,0,8
17789,77.0,1,2
17790,134.06458333333333,1,6
17791,28.49375,0,11
17792,88.05694444444444,1,8
17793,24.4,0,11
17794,78.9173611111111,1,1
17795,77.0,1,3
17796,184.96180555555554,1,10
17797,232.89305555555555,1,12
17798,77.0,1,5
17799,703.94375,1,12
17800,333.4236111111111,0,1
17801,77.0,1,1
17802,77.02152777777778,1,12
17803,77.0,1,11
17804,77.0,1,12
17805,77.0,1,4
17806,10.408333333333333,0,11
17807,77.0,1,1
17808,109.7625,1,5
17809,179.74722222222223,1,12
17810,92.01458333333333,1,1
17811,444.525,0,9
17812,77.0,1,6
17813,70.33541666666666,0,9
17814,124.0125,1,10
17815,77.0,1,11
17816,142.93472222222223,1,12
17817,120.95972222222223,1,10
17818,77.0,1,12
17819,219.84652777777777,1,12
17820,77.0,1,11
17821,77.0,1,10
17822,77.04722222222222,1,5
17823,77.00694444444444,1,10
17824,50.40694444444444,0,10
17825,77.00486111111111,1,12
17826,77.0,1,11
17827,77.0,1,3
17828,152.0222222222222,1,6
17829,77.0,1,2
17830,104.06180555555555,1,2
17831,32.36875,0,11
17832,48.511805555555554,0,10
17833,77.0,1,12
17834,107.85902777777778,1,9
17835,22.3125,0,11
17836,46.324305555555554,0,10
17837,162.30277777777778,0,6
17838,227.2861111111111,1,3
17839,41.27291666666667,0,10
17840,77.0,1,9
17841,736.3465277777777,0,12
17842,77.0,1,4
17843,77.0,1,10
17844,77.0,1,8
17845,98.09444444444445,1,5
17846,77.0,1,9
17847,77.0,1,3
17848,561.1368055555556,1,12
17849,77.00138888888888,1,3
17850,439.12430555555557,1,12
17851,119.9173611111111,1,12
17852,83.92708333333333,1,12
17853,77.0,1,12
17854,77.0,1,12
17855,77.0,1,12
17856,125.06458333333333,1,3
17857,77.0,1,3
17858,549.0284722222223,1,12
17859,77.0,1,2
17860,77.00416666666666,1,12
17861,208.09791666666666,1,12
17862,77.0,1,5
17863,77.0,1,2
17864,119.01041666666667,1,10
17865,737.5493055555555,0,12
17866,77.0,1,12
17867,132.14513888888888,1,12
17868,77.0,1,11
17869,77.0,1,6
17870,91.85625,1,11
17871,77.0,1,1
17872,77.0,1,11
17873,426.98819444444445,1,12
17874,147.06180555555557,1,3
17875,77.0,1,1
17876,149.87569444444443,1,2
17877,77.0,1,6
17878,77.00138888888888,1,11
17879,77.0,1,6
17880,77.0,1,12
17881,77.0,1,2
17882,77.00347222222223,1,11
17883,77.0,1,2
17884,135.85416666666666,1,12
17885,11.38888888888889,0,11
17886,77.0,1,4
17887,77.0,1,8
17888,477.8409722222222,1,12
17889,77.0,1,3
17890,115.83819444444444,1,12
17891,77.0,1,6
17892,77.0,1,7
17893,77.0,1,4
17894,261.025,1,8
17895,43.291666666666664,0,10
17896,22.417361111111113,0,11
17897,140.89583333333334,1,5
17898,77.0,1,5
17899,77.0,1,7
17900,77.00694444444444,1,6
17901,77.00763888888889,1,7
17902,77.0,1,6
17903,77.0,1,11
17904,20.460416666666667,0,11
17905,226.82569444444445,1,1
17906,77.0,1,4
17907,77.0,1,3
17908,77.0,1,12
17909,77.0,1,12
17910,77.0,1,12
17911,8.380555555555556,0,11
17912,142.0222222222222,1,11
17913,91.89027777777778,1,12
17914,2.501388888888889,0,12
17915,77.0,1,6
17916,77.0,1,12
17917,77.0,1,12
17918,81.89652777777778,1,7
17919,77.0,1,9
17920,495.2368055555556,1,12
17921,209.97152777777777,1,7
17922,77.0,1,6
17923,93.98819444444445,1,6
17924,189.97291666666666,1,10
17925,77.0,1,12
17926,77.0,1,5
17927,77.0,1,12
17928,77.0,1,5
17929,77.0,1,12
17930,328.90833333333336,1,3
17931,340.8673611111111,1,2
17932,114.86180555555555,1,5
17933,77.0,1,3
17934,77.0,1,10
17935,77.0,1,12
17936,4.436111111111111,0,12
17937,181.81458333333333,1,12
17938,77.0,1,10
17939,77.0,1,7
17940,242.96805555555557,1,12
17941,188.74027777777778,1,1
17942,6.552083333333333,0,12
17944,77.0,1,10
17945,77.00486111111111,1,1
17946,103.10138888888889,1,3
17947,36.454861111111114,0,11
17948,77.0,1,7
17949,736.5368055555556,0,12
17950,77.0,1,1
17951,122.90277777777777,1,10
17952,77.00555555555556,1,6
17953,77.0,1,6
17954,255.97916666666666,1,12
17955,86.78819444444444,1,2
17956,77.0,1,4
17957,65.37638888888888,0,10
17958,77.0,1,12
17959,77.0,1,4
17960,77.0,1,3
17961,737.3833333333333,0,12
17962,77.0,1,1
17963,77.0,1,1
17964,77.0,1,12
17965,549.8854166666666,1,12
17966,175.86805555555554,1,1
17967,121.91666666666667,1,10
17968,77.0,1,7
17969,307.96875,1,12
17970,77.0,1,5
17971,77.0,1,6
17972,77.0,1,4
17973,50.55972222222222,0,10
17974,102.72291666666666,1,10
17975,489.525,0,8
17976,77.0,1,12
17977,77.0,1,11
17978,111.01666666666667,1,12
17979,77.02291666666666,1,3
17980,111.04722222222222,1,11
17981,77.0,1,10
17982,77.0,1,1
17983,77.0,1,11
17984,77.0,1,12
17985,21.4,0,11
17986,55.40138888888889,0,10
17987,77.0,1,6
17988,86.0736111111111,1,12
17989,77.0,1,11
17990,77.0,1,12
17991,77.0,1,4
17992,77.0,1,11
17993,77.0,1,4
17994,189.96180555555554,1,3
17995,81.98125,1,11
17996,77.00277777777778,1,6
17997,163.2722222222222,0,6
17998,77.87152777777777,1,12
17999,89.08402777777778,1,11
18000,77.0,1,5
18001,77.0,1,12
18002,77.0,1,12
18003,77.0,1,11
18004,77.0,1,12
18005,46.388888888888886,0,10
18006,77.0,1,12
18007,77.0,1,11
18008,364.0784722222222,1,1
18009,187.07708333333332,1,2
18010,77.0,1,3
18011,77.0,1,5
18012,77.0,1,12
18013,77.00208333333333,1,7
18014,27.355555555555554,0,11
18015,3.3826388888888888,0,12
18016,77.0,1,1
18017,77.0,1,10
18018,98.19930555555555,1,10
18019,50.49305555555556,0,10
18020,77.0,1,6
18021,79.67013888888889,1,7
18022,77.0,1,6
18024,77.00833333333334,1,7
18025,132.9986111111111,1,3
18026,81.7611111111111,1,7
18027,77.0,1,9
18028,77.0,1,5
18029,77.0,1,3
18030,41.420138888888886,0,10
18031,77.0,1,11
18032,77.0,1,1
18033,64.27222222222223,0,10
18034,77.0,1,11
18035,77.00277777777778,1,11
18036,108.09652777777778,1,12
18037,265.0701388888889,1,12
18038,77.0,1,6
18039,176.96944444444443,1,3
18040,77.0,1,4
18041,693.5805555555555,0,1
18042,77.0,1,6
18043,77.0,1,12
18044,98.03194444444445,1,5
18045,44.453472222222224,0,10
18046,77.0,1,2
18047,77.00972222222222,1,11
18048,77.0,1,8
18049,77.0,1,4
18050,110.94027777777778,1,11
18051,173.0701388888889,1,12
18052,77.0,1,5
18053,78.9625,1,6
18054,77.0,1,11
18055,198.9763888888889,1,10
18056,77.0,1,3
18057,77.0,1,1
18058,77.0,1,2
18059,66.60416666666667,0,10
18060,77.0,1,5
18061,734.5166666666667,0,12
18062,77.0,1,4
18063,77.0,1,3
18064,307.025,1,2
18065,623.8520833333333,1,12
18066,105.93472222222222,1,10
18067,39.334722222222226,0,10
18068,77.0,1,2
18069,167.98888888888888,1,2
18070,77.0,1,2
18071,90.16041666666666,1,12
18072,77.0,1,6
18073,159.76666666666668,1,5
18074,77.0,1,7
18075,497.50902777777776,0,7
18076,77.0,1,11
18077,179.1576388888889,1,12
18078,77.0,1,3
18079,77.0,1,8
18080,77.0,1,4
18081,132.50277777777777,0,7
18082,24.46875,0,11
18083,77.0,1,11
18084,82.31805555555556,1,11
18085,77.0,1,3
18086,77.0,1,3
18087,211.05069444444445,1,12
18088,60.42986111111111,0,10
18089,77.0,1,9
18090,77.0,1,10
18091,77.0,1,4
18092,152.02708333333334,1,12
18093,99.15277777777777,1,3
18094,77.0,1,1
18095,97.80208333333333,1,4
18096,147.975,1,7
18097,77.0,1,12
18098,77.0,1,11
18099,77.0,1,8
18100,77.0,1,6
18101,77.0,1,2
18102,737.6083333333333,0,12
18103,77.0,1,6
18104,36.41180555555555,0,11
18105,36.49722222222222,0,11
18106,121.09652777777778,1,1
18107,77.0,1,9
18108,77.0,1,12
18109,525.4909722222222,0,7
18110,77.0,1,10
18111,77.0,1,4
18112,77.0,1,6
18113,77.0,1,12
18114,77.0,1,2
18115,77.0,1,1
18116,254.03125,1,10
18117,24.46736111111111,0,11
18118,380.43333333333334,0,11
18119,77.0,1,12
18120,77.0,1,5
18121,82.02708333333334,1,7
18122,149.51597222222222,0,7
18123,77.0,1,7
18124,77.0,1,8
18125,97.94791666666667,1,1
18126,59.486805555555556,0,10
18127,77.0,1,11
18128,77.0,1,6
18129,77.0,1,4
18130,56.334722222222226,0,10
18131,77.0,1,3
18132,77.0,1,7
18133,77.0,1,5
18134,77.0,1,1
18135,195.9611111111111,1,3
18136,119.00486111111111,1,9
18137,77.02291666666666,1,6
18138,77.0,1,2
18139,17.4125,0,11
18140,77.0,1,8
18141,77.0,1,4
18142,135.03333333333333,1,5
18143,102.05763888888889,1,7
18144,77.0,1,12
18145,104.90833333333333,1,12
18146,77.0,1,5
18147,107.48472222222222,0,8
18148,77.0,1,3
18149,77.0,1,3
18150,138.20555555555555,1,5
18151,164.05277777777778,1,3
18152,77.0,1,3
18153,77.0,1,2
18154,77.0,1,8
18155,77.0,1,2
18156,77.0,1,12
18157,77.0,1,5
18158,77.0,1,9
18159,77.0,1,2
18160,77.0,1,11
18161,203.68541666666667,1,11
18162,77.0,1,12
18163,77.0,1,5
18164,36.46111111111111,0,11
18165,77.0,1,6
18166,77.0,1,3
18167,104.51388888888889,0,8
18168,637.0777777777778,1,12
18169,59.4875,0,10
18170,135.9326388888889,1,1
18171,149.18402777777777,1,1
18172,418.2263888888889,1,12
18173,77.0,1,4
18174,77.0,1,4
18175,77.0,1,2
18176,77.0,1,12
18177,77.0,1,12
18178,426.98819444444445,1,2
18179,77.0,1,2
18180,141.62569444444443,0,7
18181,77.0,1,12
18182,77.0,1,9
18183,124.22083333333333,1,3
18184,14.355555555555556,0,11
18185,77.0,1,4
18186,77.0,1,12
18187,77.0,1,3
18188,103.94027777777778,1,3
18189,77.0,1,3
18190,190.90277777777777,1,12
18191,77.0,1,8
18192,70.58819444444444,0,9
18193,138.95277777777778,1,9
18194,215.9701388888889,1,1
18195,77.0,1,11
18196,77.0,1,3
18197,77.0,1,5
18198,335.43125,0,1
18199,77.0,1,1
18200,77.0,1,8
18201,77.0,1,12
18202,77.0,1,2
18203,77.0,1,12
18204,77.0,1,5
18205,73.49861111111112,0,9
18206,77.0,1,6
18207,77.0,1,7
18208,77.0,1,5
18209,27.49513888888889,0,11
18210,77.0,1,11
18211,77.0,1,3
18212,77.0,1,1
18213,77.0,1,4
18214,100.64861111111111,1,6
18215,77.0,1,3
18216,30.29513888888889,0,11
18217,89.86666666666666,1,7
18218,140.89375,1,2
18219,77.0,1,12
18220,77.0,1,12
18221,77.0,1,11
18222,77.0,1,9
18223,734.4861111111111,0,12
18224,77.0,1,3
18225,734.2972222222222,0,12
18226,77.0,1,3
18227,77.0,1,8
18228,78.55,0,9
18229,123.95208333333333,1,12
18230,77.0,1,7
18231,369.0861111111111,1,1
18232,192.8048611111111,1,5
18233,77.0,1,1
18234,77.0,1,6
18235,77.0,1,5
18236,77.0,1,4
18237,133.45486111111111,0,7
18238,77.0,1,7
18239,281.1020833333333,1,10
18240,45.454166666666666,0,10
18241,77.0,1,4
18242,77.0,1,1
18243,77.0,1,10
18244,149.03125,1,7
18245,216.85555555555555,1,3
18246,77.0,1,4
18247,77.0,1,3
18248,140.87569444444443,1,6
18249,16.37013888888889,0,11
18250,77.0,1,2
18251,77.0,1,12
18252,249.84166666666667,1,12
18253,77.0,1,3
18254,77.0,1,5
18255,77.0,1,9
18256,77.0,1,11
18257,77.0,1,2
18258,185.11458333333334,1,5
18259,128.33402777777778,1,12
18260,77.0,1,12
18261,94.60138888888889,0,9
18262,77.0,1,4
18263,77.0,1,4
18264,77.0,1,7
18265,77.0,1,7
18266,77.0,1,10
18267,77.0,1,2
18268,214.22222222222223,1,12
18269,77.0,1,12
18270,77.0,1,10
18271,77.0,1,12
18272,174.07222222222222,1,3
18273,77.0,1,4
18274,29.289583333333333,0,11
18275,77.0,1,12
18276,77.0,1,12
18277,77.00069444444445,1,8
18278,77.0,1,10
18279,77.0,1,7
18280,77.0,1,11
18281,77.0,1,5
18282,77.0,1,8
18283,113.83680555555556,1,2
18284,77.0,1,10
18285,77.0,1,2
18286,77.0,1,12
18287,77.0,1,5
